+0001.0000000000000009,+0000.0000000000000000,+0000.0000000000000000,+0000.0000000000000000,+0000.0000000000000000
+0000.9997495251844729,+0000.0000500926205904,+0000.0002003671360233,+0000.0000000050196519,+0000.0000000100392619
+0000.9989984118939048,+0000.0002002801493728,+0000.0008010670734469,+0000.0000000802953194,+0000.0000001605879568
+0000.9977475930739548,+0000.0004502917548038,+0000.0018008962002259,+0000.0000004063338526,+0000.0000008126371637
+0000.9959986218937642,+0000.0007996766087346,+0000.0031978511610127,+0000.0000012835026729,+0000.0000025668338160
+0000.9937536691389590,+0000.0012478047219300,+0000.0049891328487077,+0000.0000031313147952,+0000.0000062619756090
+0000.9910155195687175,+0000.0017938681115662,+0000.0071711519815576,+0000.0000064874298834,+0000.0000129729082759
+0000.9877875672437680,+0000.0024368822984824,+0000.0097395362547576,+0000.0000120063733638,+0000.0000240078296287
+0000.9840738098340911,+0000.0031756881313336,+0000.0126891390523930,+0000.0000204579761850,+0000.0000409050059978
+0000.9798788419170419,+0000.0040089539341705,+0000.0160140497024656,+0000.0000327255383853,+0000.0000654289079374
+0000.9752078472784901,+0000.0049351779733546,+0000.0197076052546972,+0000.0000498037201824,+0000.0000995657732763
+0000.9700665902314606,+0000.0059526912391102,+0000.0237624037577789,+0000.0000727961648561,+0000.0001455186067947
+0000.9644614059685854,+0000.0070596605364158,+0000.0281703190097750,+0000.0001029128582359,+0000.0002057016269880
+0000.9583991899665136,+0000.0082540918793480,+0000.0329225167524597,+0000.0001414672301415,+0000.0002827341715378
+0000.9518873864621752,+0000.0095338341824137,+0000.0380094722775166,+0000.0001898730036467,+0000.0003794340742484
+0000.9449339760225622,+0000.0108965832418457,+0000.0434209894097272,+0000.0002496407985496,+0000.0004988105273159
+0000.9375474622313721,+0000.0123398859992759,+0000.0491462208295378,+0000.0003223744959326,+0000.0006440564438821
+0000.9297368575174970,+0000.0138611450796780,+0000.0551736896947679,+0000.0004097673711803,+0000.0008185403368773
+0000.9215116681519872,+0000.0154576235949361,+0000.0614913125186055,+0000.0005135980032950,+0000.0010257977311770
+0000.9128818784416109,+0000.0171264502039036,+0000.0680864232585919,+0000.0006357259688082,+0000.0012695221270861
+0000.9038579341486923,+0000.0188646244193212,+0000.0749457985688521,+0000.0007780873290230,+0000.0015535555341120
+0000.8944507251682792,+0000.0206690221515035,+0000.0820556841655666,+0000.0009426899197463,+0000.0018818785949049
+0000.8846715674951410,+0000.0225364014782468,+0000.0894018222534266,+0000.0011316084530757,+0000.0022586003201105
+0000.8745321845143554,+0000.0244634086299905,+0000.0969694799587471,+0000.0013469794411891,+0000.0026879474557182
+0000.8640446876505372,+0000.0264465841788512,+0000.1047434787128890,+0000.0015909959524536,+0000.0031742535052696
+0000.8532215564118868,+0000.0284823694197726,+0000.1127082245277853,+0000.0018659022105151,+0000.0037219474300409
+0000.8420756178664379,+0000.0305671129316595,+0000.1208477391035458,+0000.0021739880473553,+0000.0043355420510017
+0000.8306200255888121,+0000.0326970773060413,+0000.1291456917065302,+0000.0025175832216055,+0000.0050196221770115
+0000.8188682381168506,+0000.0348684460304813,+0000.1375854317546764,+0000.0028990516136889,+0000.0057788324843034
+0000.8068339969583223,+0000.0370773305136694,+0000.1461500220455243,+0000.0033207853096207,+0000.0066178651728639
+0000.7945313041887445,+0000.0393197772388636,+0000.1548222725610547,+0000.0037851985855297,+0000.0075414474258081
+0000.7819743996820622,+0000.0415917750321136,+0000.1635847747823476,+0000.0042947218051780,+0000.0085543286982989
+0000.7691777380166029,+0000.0438892624314827,+0000.1724199364460238,+0000.0048517952429421,+0000.0096612678629492
+0000.7561559650992873,+0000.0462081351432975,+0000.1813100166735535,+0000.0054588628448788,+0000.0108670202389834
+0000.7429238945515573,+0000.0485442535713004,+0000.1902371614037836,+0000.0061183659406418,+0000.0121763245327176
+0000.7294964839008528,+0000.0508934504044460,+0000.1991834390584321,+0000.0068327369191230,+0000.0135938897171464
+0000.7158888106218581,+0000.0532515382489764,+0000.2081308763697904,+0000.0076043928807828,+0000.0151243818785930
+0000.7021160480718853,+0000.0556143172903358,+0000.2170614942995913,+0000.0084357292796926,+0000.0167724110584954
+0000.6881934413649595,+0000.0579775829704384,+0000.2259573439777878,+0000.0093291135683527,+0000.0185425181184621
+0000.6741362832292239,+0000.0603371336657743,+0000.2348005425899236,+0000.0102868788583541,+0000.0204391616567245
+0000.6599598898921872,+0000.0626887783518621,+0000.2435733091419335,+0000.0113113176099429,+0000.0224667050040747
+0000.6456795770383539,+0000.0650283442395699,+0000.2522580000313372,+0000.0124046753634994,+0000.0246294033272401
+0000.6313106358834331,+0000.0673516843689071,+0000.2608371443542754,+0000.0135691445258807,+0000.0269313908675042
+0000.6168683094091314,+0000.0696546851459735,+0000.2692934788782732,+0000.0148068582244820,+0000.0293766683421405
+0000.6023677688021152,+0000.0719332738088709,+0000.2776099826113055,+0000.0161198842417549,+0000.0319690905359537
+0000.5878240901403018,+0000.0741834258085278,+0000.2857699108985080,+0000.0175102190427773,+0000.0347123541098855
+0000.5732522313690688,+0000.0764011720905589,+0000.2937568289788193,+0000.0189797819083007,+0000.0376099856532528
+0000.5586670096094022,+0000.0785826062644845,+0000.3015546449348674,+0000.0205304091855110,+0000.0406653300057356
+0000.5440830788391947,+0000.0807238916468616,+0000.3091476419706653,+0000.0221638486685245,+0000.0438815388747544
+0000.5295149079882836,+0000.0828212681651179,+0000.3165205099529106,+0000.0238817541203911,+0000.0472615597732972
+0000.5149767594868256,+0000.0848710591091693,+0000.3236583761532026,+0000.0256856799481230,+0000.0508081253026799
+0000.5004826683056757,+0000.0868696777182058,+0000.3305468351300574,+0000.0275770760419830,+0000.0545237428040786
+0000.4860464215265514,+0000.0888136335903364,+0000.3371719776912279,+0000.0295572827899433,+0000.0584106844019413
+0000.4716815384785269,+0000.0906995389031555,+0000.3435204188787251,+0000.0316275262779136,+0000.0624709774616793
+0000.4574012514763406,+0000.0925241144336524,+0000.3495793249208102,+0000.0337889136859747,+0000.0667063954832225
+0000.4432184871947557,+0000.0942841953662826,+0000.3553364390972759,+0000.0360424288904875,+0000.0711184494511987
+0000.4291458487119217,+0000.0959767368784377,+0000.3607801064664734,+0000.0383889282815559,+0000.0757083796616117
+0000.4151955982533410,+0000.0975988194929791,+0000.3658992974047874,+0000.0408291368049108,+0000.0804771480439821
+0000.4013796406666298,+0000.0991476541879714,+0000.3706836299115890,+0000.0433636442368591,+0000.0854254309969509
+0000.3877095076558227,+0000.1006205872542029,+0000.3751233906351398,+0000.0459929017004883,+0000.0905536127543464
+0000.3741963428023831,+0000.1020151048916010,+0000.3792095545774415,+0000.0487172184308711,+0000.0958617792977038
+0000.3608508873985734,+0000.1033288375361343,+0000.3829338034386247,+0000.0515367587965242,+0000.1013497128301440
+0000.3476834671172195,+0000.1045595639093320,+0000.3862885425641405,+0000.0544515395838866,+0000.1070168868254218
+0000.3347039795401676,+0000.1057052147830893,+0000.3892669164608048,+0000.0574614275510882,+0000.1128624616648506
+0000.3219218825660889,+0000.1067638764529794,+0000.3918628228505358,+0000.0605661372567525,+0000.1188852808736439
+0000.3093461837165145,+0000.1077337939138582,+0000.3940709252335302,+0000.0637652291690534,+0000.1250838679670442
+0000.2969854303572189,+0000.1086133737321302,+0000.3958866639355476,+0000.0670581080597028,+0000.1314564239154010
+0000.2848477008501850,+0000.1094011866096274,+0000.3973062656169893,+0000.0704440216870117,+0000.1380008252361867
+0000.2729405966496774,+0000.1100959696346551,+0000.3983267512244543,+0000.0739220597715853,+0000.1447146227196283
+0000.2612712353539344,+0000.1106966282163619,+0000.3989459423685681,+0000.0774911532676736,+0000.1515950407934623
+0000.2498462447222018,+0000.1112022376992068,+0000.3991624661149641,+0000.0811500739326173,+0000.1586389775310104
+0000.2386717576648841,+0000.1116120446549110,+0000.3989757581784342,+0000.0848974341962531,+0000.1658430053055179
+0000.2277534082126807,+0000.1119254678499109,+0000.3983860645134248,+0000.0887316873315665,+0000.1732033720924176
+0000.2170963284686485,+0000.1121420988869499,+0000.3973944412972101,+0000.0926511279272984,+0000.1807160034198934
+0000.2067051465451935,+0000.1122617025200813,+0000.3960027533052640,+0000.0966538926626249,+0000.1883765049668366
+0000.1965839854860639,+0000.1122842166429776,+0000.3942136706815109,+0000.1007379613834507,+0000.1961801658059972
+0000.1867364631714735,+0000.1122097519510778,+0000.3920306641093239,+0000.1049011584792693,+0000.2041219622888560
+0000.1771656932026066,+0000.1120385912787293,+0000.3894579983922961,+0000.1091411545589464,+0000.2121965625674219
+0000.1678742867596611,+0000.1117711886131022,+0000.3865007244569185,+0000.1134554684232784,+0000.2203983317470404
+0000.1588643554260631,+0000.1114081677872819,+0000.3831646697925160,+0000.1178414693314281,+0000.2287213376627112
+0000.1501375149690471,+0000.1109503208555635,+0000.3794564273467251,+0000.1222963795580350,+0000.2371593572706297
+0000.1416948900654762,+0000.1103986061545632,+0000.3753833428980264,+0000.1268172772369542,+0000.2457058836449803
+0000.1335371199595579,+0000.1097541460543925,+0000.3709535009297212,+0000.1314010994872307,+0000.2543541335690981
+0000.1256643650374659,+0000.1090182244047096,+0000.3661757090327783,+0000.1360446458162592,+0000.2630970557087873
+0000.1180763143020479,+0000.1081922836810585,+0000.3610594808678670,+0000.1407445817945789,+0000.2719273393544482
+0000.1107721937290588,+0000.1072779218374750,+0000.3556150177197442,+0000.1454974429962158,+0000.2808374237175066
+0000.1037507754846438,+0000.1062768888719010,+0000.3498531886799545,+0000.1502996391979731,+0000.2898195077655278
+0000.0970103879821287,+0000.1051910831114909,+0000.3437855094965137,+0000.1551474588305636,+0000.2988655605793032
+0000.0905489267545791,+0000.1040225472254389,+0000.3374241201319170,+0000.1600370736739702,+0000.3079673322140952
+0000.0843638661178979,+0000.1027734639734457,+0000.3307817610732620,+0000.1649645437890290,+0000.3171163650463656
+0000.0784522715979717,+0000.1014461516984932,+0000.3238717484410076,+0000.1699258226765698,+0000.3263040055859581
+0000.0728108130934985,+0000.1000430595730150,+0000.3167079479448558,+0000.1749167626553265,+0000.3355214167333044
+0000.0674357787451984,+0000.0985667626080850,+0000.3093047477380581,+0000.1799331204490036,+0000.3447595904596553
+0000.0623230894802880,+0000.0970199564356317,+0000.3016770302230820,+0000.1849705629728873,+0000.3540093608881112
+0000.0574683142001891,+0000.0954054518741529,+0000.2938401428641425,+0000.1900246733096430,+0000.3632614177518728
+0000.0528666855779769,+0000.0937261692888045,+0000.2858098680637334,+0000.1950909568638260,+0000.3725063202056596
+0000.0485131164310221,+0000.0919851327570970,+0000.2776023921623460,+0000.2001648476841315,+0000.3817345109654038
+0000.0444022166331675,+0000.0901854640518317,+0000.2692342736222208,+0000.2052417149421598,+0000.3909363307506207
+0000.0405283105297609,+0000.0883303764532175,+0000.2607224104576371,+0000.2103168695561274,+0000.4001020330032575
+0000.0368854548179465,+0000.0864231684024513,+0000.2520840069757735,+0000.2153855709476657,+0000.4092217988561633
+0000.0334674568536824,+0000.0844672170092887,+0000.2433365398934039,+0000.2204430339196631,+0000.4182857523239624
+0000.0302678933463096,+0000.0824659714264899,+0000.2344977238962764,+0000.2254844356426813,+0000.4272839756882432
+0000.0272801294005643,+0000.0804229461041318,+0000.2255854767086177,+0000.2305049227375567,+0000.4362065250491298
+0000.0244973378655610,+0000.0783417139371477,+0000.2166178837418335,+0000.2354996184412348,+0000.4450434460142235
+0000.0219125189494548,+0000.0762258993194912,+0000.2076131623916255,+0000.2404636298431327,+0000.4537847894962962
+0000.0195185200582825,+0000.0740791711186295,+0000.1985896260541790,+0000.2453920551787459,+0000.4624206275901634
+0000.0173080558168703,+0000.0719052355840748,+0000.1895656479319492,+0000.2502799911675302,+0000.4709410694995758
+0000.0152737282295791,+0000.0697078292038727,+0000.1805596247005997,+0000.2551225403816200,+0000.4793362774843288
+0000.0134080469383295,+0000.0674907115229973,+0000.1715899401085449,+0000.2599148186321585,+0000.4875964827979703
+0000.0117034495352722,+0000.0652576579376562,+0000.1626749285808937,+0000.2646519623597944,+0000.4957120015863836
+0000.0101523218874176,+0000.0630124524795766,+0000.1538328388995706,+0000.2693291360159892,+0000.5036732507174463
+0000.0087470184305556,+0000.0607588806042603,+0000.1450817980311325,+0000.2739415394217651,+0000.5114707635122869
+0000.0074798823899862,+0000.0585007219973008,+0000.1364397751738660,+0000.2784844150904718,+0000.5190952053483756
+0000.0063432658856978,+0000.0562417434126218,+0000.1279245460947997,+0000.2829530555014236,+0000.5265373891054572
+0000.0053295498800365,+0000.0539856915566134,+0000.1195536578273744,+0000.2873428103110523,+0000.5337882904249238
+0000.0044311639261846,+0000.0517362860318306,+0000.1113443937991271,+0000.2916490934886619,+0000.5408390627541961
+0000.0036406056763257,+0000.0494972123539750,+0000.1033137394586135,+0000.2958673903636683,+0000.5476810521474179
+0000.0029504601088358,+0000.0472721150555449,+0000.0954783484691726,+0000.2999932645717173,+0000.5543058117947297
+0000.0023534184345308,+0000.0450645908894787,+0000.0878545095365841,+0000.3040223648869402,+0000.5607051162524668
+0000.0018422966426708,+0000.0428781821458406,+0000.0804581139361147,+0000.3079504319280584,+0000.5668709753473159
+0000.0014100536482137,+0000.0407163700943318,+0000.0733046238031324,+0000.3117733047261648,+0000.5727956477281576
+0000.0010498090026866,+0000.0385825685652530,+0000.0664090412502198,+0000.3154869271422662,+0000.5784716540395749
+0000.0007548601319535,+0000.0364801176810829,+0000.0597858783716739,+0000.3190873541230393,+0000.5838917896922506
+0000.0005186990651969,+0000.0344122777507271,+0000.0534491281950807,+0000.3225707577834318,+0000.5890491372055637
+0000.0003350286204836,+0000.0323822233379425,+0000.0474122366372598,+0000.3259334333051944,+0000.5939370780991200
+0000.0001977780134599,+0000.0303930375152926,+0000.0416880755204462,+0000.3291718046406513,+0000.5985493043101505
+0000.0001011178569145,+0000.0284477063144040,+0000.0362889167019964,+0000.3322824300115079,+0000.6028798291151777
+0000.0000394745202478,+0000.0265491133830882,+0000.0312264073692194,+0000.3352620071927422,+0000.6069229975347027
+0000.0000075438192119,+0000.0247000348592851,+0000.0265115465481880,+0000.3381073785721977,+0000.6106734962011177
+0000.0000003040076990,+0000.0229031344715139,+0000.0221546628734569,+0000.3408155359767131,+0000.6141263626706175
+0000.0000130280448038,+0000.0211609588749058,+0000.0181653936627412,+0000.3433836252562961,+0000.6172769941612535
+0000.0000412951119018,+0000.0194759332315427,+0000.0145526653383976,+0000.3458089506180873,+0000.6201211557000710
+0000.0000810013560421,+0000.0178503570432209,+0000.0113246752346398,+0000.3480889787024866,+0000.6226549876636110
+0000.0001283698375630,+0000.0162864002443641,+0000.0084888748269478,+0000.3502213423942216,+0000.6248750126969038
+0000.0001799596614894,+0000.0147860995621523,+0000.0060519544170973,+0000.3522038443616636,+0000.6267781419975978
+0000.0002326742739623,+0000.0133513551505424,+0000.0040198293046375,+0000.3540344603182070,+0000.6283616809526510
+0000.0002837689066819,+0000.0119839275041572,+0000.0023976274724923,+0000.3557113420000432,+0000.6296233341166259
+0000.0003308571541058,+0000.0106854346576034,+0000.0011896788116036,+0000.3572328198552083,+0000.6305612095214793
+0000.0003719166699414,+0000.0094573496750665,+0000.0003995059063364,+0000.3585974054393082,+0000.6311738223093480
+0000.0004052939712869,+0000.0083009984345830,+0000.0000298163994527,+0000.3598037935139056,+0000.6314600976807722
+0000.0004297083406219,+0000.0072175577106782,+0000.0000824969522467,+0000.3608508638440699,+0000.6314193731523838
+0000.0004442548177097,+0000.0062080535585737,+0000.0005586088123868,+0000.3617376826922157,+0000.6310514001191146
+0000.0004484062753512,+0000.0052733600024747,+0000.0014583849987993,+0000.3624635040058622,+0000.6303563447175130
+0000.0004420145748219,+0000.0044141980298974,+0000.0027812291097933,+0000.3630277702975631,+0000.6293347879879245
+0000.0004253107987205,+0000.0036311348933861,+0000.0045257157573976,+0000.3634301132158455,+0000.6279877253346505
+0000.0003989045608595,+0000.0029245837203114,+0000.0066895926277471,+0000.3636703538065023,+0000.6263165652845800
+0000.0003637823947364,+0000.0022948034309006,+0000.0092697841640735,+0000.3637485024642841,+0000.6243231275460057
+0000.0003213052240159,+0000.0017418989639671,+0000.0122623968657869,+0000.3636647585754676,+0000.6220096403707631
+0000.0002732049203563,+0000.0012658218092627,+0000.0156627261938077,+0000.3634195098525240,+0000.6193787372240497
+0000.0002215799557884,+0000.0008663708447097,+0000.0194652650693355,+0000.3630133313625005,+0000.6164334527676663
+0000.0001688901587270,+0000.0005431934762204,+0000.0236637139498903,+0000.3624469842515028,+0000.6131772181636599
+0000.0001179505845439,+0000.0002957870771684,+0000.0282509924636143,+0000.3617214141680156,+0000.6096138557066580
+0000.0000719245134612,+0000.0001235007240217,+0000.0332192525794758,+0000.3608377493885891,+0000.6057475727944526
+0000.0000343155903219,+0000.0000255372240362,+0000.0385598932882643,+0000.3597972986497420,+0000.6015829552476358
+0000.0000089591225737,+0000.0000009554303516,+0000.0442635767661252,+0000.3586015486906797,+0000.5971249599902702
+0000.0000000125545389,+0000.0000486728392578,+0000.0503202459894794,+0000.3572521615118211,+0000.5923789071049033
+0000.0000119451377503,+0000.0001674684638476,+0000.0567191437673708,+0000.3557509713547291,+0000.5873504712763026
+0000.0000495268187958,+0000.0003559859777287,+0000.0634488331545059,+0000.3540999814095213,+0000.5820456726394487
+0000.0001178163677410,+0000.0006127371219432,+0000.0704972192054778,+0000.3523013602563478,+0000.5764708670484905
+0000.0002221487717697,+0000.0009361053677190,+0000.0778515720279416,+0000.3503574380480413,+0000.5706327357845288
+0000.0003681219202172,+0000.0013243498271910,+0000.0854985510902685,+0000.3482707024414188,+0000.5645382747209050
+0000.0005615826086370,+0000.0017756094037278,+0000.0934242307362367,+0000.3460437942853720,+0000.5581947829660270
+0000.0008086118909726,+0000.0022879071730585,+0000.1016141268575113,+0000.3436795030740405,+0000.5516098510044174
+0000.0011155098102546,+0000.0028591549859141,+0000.1100532246717876,+0000.3411807621741244,+0000.5447913483579198
+0000.0014887795395583,+0000.0034871582824997,+0000.1187260075528303,+0000.3385506438354706,+0000.5377474107896415
+0000.0019351109661867,+0000.0041696211086838,+0000.1276164868562201,+0000.3357923539947213,+0000.5304864270741882
+0000.0024613637532151,+0000.0049041513234038,+0000.1367082326827143,+0000.3329092268820235,+0000.5230170253586436
+0000.0030745499136410,+0000.0056882659864239,+0000.1459844055193562,+0000.3299047194412560,+0000.5153480591393231
+0000.0037818159334189,+0000.0065193969152369,+0000.1554277886967393,+0000.3267824055744388,+0000.5074885928801663
+0000.0045904244806183,+0000.0073948963995745,+0000.1650208215991390,+0000.3235459702213984,+0000.4994478872992701
+0000.0055077357388167,+0000.0083120430616745,+0000.1747456335626223,+0000.3201992032860930,+0000.4912353843507938
+0000.0065411884036885,+0000.0092680478502212,+0000.1845840783953326,+0000.3167459934210549,+0000.4828606919297032
+0000.0076982803824248,+0000.0102600601555599,+0000.1945177694522145,+0000.3131903216819432,+0000.4743335683278578
+0000.0089865492363455,+0000.0112851740336307,+0000.2045281151961296,+0000.3095362550641053,+0000.4656639064697893
+0000.0104135524075581,+0000.0123404345257896,+0000.2145963551755504,+0000.3057879399335895,+0000.4568617179575128
+0000.0119868472710845,+0000.0134228440615795,+0000.2247035963488978,+0000.3019495953648491,+0000.4479371169535894
+0000.0137139710542406,+0000.0145293689313166,+0000.2348308496844339,+0000.2980255063978306,+0000.4389003039321787
+0000.0156024206653804,+0000.0156569458152451,+0000.2449590669641663,+0000.2940200172271071,+0000.4297615493281016
+0000.0176596324743746,+0000.0168024883559224,+0000.2550691777198963,+0000.2899375243358528,+0000.4205311771139539
+0000.0198929620873527,+0000.0179628937604321,+0000.2651421262292687,+0000.2857824695875031,+0000.4112195483354438
+0000.0223096641582943,+0000.0191350494189612,+0000.2751589084994413,+0000.2815593332880231,+0000.4018370446352805
+0000.0249168722800329,+0000.0203158395262652,+0000.2851006091660070,+0000.2772726272317416,+0000.3923940517959537
+0000.0277215789971583,+0000.0215021516925652,+0000.2949484382350482,+0000.2729268877436595,+0000.3829009433315692
+0000.0307306159831276,+0000.0226908835304563,+0000.3046837675965025,+0000.2685266687311177,+0000.3733680641587965
+0000.0339506344236034,+0000.0238789492044657,+0000.3142881672373500,+0000.2640765347576812,+0000.3638057143769001
+0000.0373880856476513,+0000.0250632859299707,+0000.3237434410836372,+0000.2595810541520651,+0000.3542241331866758
+0000.0410492020480993,+0000.0262408604083544,+0000.3330316624013978,+0000.2550447921646581,+0000.3446334829774907
+0000.0449399783317430,+0000.0274086751853716,+0000.3421352086870396,+0000.2504723041842516,+0000.3350438336115943
+0000.0490661531394957,+0000.0285637749198811,+0000.3510367959788402,+0000.2458681290273706,+0000.3254651469344125
+0000.0534331910759309,+0000.0297032525503036,+0000.3597195125224036,+0000.2412367823123747,+0000.3159072615389876
+0000.0580462651869166,+0000.0308242553463855,+0000.3681668517241706,+0000.2365827499303308,+0000.3063798778121968
+0000.0629102399231585,+0000.0319239908340811,+0000.3763627443283694,+0000.2319104816244447,+0000.2968925432899467
+0000.0680296546265477,+0000.0329997325816352,+0000.3842915897543022,+0000.2272243846896336,+0000.2874546383478816
+0000.0734087075752629,+0000.0340488258352533,+0000.3919382865325917,+0000.2225288178034720,+0000.2780753622534206
+0000.0790512406225289,+0000.0350686929930585,+0000.3992882617807523,+0000.2178280849994508,+0000.2687637196042098
+0000.0849607244627559,+0000.0360568389063657,+0000.4063274996602472,+0000.2131264297932460,+0000.2595285071773855
+0000.0911402445575196,+0000.0370108559976557,+0000.4130425687591178,+0000.2084280294724011,+0000.2503783012133062
+0000.0975924877527889,+0000.0379284291850453,+0000.4194206483466329,+0000.2037369895592790,+0000.2413214451562543
+0000.1043197296172778,+0000.0388073406034171,+0000.4254495534483317,+0000.1990573384569539,+0000.2323660378740199
+0000.1113238225304497,+0000.0396454741128010,+0000.4311177586922089,+0000.1943930222872905,+0000.2235199223772503
+0000.1186061845473083,+0000.0404408195850517,+0000.4364144208792510,+0000.1897478999300088,+0000.2147906750583806
+0000.1261677890656195,+0000.0411914769603163,+0000.4413294002340107,+0000.1851257382710872,+0000.2061855954689667
+0000.1340091553195885,+0000.0418956600652531,+0000.4458532802934169,+0000.1805302076684797,+0000.1977116966532622
+0000.1421303397223900,+0000.0425517001854571,+0000.4499773863946894,+0000.1759648776426874,+0000.1893756960547764
+0000.1505309280783879,+0000.0431580493850536,+0000.4536938027260268,+0000.1714332127991594,+0000.1811840070113726
+0000.1592100286841875,+0000.0437132835669477,+0000.4569953879065049,+0000.1669385689890951,+0000.1731427308532648
+0000.1681662663358613,+0000.0442161052677277,+0000.4598757890644828,+0000.1624841897146673,+0000.1652576496172612
+0000.1773977772579101,+0000.0446653461817799,+0000.4623294543867340,+0000.1580732027842812,+0000.1575342193892951
+0000.1869022049677218,+0000.0450599694097186,+0000.4643516441135433,+0000.1537086172228983,+0000.1499775642861182
+0000.1966766970878001,+0000.0453990714268131,+0000.4659384399581037,+0000.1493933204417952,+0000.1425924710854881
+0000.2067179031154309,+0000.0456818837676346,+0000.4670867529314328,+0000.1451300756719668,+0000.1353833845135355
+0000.2170219731583183,+0000.0459077744237535,+0000.4677943295573659,+0000.1409215196644518,+0000.1283544031961108
+0000.2275845576425048,+0000.0460762489518914,+0000.4680597564652167,+0000.1367701606605016,+0000.1215092762798858
+0000.2384008079969782,+0000.0461869512905196,+0000.4678824633508608,+0000.1326783766339610,+0000.1148514007276810
+0000.2494653783174196,+0000.0462396642834939,+0000.4672627243002316,+0000.1286484138076701,+0000.1083838192911852
+0000.2607724280097347,+0000.0462343099099085,+0000.4662016574724061,+0000.1246823854450934,+0000.1021092191628578
+0000.2723156254120829,+0000.0461709492199531,+0000.4647012231426486,+0000.1207822709178440,+0000.0960299313074715
+0000.2840881523920825,+0000.0460497819771467,+0000.4627642201090106,+0000.1169499150492280,+0000.0901479304725325
+0000.2960827099139455,+0000.0458711460079364,+0000.4603942804692598,+0000.1131870277334226,+0000.0844648358754360
+0000.3082915245683814,+0000.0456355162602219,+0000.4575958627781656,+0000.1094951838292640,+0000.0789819125639677
+0000.3207063560566404,+0000.0453435035729652,+0000.4543742435981838,+0000.1058758233270019,+0000.0737000734452091
+0000.3333185056172063,+0000.0449958531596455,+0000.4507355074599487,+0000.1023302517861118,+0000.0686198819770881
+0000.3461188253827452,+0000.0445934428088827,+0000.4466865352518970,+0000.0988596410414043,+0000.0637415555150713
+0000.3590977286526500,+0000.0441372808061310,+0000.4422349910615038,+0000.0954650301742682,+0000.0590649693054474
+0000.3722452010646999,+0000.0436285035809119,+0000.4373893074936315,+0000.0921473267453577,+0000.0545896611153992
+0000.3855508126475364,+0000.0430683730846168,+0000.4321586694945034,+0000.0889073082845186,+0000.0503148364888251
+0000.3990037307340400,+0000.0424582739044521,+0000.4265529967126857,+0000.0857456240331980,+0000.0462393746156247
+0000.4125927337139826,+0000.0417997101196291,+0000.4205829244313166,+0000.0826627969340780,+0000.0423618348009940
+0000.4263062256025205,+0000.0410943019064272,+0000.4142597831086673,+0000.0796592258622165,+0000.0386804635201689
+0000.4401322513994622,+0000.0403437818992806,+0000.4075955765668401,+0000.0767351880915089,+0000.0351932020429086
+0000.4540585132126787,+0000.0395499913155187,+0000.4006029588710766,+0000.0738908419897938,+0000.0318976946109325
+0000.4680723871179703,+0000.0387148758518563,+0000.3932952099444389,+0000.0711262299354029,+0000.0287912971503319
+0000.4821609407251234,+0000.0378404813612371,+0000.3856862099656659,+0000.0684412814477178,+0000.0258710865002562
+0000.4963109514195702,+0000.0369289493190364,+0000.3777904125998351,+0000.0658358165236792,+0000.0231338701378798
+0000.5105089252472171,+0000.0359825120880637,+0000.3696228171139926,+0000.0633095491718588,+0000.0205761963788682
+0000.5247411164086937,+0000.0350034879922383,+0000.3611989394320669,+0000.0608620911353698,+0000.0181943650316315
+0000.5389935473280445,+0000.0339942762091683,+0000.3525347821855158,+0000.0584929557944567,+0000.0159844384828150
+0000.5532520292597072,+0000.0329573514922646,+0000.3436468038180802,+0000.0562015622393182,+0000.0139422531906305
+0000.5675021833970422,+0000.0318952587333007,+0000.3345518868045821,+0000.0539872395032582,+0000.0120634315618172
+0000.5817294624434680,+0000.0308106073767624,+0000.3252673050461241,+0000.0518492309461890,+0000.0103433941874570
+0000.5959191726076056,+0000.0297060656975191,+0000.3158106905048884,+0000.0497866987779713,+0000.0087773724120157
+0000.6100564959819371,+0000.0285843549537114,+0000.3061999991438524,+0000.0477987287109986,+0000.0073604212095010
+0000.6241265132646870,+0000.0274482434269209,+0000.2964534762374282,+0000.0458843347310261,+0000.0060874323399382
+0000.6381142267826201,+0000.0263005403620218,+0000.2865896211211368,+0000.0440424639752239,+0000.0049531477589978
+0000.6520045837730907,+0000.0251440898192229,+0000.2766271514486409,+0000.0422720017060504,+0000.0039521732529956
+0000.6657824998821305,+0000.0239817644510467,+0000.2665849670261380,+0000.0405717763694868,+0000.0030789922711987
+0000.6794328828358650,+0000.0228164592170855,+0000.2564821132942057,+0000.0389405647259212,+0000.0023279799269228
+0000.6929406562409164,+0000.0216510850495941,+0000.2463377445287898,+0000.0373770970419861,+0000.0016934171387140
+0000.7062907834701277,+0000.0204885624830093,+0000.2361710868328394,+0000.0358800623314415,+0000.0011695048825824
+0000.7194682915897299,+0000.0193318152605317,+0000.2260014009905405,+0000.0344481136330872,+0000.0007503785261111
+0000.7324582952829292,+0000.0181837639310767,+0000.2158479452570340,+0000.0330798733137992,+0000.0004301222151616
+0000.7452460207260800,+0000.0170473194497849,+0000.2057299381557705,+0000.0317739383845732,+0000.0002027832837917
+0000.7578168293726689,+0000.0159253767953843,+0000.1956665213563314,+0000.0305288858175907,+0000.0000623866580252
+0000.7701562416013836,+0000.0148208086175620,+0000.1856767227046828,+0000.0293432778522261,+0000.0000029492241461
+0000.7822499601835714,+0000.0137364589275663,+0000.1757794194784477,+0000.0282156672780978,+0000.0000184941323176
+0000.7940838935268515,+0000.0126751368450611,+0000.1659933019384085,+0000.0271446026832049,+0000.0001030650064743
+0000.8056441786511249,+0000.0116396104142242,+0000.1563368372475996,+0000.0261286336553811,+0000.0002507400316707
+0000.8169172038545521,+0000.0106326005018707,+0000.1468282338278874,+0000.0251663159253388,+0000.0004556458903516
+0000.8278896310264390,+0000.0096567747903135,+0000.1374854062240968,+0000.0242562164398135,+0000.0007119715193377
+0000.8385484175659386,+0000.0087147418773781,+0000.1283259405435767,+0000.0233969183533831,+0000.0010139816597239
+0000.8488808378650736,+0000.0078090454958594,+0000.1193670605389316,+0000.0225870259278088,+0000.0013560301723273
+0000.8588745043159071,+0000.0069421588644328,+0000.1106255943999159,+0000.0218251693279230,+0000.0017325730918218
+0000.8685173878027760,+0000.0061164791817370,+0000.1021179423189274,+0000.0211100093032942,+0000.0021381813932660
+0000.8777978376405930,+0000.0053343222751519,+0000.0938600448936931,+0000.0204402417452504,+0000.0025675534453123
+0000.8867046009222147,+0000.0045979174153749,+0000.0858673524283405,+0000.0198146021090070,+0000.0030155271250634
+0000.8952268412382072,+0000.0039094023076541,+0000.0781547951928652,+0000.0192318696910415,+0000.0034770915702323
+0000.9033541567341896,+0000.0032708182701056,+0000.0707367546985726,+0000.0186908717520966,+0000.0039473985450360
+0000.9110765974713120,+0000.0026841056092561,+0000.0636270360457841,+0000.0181904874766243,+0000.0044217733970242
+0000.9183846820575706,+0000.0021510992024636,+0000.0568388413973034,+0000.0177296517597491,+0000.0048957255829140
+0000.9252694135183768,+0000.0016735242965227,+0000.0503847446294469,+0000.0173073588132808,+0000.0053649587423734
+0000.9317222943767849,+0000.0012529925312735,+0000.0442766672096514,+0000.0169226655826449,+0000.0058253802996460
+0000.9377353409145898,+0000.0008909981966310,+0000.0385258553478757,+0000.0165746949670616,+0000.0062731105738427
+0000.9433010965875881,+0000.0005889147309458,+0000.0331428584659971,+0000.0162626388357030,+0000.0067044913797663
+0000.9484126445698191,+0000.0003479914681186,+0000.0281375090269119,+0000.0159857608329824,+0000.0071160941021683
+0000.9530636194027986,+0000.0001693506404265,+0000.0235189037627423,+0000.0157433989666434,+0000.0075047272273896
+0000.9572482177280093,+0000.0000539846434614,+0000.0192953863383288,+0000.0155349679727247,+0000.0078674433174764
+0000.9609612080821994,+0000.0000027535690805,+0000.0154745314837394,+0000.0153599614520079,+0000.0082015454129733
+0000.9641979397371622,+0000.0000163830117112,+0000.0120631306263482,+0000.0152179537730017,+0000.0085045928517771
+0000.9669543505670535,+0000.0000954621528157,+0000.0090671790504625,+0000.0151086017370710,+0000.0087744064925979
+0000.9692269739285375,+0000.0002404421277475,+0000.0064918646091222,+0000.0150316460017852,+0000.0090090733328082
+0000.9710129445406279,+0000.0004516346786640,+0000.0043415580099139,+0000.0149869122591188,+0000.0092069505116759
+0000.9723100033531883,+0000.0007292110965904,+0000.0026198046933646,+0000.0149743121656292,+0000.0093666686912282
+0000.9731165013947290,+0000.0010732014551310,+0000.0013293183195840,+0000.0149938440223078,+0000.0094871348082491
+0000.9734314025922791,+0000.0014834941377408,+0000.0004719758754720,+0000.0150455932023112,+0000.0095675341921976
+0000.9732542855579536,+0000.0019598356598922,+0000.0000488144117141,+0000.0151297323253322,+0000.0096073320451087
+0000.9725853443387455,+0000.0025018307868347,+0000.0000600294156566,+0000.0152465211779266,+0000.0096062742808371
+0000.9714253881281280,+0000.0031089429470954,+0000.0005049748228489,+0000.0153963063796358,+0000.0095643877222923
+0000.9697758399399470,+0000.0037804949412212,+0000.0013821646668929,+0000.0155795207953163,+0000.0094819796566232
+0000.9676387342470227,+0000.0045156699447226,+0000.0026892763640379,+0000.0157966826946212,+0000.0093596367495963
+0000.9650167135889168,+0000.0053135128035047,+0000.0044231556257256,+0000.0160483946601323,+0000.0091982233217211
+0000.9619130241551724,+0000.0061729316195577,+0000.0065798229891418,+0000.0163353422461765,+0000.0089988789899519
+0000.9583315103523693,+0000.0070926996240194,+0000.0091544819526142,+0000.0166582923909050,+0000.0087630156800927
+0000.9542766083650717,+0000.0080714573342155,+0000.0121415286996760,+0000.0170180915847522,+0000.0084923140162852
+0000.9497533387229119,+0000.0091077149906051,+0000.0155345633923288,+0000.0174156637989115,+0000.0081887190952432
+0000.9447672978877338,+0000.0101998552690731,+0000.0193264030110905,+0000.0178520081779830,+0000.0078544356541204
+0000.9393246488764814,+0000.0113461362634431,+0000.0235090957164679,+0000.0183281965014852,+0000.0074919226421229
+0000.9334321109376882,+0000.0125446947324555,+0000.0280739367032569,+0000.0188453704193915,+0000.0071038872072087
+0000.9270969483007899,+0000.0137935496050224,+0000.0330114855164499,+0000.0194047384673744,+0000.0066932781103639
+0000.9203269580195850,+0000.0150906057369381,+0000.0383115847944300,+0000.0200075728679083,+0000.0062632785811391
+0000.9131304569324435,+0000.0164336579118342,+0000.0439633804026400,+0000.0206552061238673,+0000.0058172986292156
+0000.9055162677641028,+0000.0178203950785103,+0000.0499553429177785,+0000.0213490274116824,+0000.0053589668279265
+0000.8974937043949185,+0000.0192484048164374,+0000.0562752904203676,+0000.0220904787815997,+0000.0048921215866770
+0000.8890725563254697,+0000.0207151780206311,+0000.0629104125506349,+0000.0228810511729839,+0000.0044208019302808
+0000.8802630723653891,+0000.0222181137967895,+0000.0698472957805812,+0000.0237222802530501,+0000.0039492378041906
+0000.8710759435774423,+0000.0237545245569740,+0000.0770719498522102,+0000.0246157420877632,+0000.0034818399256110
+0000.8615222855087218,+0000.0253216413058395,+0000.0845698353300232,+0000.0255630486540515,+0000.0030231892013647
+0000.8516136197420767,+0000.0269166191070005,+0000.0923258922137932,+0000.0265658432028628,+0000.0025780257342674
+0000.8413618548028511,+0000.0285365427186586,+0000.1003245695550022,+0000.0276257954828556,+0000.0021512374406332
+0000.8307792664563852,+0000.0301784323873769,+0000.1085498560190243,+0000.0287445968349245,+0000.0017478483022897
+0000.8198784774333369,+0000.0318392497884855,+0000.1169853113329219,+0000.0299239551680105,+0000.0013730062772458
+0000.8086724366209553,+0000.0335159041012966,+0000.1256140985569724,+0000.0311655898269206,+0000.0010319708938556
+0000.7971743977588561,+0000.0352052582070881,+0000.1344190171168989,+0000.0324712263632074,+0000.0007301005539499
+0000.7853978976797067,+0000.0369041349974391,+0000.1433825365315382,+0000.0338425912202802,+0000.0004728395710365
+0000.7733567341352808,+0000.0386093237803559,+0000.1524868307699475,+0000.0352814063442254,+0000.0002657049701906
+0000.7610649432490506,+0000.0403175867714200,+0000.1617138131707667,+0000.0367893837320116,+0000.0001142730767516
+0000.7485367766379646,+0000.0420256656569072,+0000.1710451718549092,+0000.0383682199288156,+0000.0000241659214039
+0000.7357866782458670,+0000.0437302882157508,+0000.1804624055623519,+0000.0400195904864536,+0000.0000010374895771
+0000.7228292609314494,+0000.0454281749871163,+0000.1899468598429718,+0000.0417451443950183,+0000.0000505598434448
+0000.7096792828549687,+0000.0471160459701099,+0000.1994797635300384,+0000.0435464984998097,+0000.0001784091450738
+0000.6963516237072108,+0000.0487906273421930,+0000.2090422654252575,+0000.0454252319158518,+0000.0003902516094874
+0000.6828612608250541,+0000.0504486581827850,+0000.2186154711233448,+0000.0473828804522475,+0000.0006917294165690
+0000.6692232452381789,+0000.0520868971884441,+0000.2281804799039028,+0000.0494209310586461,+0000.0010884466108285
+0000.6554526776908416,+0000.0537021293661522,+0000.2377184216187046,+0000.0515408163061861,+0000.0015859550181157
+0000.6415646846838097,+0000.0552911726910850,+0000.2472104935017018,+0000.0537439089150802,+0000.0021897402083237
+0000.6275743945804798,+0000.0568508847154038,+0000.2566379968299525,+0000.0560315163410919,+0000.0029052075330723
+0000.6134969138210197,+0000.0583781691147506,+0000.2659823733639031,+0000.0584048754330784,+0000.0037376682672487
+0000.5993473032890532,+0000.0598699821590478,+0000.2752252414953247,+0000.0608651471735228,+0000.0046923258830519
+0000.5851405548741174,+0000.0613233390944669,+0000.2843484320324424,+0000.0634134115139968,+0000.0057742624849770
+0000.5708915682726556,+0000.0627353204236492,+0000.2933340235524503,+0000.0660506623173449,+0000.0069884254339003
+0000.5566151280708231,+0000.0641030780712405,+0000.3021643772519041,+0000.0687778024180386,+0000.0083396141879940
+0000.5423258811505342,+0000.0654238414222191,+0000.3108221712272271,+0000.0715956388121490,+0000.0098324673878713
+0000.5280383144602347,+0000.0666949232206347,+0000.3192904341182313,+0000.0745048779880437,+0000.0114714502128562
+0000.5137667331911128,+0000.0679137253166020,+0000.3275525780488919,+0000.0775061214086586,+0000.0132608420347350
+0000.4995252393978928,+0000.0690777442498324,+0000.3355924308013361,+0000.0805998611560688,+0000.0152047243948706
+0000.4853277111036812,+0000.0701845766580820,+0000.3433942671599000,+0000.0837864757485474,+0000.0173069693297899
+0000.4711877819263236,+0000.0712319244993881,+0000.3509428393643092,+0000.0870662261401838,+0000.0195712280697957
+0000.4571188212626547,+0000.0722176000773147,+0000.3582234066127543,+0000.0904392519128163,+0000.0220009201344603
+0000.4431339150668893,+0000.0731395308586569,+0000.3652217635570610,+0000.0939055676694592,+0000.0245992228479341
+0000.4292458472571938,+0000.0739957640736382,+0000.3719242677346021,+0000.0974650596382362,+0000.0273690612963300
+0000.4154670817832352,+0000.0747844710889803,+0000.3783178658837065,+0000.1011174824954668,+0000.0303130987486118
+0000.4018097453871556,+0000.0755039515445500,+0000.3843901190910939,+0000.1048624564158811,+0000.0334337275613199
+0000.3882856110878253,+0000.0761526372449970,+0000.3901292267226141,+0000.1086994643578107,+0000.0367330605867532
+0000.3749060824174738,+0000.0767290957979820,+0000.3955240490908345,+0000.1126278495905943,+0000.0402129231031159
+0000.3616821784382968,+0000.0772320339913115,+0000.4005641288153342,+0000.1166468134709528,+0000.0438748452841052
+0000.3486245195643854,+0000.0776603009017159,+0000.4052397108345230,+0000.1207554134748320,+0000.0477200552245441
+0000.3357433142138796,+0000.0780128907284618,+0000.4095417610300077,+0000.1249525614903720,+0000.0517494725372791
+0000.3230483463136319,+0000.0782889453456682,+0000.4134619834275781,+0000.1292370223774413,+0000.0559637025356809
+0000.3105489636769872,+0000.0784877565676482,+0000.4169928359417095,+0000.1336074127986766,+0000.0603630310149788
+0000.2982540672744411,+0000.0786087681221562,+0000.4201275446330524,+0000.1380622003261523,+0000.0649474196441983
+0000.2861721014142563,+0000.0786515773270542,+0000.4228601164515922,+0000.1425997028275533,+0000.0697165019795443
+0000.2743110448483495,+0000.0786159364664226,+0000.4251853504411368,+0000.1472180881352007,+0000.0746695801088909
+0000.2626784028177971,+0000.0785017538627848,+0000.4270988473835498,+0000.1519153740004055,+0000.0798056219354630
+0000.2512812000493777,+0000.0783090946426882,+0000.4285970178645372,+0000.1566894283354599,+0000.0851232591079372
+0000.2401259747133196,+0000.0780381811934405,+0000.4296770887457591,+0000.1615379697447774,+0000.0906207856027037
+0000.2292187733505081,+0000.0776893933095500,+0000.4303371080310864,+0000.1664585683461409,+0000.0962961569627151
+0000.2185651467749170,+0000.0772632680278175,+0000.4305759481182243,+0000.1714486468826734,+0000.1021469901963683
+0000.2081701469560910,+0000.0767604991508451,+0000.4303933074298197,+0000.1765054821251729,+0000.1081705643380716
+0000.1980383248837457,+0000.0761819364592251,+0000.4297897104215682,+0000.1816262065642149,+0000.1143638216712464
+0000.1881737294146725,+0000.0755285846132865,+0000.4287665059679364,+0000.1868078103908664,+0000.1207233696132383
+0000.1785799071009110,+0000.0748016017459712,+0000.4273258641292988,+0000.1920471437639346,+0000.1272454832598847
+0000.1692599029955040,+0000.0740022977489531,+0000.4254707713075260,+0000.1973409193614374,+0000.1339261085865796
+0000.1602162624301034,+0000.0731321322546831,+0000.4232050238001238,+0000.2026857152135302,+0000.1407608663015600
+0000.1514510337581087,+0000.0721927123178390,+0000.4205332197663582,+0000.2080779778128183,+0000.1477450563448761
+0000.1429657720529863,+0000.0711857897999498,+0000.4174607496216409,+0000.2135140254986268,+0000.1548736630267965
+0000.1347615437516846,+0000.0701132584618610,+0000.4139937848798230,+0000.2189900521100546,+0000.1621413607965774
+0000.1268389322298726,+0000.0689771507691049,+0000.4101392654659327,+0000.2245021309028400,+0000.1695425206322501
+0000.1191980442941569,+0000.0677796344158063,+0000.4059048855248537,+0000.2300462187244355,+0000.1770712170407480
+0000.1118385175751610,+0000.0665230085734931,+0000.4012990777545407,+0000.2356181604408255,+0000.1847212356559802
+0000.1047595288030274,+0000.0652096998714821,+0000.3963309962952467,+0000.2412136936084371,+0000.1924860814218070
+0000.0979598029452224,+0000.0638422581162393,+0000.3910104982087730,+0000.2468284533840628,+0000.2003589873457031
+0000.0914376231853507,+0000.0624233517575770,+0000.3853481235850195,+0000.2524579776647964,+0000.2083329238072567
+0000.0851908417195447,+0000.0609557631100206,+0000.3793550743154845,+0000.2580977124498920,+0000.2164006084050586
+0000.0792168913453268,+0000.0594423833381938,+0000.3730431915757029,+0000.2637430174161481,+0000.2245545163246286
+0000.0735127978172120,+0000.0578862072156541,+0000.3664249320621361,+0000.2693891716971235,+0000.2327868912078747
+0000.0680751929403796,+0000.0562903276667899,+0000.3595133430300178,+0000.2750313798573943,+0000.2410897565054188
+0000.0629003283737654,+0000.0546579301022124,+0000.3523220361823484,+0000.2806647780513790,+0000.2494549272902952
+0000.0579840901116552,+0000.0529922865581426,+0000.3448651604617792,+0000.2862844403566063,+0000.2578740225118169
+0000.0533220136117378,+0000.0512967496508967,+0000.3371573737991428,+0000.2918853852709117,+0000.2663384776673114
+0000.0489092995366629,+0000.0495747463579247,+0000.3292138138750748,+0000.2974625823622531,+0000.2748395578680848
+0000.0447408300746121,+0000.0478297716371310,+0000.3210500679525847,+0000.3030109590599106,+0000.2833683712757620
+0000.0408111858033275,+0000.0460653818966330,+0000.3126821418400867,+0000.3085254075755917,+0000.2919158828843615
+0000.0371146630613133,+0000.0442851883273553,+0000.3041264280468772,+0000.3140007919421715,+0000.3004729286222830
+0000.0336452917886500,+0000.0424928501112197,+0000.2953996731938881,+0000.3194319551580330,+0000.3090302297482097
+0000.0303968537989604,+0000.0406920675178088,+0000.2865189447438882,+0000.3248137264247768,+0000.3175784075145664
+0000.0273629014437512,+0000.0388865749028543,+0000.2775015971179152,+0000.3301409284650469,+0000.3261079980704328
+0000.0245367766288240,+0000.0370801336218079,+0000.2683652372637780,+0000.3354083849083756,+0000.3346094675772149
+0000.0219116301426001,+0000.0352765248722364,+0000.2591276897456667,+0000.3406109277314387,+0000.3430732275080584
+0000.0194804412551418,+0000.0334795424787192,+0000.2498069614235508,+0000.3457434047397724,+0000.3514896501028163
+0000.0172360375462701,+0000.0316929856341682,+0000.2404212057918971,+0000.3508006870778473,+0000.3598490839498176
+0000.0151711149209539,+0000.0299206516115640,+0000.2309886870486967,+0000.3557776767537993,+0000.3681418696649864
+0000.0132782577696267,+0000.0281663284602053,+0000.2215277439654834,+0000.3606693141655785,+0000.3763583556391064
+0000.0115499592308979,+0000.0264337877005373,+0000.2120567536294882,+0000.3654705856151353,+0000.3844889138239419
+0000.0099786415141092,+0000.0247267770317557,+0000.2025940951299781,+0000.3701765307968815,+0000.3925239555272760
+0000.0085566762389776,+0000.0230490130663471,+0000.1931581132601825,+0000.3747822502471381,+0000.4004539471873550
+0000.0072764047495952,+0000.0214041741055458,+0000.1837670823061058,+0000.3792829127412295,+0000.4082694260975239
+0000.0061301583603645,+0000.0197958929699579,+0000.1744391699945808,+0000.3836737626244150,+0000.4159610160506821
+0000.0051102784913116,+0000.0182277498990979,+0000.1651924016704443,+0000.3879501270639685,+0000.4235194428751783
+0000.0042091366508297,+0000.0167032655338250,+0000.1560446247744538,+0000.3921074232087052,+0000.4309355498321866
+0000.0034191542240562,+0000.0152258939953354,+0000.1470134736915331,+0000.3961411652431633,+0000.4382003128459123
+0000.0027328220255936,+0000.0137990160742051,+0000.1381163350384296,+0000.4000469713236314,+0000.4453048555381408
+0000.0021427195758610,+0000.0124259325428663,+0000.1293703134596137,+0000.4038205703830927,+0000.4522404640385668
+0000.0016415340609065,+0000.0111098576046334,+0000.1207921979984972,+0000.4074578087928179,+0000.4589986015431455
+0000.0012220789362232,+0000.0098539124920689,+0000.1123984291100413,+0000.4109546568683388,+0000.4655709225933281
+0000.0008773121359124,+0000.0086611192273760,+0000.1042050663800333,+0000.4143072152077368,+0000.4719492870489420
+0000.0006003538493417,+0000.0075343945570655,+0000.0962277570143650,+0000.4175117208506101,+0000.4781257737286184
+0000.0003845038283783,+0000.0064765440728212,+0000.0884817051599745,+0000.4205645532464434,+0000.4840926936923831
+0000.0002232581893078,+0000.0054902565303196,+0000.0809816421185623,+0000.4234622400210529,+0000.4898426031407578
+0000.0001103256745554,+0000.0045780983771018,+0000.0737417975106226,+0000.4262014625307523,+0000.4953683159069685
+0000.0000396433405220,+0000.0037425085004821,+0000.0667758714472491,+0000.4287790611935862,+0000.5006629155181611
+0000.0000053916390142,+0000.0029857932059106,+0000.0600970077639969,+0000.4311920405879004,+0000.5057197668031783
+0000.0000020088610291,+0000.0023101214357782,+0000.0537177683692459,+0000.4334375743086452,+0000.5105325270253022
+0000.0000242049129894,+0000.0017175202382868,+0000.0476501087576808,+0000.4355130095722787,+0000.5150951565187647
+0000.0000669743969039,+0000.0012098704954537,+0000.0419053547367431,+0000.4374158715616501,+0000.5194019288092497
+0000.0001256089673888,+0000.0007889029188365,+0000.0364941804114389,+0000.4391438675027087,+0000.5234474401996276
+0000.0001957089399731,+0000.0004561943211387,+0000.0314265874711737,+0000.4406948904652096,+0000.5272266188025051
+0000.0002731941266773,+0000.0002131641712044,+0000.0267118858185115,+0000.4420670228803150,+0000.5307347330032922
+0000.0003543138764450,+0000.0000610714394851,+0000.0223586755780239,+0000.4432585397683664,+0000.5339673993376800
+0000.0004356562996516,+0000.0000010117404593,+0000.0183748305205622,+0000.4442679116705253,+0000.5369205897688020
+0000.0005141566576125,+0000.0000339147779087,+0000.0147674829347707,+0000.4450938072787798,+0000.5395906383509288
+0000.0005871048997201,+0000.0001605420984156,+0000.0115430099757575,+0000.4457350957591488,+0000.5419742472669584
+0000.0006521523326111,+0000.0003814851578239,+0000.0087070215172631,+0000.4461908487634825,+0000.5440684922288198
+0000.0007073174075508,+0000.0006971637048334,+0000.0062643495308356,+0000.4464603421259394,+0000.5458708272308413
+0000.0007509906140376,+0000.0011078244852696,+0000.0042190390126968,+0000.4465430572407366,+0000.5473790886472597
+0000.0007819384694735,+0000.0016135402699713,+0000.0025743404756910,+0000.4464386821182355,+0000.5485914986666290
+0000.0007993065966100,+0000.0022142092086321,+0000.0013327040206313,+0000.4461471121172468,+0000.5495066680568801
+0000.0008026218823528,+0000.0029095545112479,+0000.0004957749984779,+0000.4456684503518041,+0000.5501235982561179
+0000.0007917937134043,+0000.0036991244582882,+0000.0000643912712537,+0000.4450030077713403,+0000.5504416827857139
+0000.0007671142861204,+0000.0045822927400046,+0000.0000385820767704,+0000.4441513029138948,+0000.5504607079832102
+0000.0007292579898637,+0000.0055582591246468,+0000.0004175684989157,+0000.4431140613323291,+0000.5501808530542451
+0000.0006792798650433,+0000.0066260504548309,+0000.0011997655420702,+0000.4418922146943974,+0000.5496026894436584
+0000.0006186131389360,+0000.0077845219705288,+0000.0023827858051206,+0000.4404868995579539,+0000.5487271795274612
+0000.0005490658442807,+0000.0090323589566241,+0000.0039634447473021,+0000.4388994558231599,+0000.5475556746286336
+0000.0004728165275285,+0000.0103680787123303,+0000.0059377675350476,+0000.4371314248643094,+0000.5460899123607845
+0000.0003924090555047,+0000.0117900328391090,+0000.0083009974557856,+0000.4351845473442465,+0000.5443320133053547
+0000.0003107465310991,+0000.0132964098431484,+0000.0110476058815878,+0000.4330607607151107,+0000.5422844770290542
+0000.0002310843304318,+0000.0148852380478945,+0000.0141713037626451,+0000.4307621964096581,+0000.5399501774493709
+0000.0001570222757646,+0000.0165543888113715,+0000.0176650546271143,+0000.4282911767279600,+0000.5373323575577901
+0000.0000924959601984,+0000.0183015800426744,+0000.0215210890614777,+0000.4256502114248343,+0000.5344346235108154
+0000.0000417672419589,+0000.0201243800112638,+0000.0257309206422489,+0000.4228419940039264,+0000.5312609381006022
+0000.0000094139277895,+0000.0220202114420999,+0000.0302853632868367,+0000.4198693977249517,+0000.5278156136183224
+0000.0000003186666376,+0000.0239863558893269,+0000.0351745499892883,+0000.4167354713310044,+0000.5241033041237434
+0000.0000196570764710,+0000.0260199583804040,+0000.0403879529030151,+0000.4134434345034320,+0000.5201289971366784
+0000.0000728851286398,+0000.0281180323222111,+0000.0459144047305290,+0000.4099966730523439,+0000.5158980047662765
+0000.0001657258157473,+0000.0302774646601732,+0000.0517421213775981,+0000.4063987338510935,+0000.5114159542953882
+0000.0003041551304819,+0000.0324950212808261,+0000.0578587258263627,+0000.4026533195237406,+0000.5066887782385890
+0000.0004943873842948,+0000.0347673526478484,+0000.0642512731799028,+0000.3987642828949796,+0000.5017227038929748
+0000.0007428598961986,+0000.0370909996612588,+0000.0709062768285916,+0000.3947356212120468,+0000.4965242424019045
+0000.0010562170832552,+0000.0394623997286867,+0000.0778097356854635,+0000.3905714701492315,+0000.4911001773533635
+0000.0014412939856069,+0000.0418778930376525,+0000.0849471624370675,+0000.3862760976053337,+0000.4854575529343398
+0000.0019050992600835,+0000.0443337290171330,+0000.0923036127532499,+0000.3818538973050440,+0000.4796036616644902
+0000.0024547976775069,+0000.0468260729762206,+0000.0998637153973697,+0000.3773093822159406,+0000.4735460317329627
+0000.0030976921599445,+0000.0493510129077567,+0000.1076117031778389,+0000.3726471777923178,+0000.4672924139621427
+0000.0038412053950571,+0000.0519045664440221,+0000.1155314446786801,+0000.3678720150581474,+0000.4608507684240938
+0000.0046928610656410,+0000.0544826879515290,+0000.1236064767063178,+0000.3629887235414604,+0000.4542292507350520
+0000.0056602647333109,+0000.0570812757517324,+0000.1318200373882418,+0000.3580022240724275,+0000.4474361980542879
+0000.0067510844159602,+0000.0596961794540039,+0000.1401550998573906,+0000.3529175214581884,+0000.4404801148144573
+0000.0079730308993576,+0000.0623232073871455,+0000.1485944064554822,+0000.3477396970474247,+0000.4333696582105903
+0000.0093338378238741,+0000.0649581341156531,+0000.1571205033876495,+0000.3424739011974841,+0000.4261136234753397
+0000.0108412415876763,+0000.0675967080263085,+0000.1657157757587194,+0000.3371253456580912,+0000.4187209289692050
+0000.0125029611083972,+0000.0702346589711681,+0000.1743624829224444,+0000.3316992958844534,+0000.4112006011135372
+0000.0143266774854725,+0000.0728677059524385,+0000.1830427940730791,+0000.3262010632936613,+0000.4035617591953490
+0000.0163200136055324,+0000.0754915648346420,+0000.1917388240082031,+0000.3206359974783978,+0000.3958136000732250
+0000.0184905137337085,+0000.0781019560698766,+0000.2004326689927088,+0000.3150094783910266,+0000.3879653828126798
+0000.0208456231334458,+0000.0806946124213348,+0000.2091064426518999,+0000.3093269085124886,+0000.3800264132808315
+0000.0233926677576432,+0000.0832652866706508,+0000.2177423118227882,+0000.3035937050195696,+0000.3720060287293487
+0000.0261388340538746,+0000.0858097592946188,+0000.2263225322925909,+0000.2978152919641713,+0000.3639135823947449
+0000.0290911489260978,+0000.0883238460966554,+0000.2348294843531062,+0000.2919970924787239,+0000.3557584281454170
+0000.0322564598951650,+0000.0908034057787164,+0000.2432457081005514,+0000.2861445210211689,+0000.3475499052043988
+0000.0356414155002087,+0000.0932443474394587,+0000.2515539384111613,+0000.2802629756729623,+0000.3392973229762094
+0000.0392524459821120,+0000.0956426379842488,+0000.2597371395222973,+0000.2743578305041767,+0000.3310099460071655
+0000.0430957442904265,+0000.0979943094333468,+0000.2677785391513388,+0000.2684344280182739,+0000.3226969791066142
+0000.0471772474540424,+0000.1002954661142914,+0000.2756616620842706,+0000.2624980716901889,+0000.3143675526572070
+0000.0515026183551881,+0000.1025422917248695,+0000.2833703631669055,+0000.2565540186107598,+0000.3060307081422777
+0000.0560772279461394,+0000.1047310562535170,+0000.2908888596340468,+0000.2506074722498433,+0000.2976953839164538
+0000.0609061379466943,+0000.1068581227439628,+0000.2982017627120548,+0000.2446635753509356,+0000.2893704012463529
+0000.0659940840594642,+0000.1089199538912932,+0000.3052941084317031,+0000.2387274029696660,+0000.2810644506478738
+0000.0713454597399179,+0000.1109131184571981,+0000.3121513875911722,+0000.2328039556675745,+0000.2727860785441377
+0000.0769643005557273,+0000.1128342974920067,+0000.3187595748085670,+0000.2268981528735852,+0000.2645436742701140
+0000.0828542691702173,+0000.1146802903520305,+0000.3251051566072393,+0000.2210148264237506,+0000.2563454574467625
+0000.0890186409826675,+0000.1164480205007160,+0000.3311751584778052,+0000.2151587142906323,+0000.2481994657481795
+0000.0954602904569055,+0000.1181345410826336,+0000.3369571708628497,+0000.2093344545129981,+0000.2401135430846135
+0000.1021816781691420,+0000.1197370402599276,+0000.3424393740133589,+0000.2035465793355962,+0000.2320953282219758
+0000.1091848386038367,+0000.1212528463010585,+0000.3476105616672213,+0000.1977995095690933,+0000.2241522438587905
+0000.1164713687248658,+0000.1226794324122363,+0000.3524601635025414,+0000.1920975491795933,+0000.2162914861807637
+0000.1240424173486940,+0000.1240144213025211,+0000.3569782663217419,+0000.1864448801163393,+0000.2085200149107040
+0000.1318986753438437,+0000.1252555894739667,+0000.3611556339240704,+0000.1808455573861084,+0000.2008445438720114
+0000.1400403666791939,+0000.1264008712286632,+0000.3649837256268611,+0000.1753035043825713,+0000.1932715320827109
+0000.1484672403434091,+0000.1274483623852805,+0000.3684547133993403,+0000.1698225084774650,+0000.1858071753945055
+0000.1571785631539338,+0000.1283963236979955,+0000.3715614975742533,+0000.1644062168811690,+0000.1784573986926488
+0000.1661731134744565,+0000.1292431839714984,+0000.3742977211066476,+0000.1590581327785728,+0000.1712278486688249
+0000.1754491758565987,+0000.1299875428661941,+0000.3766577823512126,+0000.1537816117463338,+0000.1641238871796611
+0000.1850045366197287,+0000.1306281733883407,+0000.3786368463326673,+0000.1485798584570395,+0000.1571505852022241
+0000.1948364803822151,+0000.1311640240605256,+0000.3802308544870525,+0000.1434559236747229,+0000.1503127173954844
+0000.2049417875544083,+0000.1315942207684287,+0000.3814365328543301,+0000.1384127015460580,+0000.1436147572767752
+0000.2153167328016329,+0000.1319180682804337,+0000.3822513987059394,+0000.1334529271911523,+0000.1370608730208420
+0000.2259570844849633,+0000.1321350514373248,+0000.3826737655942354,+0000.1285791745966326,+0000.1306549238868442
+0000.2368581050843432,+0000.1322448360099008,+0000.3827027468135640,+0000.1237938548136051,+0000.1244004572785875
+0000.2480145526064903,+0000.1322472692229473,+0000.3823382572660576,+0000.1190992144627804,+0000.1183007064417248
+0000.2594206829800929,+0000.1321423799447078,+0000.3815810137283621,+0000.1144973345473830,+0000.1123585887994546
+0000.2710702534357942,+0000.1319303785415777,+0000.3804325335186480,+0000.1099901295753031,+0000.1065767049286775
+0000.2829565268695912,+0000.1316116563983930,+0000.3788951315664451,+0000.1055793469901191,+0000.1009573381754521
+0000.2950722771844304,+0000.1311867851053399,+0000.3769719158909485,+0000.1012665669106614,+0000.0955024549086202
+0000.3074097956027865,+0000.1306565153131487,+0000.3746667814967690,+0000.0970532021783514,+0000.0902137054089447
+0000.3199608979427861,+0000.1300217752588247,+0000.3719844026989699,+0000.0929404987102811,+0000.0850924253891388
+0000.3327169328469217,+0000.1292836689648380,+0000.3689302238925070,+0000.0889295361559866,+0000.0801396381397472
+0000.3456687909504234,+0000.1284434741153320,+0000.3655104487844245,+0000.0850212288553861,+0000.0753560572944344
+0000.3588069149762790,+0000.1275026396134475,+0000.3617320281097716,+0000.0812163270940811,+0000.0707420902064212
+0000.3721213107403350,+0000.1264627828245252,+0000.3576026458555548,+0000.0775154186523335,+0000.0662978419272519
+0000.3856015590479566,+0000.1253256865105962,+0000.3531307040201496,+0000.0739189306434530,+0000.0620231197778450
+0000.3992368284644210,+0000.1240932954619660,+0000.3483253059377225,+0000.0704271316360272,+0000.0579174384998636
+0000.4130158889354112,+0000.1227677128325800,+0000.3431962382013234,+0000.0670401340551440,+0000.0539800259755417
+0000.4269271262371055,+0000.1213511961860342,+0000.3377539512195281,+0000.0637578968558189,+0000.0502098295015137
+0000.4409585572290468,+0000.1198461532600402,+0000.3320095384457800,+0000.0605802284626130,+0000.0466055226025204
+0000.4550978458848126,+0000.1182551374573808,+0000.3259747143210409,+0000.0575067899680480,+0000.0431655123687181
+0000.4693323200722619,+0000.1165808430720663,+0000.3196617909734857,+0000.0545370985823340,+0000.0398879472998525
+0000.4836489890538869,+0000.1148261002598825,+0000.3130836537213842,+0000.0516705313264268,+0000.0367707256384200
+0000.4980345616770692,+0000.1129938697629194,+0000.3062537354273656,+0000.0489063289597863,+0000.0338115041728600
+0000.5124754652213821,+0000.1110872373982830,+0000.2991859897550884,+0000.0462436001341228,+0000.0310077074911242
+0000.5269578648697851,+0000.1091094083215217,+0000.2918948633811072,+0000.0436813257636417,+0000.0283565376639449
+0000.5414676837695421,+0000.1070637010756753,+0000.2843952672165924,+0000.0412183636020658,+0000.0258549843361248
+0000.5559906236455260,+0000.1049535414375283,+0000.2767025466965753,+0000.0388534530164816,+0000.0234998352038892
+0000.5705121859304356,+0000.1027824560726258,+0000.2688324511947138,+0000.0365852199473183,+0000.0212876868549070
+0000.5850176933731126,+0000.1005540660112733,+0000.2608011026244400,+0000.0344121820438123,+0000.0192149559473625
+0000.5994923120851554,+0000.0982720799580951,+0000.2526249632890732,+0000.0323327539638788,+0000.0172778907037980
+0000.6139210739876766,+0000.0959402874476470,+0000.2443208030435192,+0000.0303452528267628,+0000.0154725826943950
+0000.6282888996151607,+0000.0935625518594845,+0000.2359056658338018,+0000.0284479038071178,+0000.0137949788844358
+0000.6425806212367310,+0000.0911428033057113,+0000.2273968356796593,+0000.0266388458582784,+0000.0122408939196202
+0000.6567810062518097,+0000.0886850314046824,+0000.2188118021679685,+0000.0249161375527686,+0000.0108060226227711
+0000.6708747808167236,+0000.0861932779547282,+0000.2101682255257608,+0000.0232777630277021,+0000.0094859526750857
+0000.6848466536602326,+0000.0836716295216227,+0000.2014839013412299,+0000.0217216380224397,+0000.0082761774544756
+0000.6986813400435399,+0000.0811242099540099,+0000.1927767250030101,+0000.0202456159959417,+0000.0071721090034989
+0000.7123635858201005,+0000.0785551728411126,+0000.1840646559286108,+0000.0188474943110381,+0000.0061690910991388
+0000.7258781915521442,+0000.0759686939268288,+0000.1753656816520928,+0000.0175250204726286,+0000.0052624123963059
+0000.7392100366387478,+0000.0733689634947278,+0000.1666977818425690,+0000.0162758984069419,+0000.0044473196170140
+0000.7523441034102186,+0000.0707601787384998,+0000.1580788923253253,+0000.0150977947688475,+0000.0037190307571090
+0000.7652655011458848,+0000.0681465361320124,+0000.1495268691757713,+0000.0139883452641109,+0000.0030727482822213
+0000.7779594899687886,+0000.0655322238137887,+0000.1410594529587825,+0000.0129451609736842,+0000.0025036722849565
+0000.7904115045746597,+0000.0629214139999931,+0000.1326942331832511,+0000.0119658346669245,+0000.0020070135751722
+0000.8026071777503964,+0000.0603182554404025,+0000.1244486130428164,+0000.0110479470908743,+0000.0015780066755110
+0000.8145323636378580,+0000.0577268659316992,+0000.1163397745131387,+0000.0101890732227390,+0000.0012119226945657
+0000.8261731607007983,+0000.0551513249019984,+0000.1083846438742005,+0000.0093867884727794,+0000.0009040820502235
+0000.8375159343516331,+0000.0525956660806756,+0000.1005998577265050,+0000.0086386748250046,+0000.0006498670161824
+0000.8485473391953704,+0000.0500638702674119,+0000.0930017295690065,+0000.0079423269032430,+0000.0004447340649688
+0000.8592543408503129,+0000.0475598582138248,+0000.0856062170044212,+0000.0072953579502562,+0000.0002842259811857
+0000.8696242373042689,+0000.0450874836311477,+0000.0784288896374792,+0000.0066954057078283,+0000.0001639837192762
+0000.8796446797659179,+0000.0426505263371944,+0000.0714848977302799,+0000.0061401381860155,+0000.0000797579805929
+0000.8893036929736884,+0000.0402526855551376,+0000.0647889416761311,+0000.0056272593099010,+0000.0000274204851427
+0000.8985896949226799,+0000.0378975733769668,+0000.0583552423537149,+0000.0051545144325788,+0000.0000029749140601
+0000.9074915159740023,+0000.0355887084035440,+0000.0521975124196365,+0000.0047196957033076,+0000.0000025674995103
+0000.9159984173102765,+0000.0333295095732004,+0000.0463289285969094,+0000.0043206472801258,+0000.0000224972394883
+0000.9241001087024038,+0000.0311232901904492,+0000.0407621050148202,+0000.0039552703765768,+0000.0000592257157507
+0000.9317867655551375,+0000.0289732521656896,+0000.0355090676527192,+0000.0036215281325085,+0000.0001093864939458
+0000.9390490451991460,+0000.0268824804766394,+0000.0305812299390282,+0000.0033174502993075,+0000.0001697940858797
+0000.9458781023986670,+0000.0248539378618411,+0000.0259893695543668,+0000.0030411377303673,+0000.0002374524547583
+0000.9522656040466912,+0000.0228904597557133,+0000.0217436064844771,+0000.0027907666679126,+0000.0003095630452063
+0000.9582037430190248,+0000.0209947494747505,+0000.0178533823675602,+0000.0025645928178346,+0000.0003835323208306
+0000.9636852511621681,+0000.0191693736634116,+0000.0143274411767100,+0000.0023609552045721,+0000.0004569787931387
+0000.9687034113903042,+0000.0174167580080682,+0000.0111738112764153,+0000.0021782797985568,+0000.0005277395266563
+0000.9732520688685192,+0000.0157391832268453,+0000.0083997888892246,+0000.0020150829092350,+0000.0005938761061767
+0000.9773256412617920,+0000.0141387813424165,+0000.0060119230054437,+0000.0018699743371475,+0000.0006536800532009
+0000.9809191280302879,+0000.0126175322444776,+0000.0040160017664376,+0000.0017416602790530,+0000.0007056776797442
+0000.9840281187533814,+0000.0111772605480788,+0000.0024170403490494,+0000.0016289459806278,+0000.0007486343688631
+0000.9866488004672257,+0000.0098196327531689,+0000.0012192703754174,+0000.0015307381317500,+0000.0007815582724385
+0000.9887779640019012,+0000.0085461547103647,+0000.0004261308698320,+0000.0014460469999521,+0000.0008037034179504
+0000.9904130093062123,+0000.0073581693973346,+0000.0000402607810848,+0000.0013739882981616,+0000.0008145722172073
+0000.9915519497504720,+0000.0062568550093820,+0000.0000634930855506,+0000.0013137847833737,+0000.0008139173712222
+0000.9921934153990398,+0000.0052432233674333,+0000.0004968504833430,+0000.0012647675834990,+0000.0008017431666856
+0000.9923366552465834,+0000.0043181186459514,+0000.0013405426965836,+0000.0012263772501533,+0000.0007783061607288
+0000.9919815384140163,+0000.0034822164225319,+0000.0025939653757586,+0000.0011981645357436,+0000.0007441152519503
+0000.9911285543018481,+0000.0027360230505824,+0000.0042557006168581,+0000.0011797908937716,+0000.0006999311369404
+0000.9897788117008236,+0000.0020798753555810,+0000.0063235190889522,+0000.0011710287018338,+0000.0006467651528101
+0000.9879340368615313,+0000.0015139406549714,+0000.0087943837686158,+0000.0011717612073802,+0000.0005858775075019
+0000.9855965705268152,+0000.0010382171010881,+0000.0116644552742952,+0000.0011819821968646,+0000.0005187749009377
+0000.9827693639325639,+0000.0006525343457906,+0000.0149290987908741,+0000.0012017953894709,+0000.0004472075413013
+0000.9794559737844616,+0000.0003565545249801,+0000.0185828925713328,+0000.0012314135571943,+0000.0003731655620319
+0000.9756605562204913,+0000.0001497735605058,+0000.0226196379990876,+0000.0012711573735838,+0000.0002988748463320
+0000.9713878597702071,+0000.0000315227763212,+0000.0270323711922060,+0000.0013214539940398,+0000.0002267922672266
+0000.9666432173246208,+0000.0000009708252230,+0000.0318133761266244,+0000.0013828353710919,+0000.0001596003524404
+0000.9614325371314820,+0000.0000571259218314,+0000.0369541992535259,+0000.0014559363086277,+0000.0001002013845333
+0000.9557622928330680,+0000.0001988383769368,+0000.0424456655824674,+0000.0015414922595934,+0000.0000517109479351
+0000.9496395125656412,+0000.0004248034277279,+0000.0482778961987889,+0000.0016403368721802,+0000.0000174509356622
+0000.9430717671406588,+0000.0007335643578636,+0000.0544403271817852,+0000.0017533992900629,+0000.0000009420296302
+0000.9360671573302026,+0000.0011235159007980,+0000.0609217298866745,+0000.0018817012127406,+0000.0000058956695850
+0000.9286343002810077,+0000.0015929079192015,+0000.0677102325505431,+0000.0020263537225076,+0000.0000362055267405
+0000.9207823150820594,+0000.0021398493528381,+0000.0747933431807520,+0000.0021885538850925,+0000.0000959384992583
+0000.9125208075131951,+0000.0027623124267155,+0000.0821579736809302,+0000.0023695811314494,+0000.0001893252477106
+0000.9038598540038725,+0000.0034581371108126,+0000.0897904651670678,+0000.0025707934286091,+0000.0003207502896384
+0000.8948099848315275,+0000.0042250358222717,+0000.0976766144249604,+0000.0027936232479880,+0000.0004947416732528
+0000.8853821665914542,+0000.0050605983604418,+0000.1058017014569616,+0000.0030395733399139,+0000.0007159602512293
+0000.8755877839716802,+0000.0059622970646783,+0000.1141505180637370,+0000.0033102123235295,+0000.0009891885763756
+0000.8654386208658500,+0000.0069274921845170,+0000.1227073974061553,+0000.0036071701016740,+0000.0013193194418040
+0000.8549468408610604,+0000.0079534374512588,+0000.1314562444881351,+0000.0039321331105915,+0000.0017113440889548
+0000.8441249671359918,+0000.0090372858397954,+0000.1403805675018532,+0000.0042868394147770,+0000.0021703401075830
+0000.8329858618075169,+0000.0101760955090648,+0000.1494635099734437,+0000.0046730736574993,+0000.0027014590524760
+0000.8215427047650004,+0000.0113668359091444,+0000.1586878836457430,+0000.0050926618778529,+0000.0033099138022599
+0000.8098089720309140,+0000.0126063940428233,+0000.1680362020344510,+0000.0055474662055229,+0000.0040009656862895
+0000.7977984136887225,+0000.0138915808691102,+0000.1774907145914389,+0000.0060393794446302,+0000.0047799114060987
+0000.7855250314199381,+0000.0152191378358233,+0000.1870334414076686,+0000.0065703195582540,+0000.0056520697783165
+0000.7730030556907440,+0000.0165857435283768,+0000.1966462083888434,+0000.0071422240655407,+0000.0066227683264956
+0000.7602469226326394,+0000.0179880204213982,+0000.2063106828331809,+0000.0077570443633021,+0000.0076973297494798
+0000.7472712506586117,+0000.0194225417198770,+0000.2160084093427171,+0000.0084167399843736,+0000.0088810582944214
+0000.7340908168590120,+0000.0208858382762615,+0000.2257208459970287,+0000.0091232728049861,+0000.0101792260627119
+0000.7207205332216677,+0000.0223744055697398,+0000.2354294007178261,+0000.0098786012135349,+0000.0115970592772320
+0000.7071754227191943,+0000.0238847107340091,+0000.2451154677538556,+0000.0106846742533181,+0000.0131397245396232
+0000.6934705953085086,+0000.0254131996196592,+0000.2547604642138315,+0000.0115434257517480,+0000.0148123151062533
+0000.6796212238876379,+0000.0269563038771340,+0000.2643458665751454,+0000.0124567684486048,+0000.0166198372114783
+0000.6656425202531135,+0000.0285104480465102,+0000.2738532470973518,+0000.0134265881359881,+0000.0185671964670369
+0000.6515497111029847,+0000.0300720566400893,+0000.2832643100683122,+0000.0144547378225189,+0000.0206591843660955
+0000.6373580141304070,+0000.0316375612038252,+0000.2925609278112100,+0000.0155430319342863,+0000.0229004649202717
+0000.6230826142505804,+0000.0332034073439266,+0000.3017251763823591,+0000.0166932405650853,+0000.0252955614580488
+0000.6087386400053909,+0000.0347660617048116,+0000.3107393708890341,+0000.0179070837882916,+0000.0278488436124722
+0000.5943411401897533,+0000.0363220188847041,+0000.3195861003573275,+0000.0191862260425812,+0000.0305645145256343
+0000.5799050607411842,+0000.0378678082755790,+0000.3282482620820767,+0000.0205322706036980,+0000.0334465982974626
+0000.5654452219354936,+0000.0394000008140072,+0000.3367090953907643,+0000.0219467541542083,+0000.0364989277055269
+0000.5509762959309774,+0000.0409152156297795,+0000.3449522147542596,+0000.0234311414628910,+0000.0397251322220930
+0000.5365127847001062,+0000.0424101265795628,+0000.3529616421802142,+0000.0249868201855141,+0000.0431286263546029
+0000.5220689983910740,+0000.0438814686526997,+0000.3607218388238133,+0000.0266150957980829,+0000.0467125983343301
+0000.5076590341560023,+0000.0453260442370583,+0000.3682177357547533,+0000.0283171866738353,+0000.0504799991783512
+0000.4932967554862890,+0000.0467407292325620,+0000.3754347638184390,+0000.0300942193145343,+0000.0544335321481762
+0000.4789957720904162,+0000.0481224790008680,+0000.3823588825333384,+0000.0319472237467060,+0000.0585756426286717
+0000.4647694203510073,+0000.0494683341396761,+0000.3889766079669268,+0000.0338771290928967,+0000.0629085084494936
+0000.4506307443966512,+0000.0507754260705313,+0000.3952750395347929,+0000.0358847593276633,+0000.0674340306703616
+0000.4365924778208028,+0000.0520409824296053,+0000.4012418856704510,+0000.0379708292278829,+0000.0721538248512582
+0000.4226670260807301,+0000.0532623322511063,+0000.4068654883146604,+0000.0401359405263629,+0000.0770692128271408
+0000.4088664496080805,+0000.0544369109333981,+0000.4121348461754905,+0000.0423805782773019,+0000.0821812150057296
+0000.3952024476592810,+0000.0555622649785841,+0000.4170396367134886,+0000.0447051074420066,+0000.0874905432066402
+0000.3816863429344404,+0000.0566360564965387,+0000.4215702368079989,+0000.0471097697025775,+0000.0929975940584449
+0000.3683290669918416,+0000.0576560674648585,+0000.4257177420633970,+0000.0495946805108011,+0000.0987024429691024
+0000.3551411464816526,+0000.0586202037369411,+0000.4294739847171970,+0000.0521598263793067,+0000.1046048386849029
+0000.3421326902227299,+0000.0595264987905836,+0000.4328315501142027,+0000.0548050624213341,+0000.1107041984511500
+0000.3293133771446821,+0000.0603731172102704,+0000.4357837917135337,+0000.0575301101448243,+0000.1169996037866899
+0000.3166924451137922,+0000.0611583578967102,+0000.4383248445990459,+0000.0603345555065346,+0000.1234897968839173
+0000.3042786806615181,+0000.0618806569978444,+0000.4404496374657229,+0000.0632178472309011,+0000.1301731776440138
+0000.2920804096324064,+0000.0625385905559996,+0000.4421539030579076,+0000.0661792953978774,+0000.1370478013558092
+0000.2801054887647086,+0000.0631308768664933,+0000.4434341870386306,+0000.0692180703038578,+0000.1441113770263103
+0000.2683612982169167,+0000.0636563785436088,+0000.4442878552717890,+0000.0723332015988063,+0000.1513612663688795
+0000.2568547350515406,+0000.0641141042903686,+0000.4447130995023187,+0000.0755235777021647,+0000.1587944834536077
+0000.2455922076834405,+0000.0645032103691564,+0000.4447089414228430,+0000.0787879455001436,+0000.1664076950244166
+0000.2345796313015246,+0000.0648230017708907,+0000.4442752351179685,+0000.0821249103254631,+0000.1741972214841534
+0000.2238224242669263,+0000.0650729330809983,+0000.4434126678810112,+0000.0855329362211569,+0000.1821590385499076
+0000.2133255054925440,+0000.0652526090410061,+0000.4421227594009501,+0000.0890103464884068,+0000.1902887795770935
+0000.2030932928036685,+0000.0653617848053361,+0000.4404078593205222,+0000.0925553245187224,+0000.1985817385517513
+0000.1931297022795075,+0000.0654003658932544,+0000.4382711431697638,+0000.0961659149097073,+0000.2070328737477674
+0000.1834381485733582,+0000.0653684078368185,+0000.4357166066823456,+0000.0998400248629648,+0000.2156368120445131
+0000.1740215462058429,+0000.0652661155259734,+0000.4327490585052929,+0000.1035754258627669,+0000.2243878539001241
+0000.1648823118251861,+0000.0650938422528051,+0000.4293741113157090,+0000.1073697556329411,+0000.2332799789733588
+0000.1560223674265017,+0000.0648520884574391,+0000.4255981713615650,+0000.1112205203689212,+0000.2423068523855733
+0000.1474431445189121,+0000.0645415001785980,+0000.4214284264463037,+0000.1151250972418915,+0000.2514618316142950
+0000.1391455892288087,+0000.0641628672125854,+0000.4168728323802515,+0000.1190807371708396,+0000.2607379740075154
+0000.1311301683256296,+0000.0637171209849535,+0000.4119400979251115,+0000.1230845678578180,+0000.2701280449064877
+0000.1233968761535713,+0000.0632053321395823,+0000.4066396682602110,+0000.1271335970817590,+0000.2796245263648768
+0000.1159452424521142,+0000.0626287078506536,+0000.4009817070024274,+0000.1312247162450620,+0000.2892196264497431
+0000.1087743410464058,+0000.0619885888634615,+0000.3949770768148348,+0000.1353547041667016,+0000.2989052891085967
+0000.1018827993858126,+0000.0612864462704074,+0000.3886373186411609,+0000.1395202311156916,+0000.3086732045869281
+0000.0952688089084204,+0000.0605238780293048,+0000.3819746296063288,+0000.1437178630776241,+0000.3185148203783222
+0000.0889301362075805,+0000.0597026052314248,+0000.3750018396264072,+0000.1479440662465935,+0000.3284213526879944
+0000.0828641349738817,+0000.0588244681272659,+0000.3677323867723903,+0000.1521952117350336,+0000.3383837983914289
+0000.0770677586862997,+0000.0578914219185535,+0000.3601802914367437,+0000.1564675804924424,+0000.3483929474659611
+0000.0715375740229885,+0000.0569055323253543,+0000.3523601293519528,+0000.1607573684246778,+0000.3584393958750270
+0000.0662697749619812,+0000.0558689709376798,+0000.3442870035138680,+0000.1650606917043820,+0000.3685135588820893
+0000.0612601975406443,+0000.0547840103614024,+0000.3359765150648963,+0000.1693735922626952,+0000.3786056847703620
+0000.0565043352405309,+0000.0536530191685721,+0000.3274447331926292,+0000.1736920434528046,+0000.3887058689454637
+0000.0519973549645844,+0000.0524784566628716,+0000.3187081641037202,+0000.1780119558743237,+0000.3988040683945006
+0000.0477341135710434,+0000.0512628674709269,+0000.3097837191324667,+0000.1823291833484099,+0000.4088901164771535
+0000.0437091749282998,+0000.0500088759708738,+0000.3006886820465167,+0000.1866395290323914,+0000.4189537380219184
+0000.0399168274538612,+0000.0487191805697981,+0000.2914406756138712,+0000.1909387516624512,+0000.4289845647000186
+0000.0363511020990995,+0000.0473965478417388,+0000.2820576274955908,+0000.1952225719132609,+0000.4389721506503103
+0000.0330057907412580,+0000.0460438065385531,+0000.2725577355309893,+0000.1994866788625586,+0000.4489059883266414
+0000.0298744649433471,+0000.0446638414859813,+0000.2629594324835757,+0000.2037267365485223,+0000.4587755245385740
+0000.0269504950414256,+0000.0432595873774789,+0000.2532813503155554,+0000.2079383906081249,+0000.4685701766574156
+0000.0242270695186851,+0000.0418340224785600,+0000.2435422840611316,+0000.2121172749839453,+0000.4782793489576783
+0000.0216972146251710,+0000.0403901622547791,+0000.2337611553694579,+0000.2162590186867168,+0000.4878924490638755
+0000.0193538142011641,+0000.0389310529362534,+0000.2239569757875929,+0000.2203592526013968,+0000.4973989044735929
+0000.0171896296623313,+0000.0374597650319775,+0000.2141488098556051,+0000.2244136163238430,+0000.5067881791262435
+0000.0151973201044233,+0000.0359793868073745,+0000.2043557380862781,+0000.2284177650151009,+0000.5160497899868236
+0000.0133694624848209,+0000.0344930177382450,+0000.1945968199008898,+0000.2323673762608553,+0000.5251733236151894
+0000.0116985718384870,+0000.0330037619545568,+0000.1848910565939413,+0000.2362581569229915,+0000.5341484526900239
+0000.0101771214858124,+0000.0315147216876144,+0000.1752573543995817,+0000.2400858499702129,+0000.5429649524567788
+0000.0087975631896937,+0000.0300289907337899,+0000.1657144877310678,+0000.2438462412752628,+0000.5516127170701860
+0000.0075523472196220,+0000.0285496479482300,+0000.1562810626656135,+0000.2475351663657598,+0000.5600817758007751
+0000.0064339422807149,+0000.0270797507818356,+0000.1469754807461434,+0000.2511485171158890,+0000.5683623090754174
+0000.0054348552659122,+0000.0256223288746500,+0000.1378159031705153,+0000.2546822483664342,+0000.5764446643224883
+0000.0045476507899947,+0000.0241803777186409,+0000.1288202154380740,+0000.2581323844607527,+0000.5843193715925379
+0000.0037649704646307,+0000.0227568524027591,+0000.1200059925228623,+0000.2614950256843148,+0000.5919771589254335
+0000.0030795518742441,+0000.0213546614531109,+0000.1113904646420008,+0000.2647663545954878,+0000.5994089674351569
+0000.0024842472130447,+0000.0199766607805616,+0000.1029904836854276,+0000.2679426422359488,+0000.6066059660850177
+0000.0019720415444360,+0000.0186256477480998,+0000.0948224903731337,+0000.2710202542088357,+0000.6135595661254951
+0000.0015360706448000,+0000.0173043553700965,+0000.0869024822044773,+0000.2739956566130254,+0000.6202614351676012
+0000.0011696383944831,+0000.0160154466550293,+0000.0792459822615782,+0000.2768654218226340,+0000.6267035108662760
+0000.0008662336798654,+0000.0147615091031701,+0000.0718680089282905,+0000.2796262341006620,+0000.6328780141880123
+0000.0006195467714119,+0000.0135450493704600,+0000.0647830465843143,+0000.2822748950360697,+0000.6387774622377447
+0000.0004234851436696,+0000.0123684881091840,+0000.0580050173311693,+0000.2848083287942754,+0000.6443946806217017
+0000.0002721887044162,+0000.0112341549959178,+0000.0515472538057913,+0000.2872235871710186,+0000.6497228153228563
+0000.0001600444013826,+0000.0101442839568325,+0000.0454224731352675,+0000.2895178544399404,+0000.6547553440665774
+0000.0000817001762659,+0000.0091010085998516,+0000.0396427520831258,+0000.2916884519849657,+0000.6594860871557913
+0000.0000320782371433,+0000.0081063578629044,+0000.0342195034362310,+0000.2937328427086164,+0000.6639092177551054
+0000.0000063876218106,+0000.0071622518870490,+0000.0291634536788110,+0000.2956486352078446,+0000.6680192716044853
+0000.0000001360260432,+0000.0062704981226652,+0000.0244846219968330,+0000.2974335877097234,+0000.6718111561447355
+0000.0000091408723216,+0000.0054327876765580,+0000.0201923006542237,+0000.2990856117594592,+0000.6752801590374379
+0000.0000295395961362,+0000.0046506919073083,+0000.0162950367796060,+0000.3006027756537104,+0000.6784219560632395
+0000.0000577991286143,+0000.0039256592755976,+0000.0128006155988492,+0000.3019833076129274,+0000.6812326183840119
+0000.0000907245558826,+0000.0032590124558251,+0000.0097160451466314,+0000.3032255986866478,+0000.6837086191550136
+0000.0001254669372818,+0000.0026519457147563,+0000.0070475424870719,+0000.3043282053862761,+0000.6858468394746144
+0000.0001595302662983,+0000.0021055225623963,+0000.0048005214703970,+0000.3052898520404750,+0000.6876445736604336
+0000.0001907775598498,+0000.0016206736797020,+0000.0029795820496920,+0000.3061094328687751,+0000.6890995338419816
+0000.0002174360633668,+0000.0011981951272219,+0000.0015885011788470,+0000.3067860137695047,+0000.6902098538610600
+0000.0002381015609389,+0000.0008387468381886,+0000.0006302253096829,+0000.3073188338187134,+0000.6909740924724764
+0000.0002517417816493,+0000.0005428513989363,+0000.0001068645029032,+0000.3077073064773964,+0000.6913912358391151
+0000.0002576988950849,+0000.0003108931190053,+0000.0000196881646651,+0000.3079510205047616,+0000.6914606993164831
+0000.0002556910908914,+0000.0001431173926813,+0000.0003691224172212,+0000.3080497405758933,+0000.6911823285233130
+0000.0002458132391374,+0000.0000396303530982,+0000.0011547491088681,+0000.3080034076027801,+0000.6905563996961166
+0000.0002285366301490,+0000.0000003988194737,+0000.0023753064653573,+0000.3078121387581649,+0000.6895836193268556
+0000.0002047077943742,+0000.0000252505374341,+0000.0040286913815496,+0000.3074762272022797,+0000.6882651230843626
+0000.0001755464047430,+0000.0001138747117803,+0000.0061119633490514,+0000.3069961415131095,+0000.6866024740213162
+0000.0001426422658755,+0000.0002658228304706,+0000.0086213500123096,+0000.3063725248213564,+0000.6845976600699885
+0000.0001079513963874,+0000.0004805097779840,+0000.0115522543422958,+0000.3056061936518895,+0000.6822530908314436
+0000.0000737912124036,+0000.0007572152356545,+0000.0148992634140943,+0000.3046981364739760,+0000.6795715936638719
+0000.0000428348222596,+0000.0010950853659799,+0000.0186561587713230,+0000.3036495119631628,+0000.6765564090772750
+0000.0000181044442018,+0000.0014931347773088,+0000.0228159283570640,+0000.3024616469782953,+0000.6732111854431306
+0000.0000029639607128,+0000.0019502487647887,+0000.0273707799884133,+0000.3011360342575312,+0000.6695399730285544
+0000.0000011106248770,+0000.0024651858228422,+0000.0323121563483425,+0000.2996743298379584,+0000.6655472173659802
+0000.0000165659359562,+0000.0030365804239204,+0000.0376307514655890,+0000.2980783502037801,+0000.6612377519707547
+0000.0000536657030674,+0000.0036629460576999,+0000.0433165286503878,+0000.2963500691687158,+0000.6566167904201295
+0000.0001170493175402,+0000.0043426785244796,+0000.0493587398518233,+0000.2944916144984232,+0000.6516899178077341
+0000.0002116482561748,+0000.0050740594758003,+0000.0557459463980749,+0000.2925052642798290,+0000.6464630815901213
+0000.0003426738392166,+0000.0058552601950234,+0000.0624660410797576,+0000.2903934430441514,+0000.6409425818418515
+0000.0005156042684220,+0000.0066843456100056,+0000.0695062715333123,+0000.2881587176511633,+0000.6351350609370970
+0000.0007361709720911,+0000.0075592785295577,+0000.0768532648788116,+0000.2858037929426335,+0000.6290474926769064
+0000.0010103442853725,+0000.0084779240948785,+0000.0844930535637460,+0000.2833315071734313,+0000.6226871708825720
+0000.0013443184955671,+0000.0094380544368181,+0000.0924111023630700,+0000.2807448272289229,+0000.6160616974756221
+0000.0017444962834728,+0000.0104373535293167,+0000.1005923364825536,+0000.2780468436379285,+0000.6091789700667286
+0000.0022174725930578,+0000.0114734222289409,+0000.1090211707102376,+0000.2752407653909646,+0000.6020471690767993
+0000.0027700179630141,+0000.0125437834902140,+0000.1176815395598432,+0000.2723299145734463,+0000.5946747444134827
+0000.0034090613548365,+0000.0136458877458885,+0000.1265569283470690,+0000.2693177208243442,+0000.5870704017278620
+0000.0041416725131221,+0000.0147771184410559,+0000.1356304051376558,+0000.2662077156309527,+0000.5792430882772139
+0000.0049750438948618,+0000.0159347977097502,+0000.1448846535057342,+0000.2630035264704765,+0000.5712019784191776
+0000.0059164722053595,+0000.0171161921822826,+0000.1543020060381811,+0000.2597088708097708,+0000.5629564587644064
+0000.0069733395792256,+0000.0183185189112685,+0000.1638644785191826,+0000.2563275499748625,+0000.5545161130154612
+0000.0081530944457949,+0000.0195389514042651,+0000.1735538047291216,+0000.2528634429016021,+0000.5458907065192166
+0000.0094632321189060,+0000.0207746257504841,+0000.1833514717895554,+0000.2493204997795739,+0000.5370901705614810
+0000.0109112751515560,+0000.0220226468288896,+0000.1932387559848546,+0000.2457027356015259,+0000.5281245864331741
+0000.0125047534966526,+0000.0232800945850271,+0000.2031967589914727,+0000.2420142236302187,+0000.5190041692966293
+0000.0142511845153779,+0000.0245440303635223,+0000.2132064444437482,+0000.2382590887953553,+0000.5097392518819968
+0000.0161580528750760,+0000.0258115032831883,+0000.2232486747647764,+0000.2344415010331458,+0000.5003402680438138
+0000.0182327903788282,+0000.0270795566415656,+0000.2333042481903489,+0000.2305656685811971,+0000.4908177362080604
+0000.0204827557693985,+0000.0283452343358684,+0000.2433539359149915,+0000.2266358312408826,+0000.4811822427388593
+0000.0229152145497044,+0000.0296055872867308,+0000.2533785192858262,+0000.2226562536208310,+0000.4714444252569079
+0000.0255373188626084,+0000.0308576798517612,+0000.2633588269728512,+0000.2186312183736313,+0000.4616149559391481
+0000.0283560874725264,+0000.0320985962155676,+0000.2732757720430815,+0000.2145650194386618,+0000.4517045248301630
+0000.0313783858912107,+0000.0333254467430313,+0000.2831103888661411,+0000.2104619553037933,+0000.4417238231958240
+0000.0346109066896858,+0000.0345353742826144,+0000.2928438697788541,+0000.2063263222988595,+0000.4316835269499868
+0000.0380601500384330,+0000.0357255604068163,+0000.3024576014382067,+0000.2021624079330363,+0000.4215942801835080
+0000.0417324045171524,+0000.0368932315767337,+0000.3119332007914204,+0000.1979744842888790,+0000.4114666788258148
+0000.0456337282348816,+0000.0380356652179068,+0000.3212525505925726,+0000.1937668014855425,+0000.4013112544690968
+0000.0497699303011962,+0000.0391501956950015,+0000.3303978343973793,+0000.1895435812229321,+0000.3911384583834910
+0000.0541465526881179,+0000.0402342201728049,+0000.3393515709675591,+0000.1853090104190761,+0000.3809586457524426
+0000.0587688525215567,+0000.0412852043513212,+0000.3480966480173242,+0000.1810672349527045,+0000.3707820601570938
+0000.0636417848409176,+0000.0423006880631628,+0000.3566163552370709,+0000.1768223535222006,+0000.3606188183366485
+0000.0687699858640748,+0000.0432782907215236,+0000.3648944165295078,+0000.1725784116324579,+0000.3504788952524361
+0000.0741577567938771,+0000.0442157166072429,+0000.3729150213951874,+0000.1683393957210245,+0000.3403721094826683
+0000.0798090482020345,+0000.0451107599841413,+0000.3806628554069637,+0000.1641092274337427,+0000.3303081089731181
+0000.0857274450244861,+0000.0459613100317943,+0000.3881231297137435,+0000.1598917580606577,+0000.3202963571693188
+0000.0919161522010916,+0000.0467653555853644,+0000.3952816095158063,+0000.1556907631425238,+0000.3103461195552144
+0000.0983779809920716,+0000.0475209896726507,+0000.4021246414569800,+0000.1515099372572588,+0000.3004664506210394
+0000.1051153360015401,+0000.0482264138387726,+0000.4086391798799704,+0000.1473528889959482,+0000.2906661812837689
+0000.1121302029372892,+0000.0488799422493041,+0000.4148128118938250,+0000.1432231361375285,+0000.2809539067820533
+0000.1194241371345099,+0000.0494800055631966,+0000.4206337812047538,+0000.1391241010307863,+0000.2713379750667538
+0000.1269982528707420,+0000.0500251545674030,+0000.4260910106647129,+0000.1350591061912523,+0000.2618264757058901
+0000.1348532134954983,+0000.0505140635652355,+0000.4311741234929166,+0000.1310313701216674,+0000.2524272293246827
+0000.1429892223986884,+0000.0509455335113522,+0000.4358734631298671,+0000.1270440033626901,+0000.2431477775974027
+0000.1514060148393890,+0000.0513184948866190,+0000.4401801116852856,+0000.1231000047807272,+0000.2339953738079794
+0000.1601028506548539,+0000.0516320103066175,+0000.4440859069441334,+0000.1192022580992540,+0000.2249769739951416
+0000.1690785078675252,+0000.0518852768580200,+0000.4475834578977494,+0000.1153535286797664,+0000.2160992286969392
+0000.1783312772073314,+0000.0520776281578542,+0000.4506661587703360,+0000.1115564605571585,+0000.2073684753073201
+0000.1878589575636036,+0000.0522085361309672,+0000.4533282015135934,+0000.1078135737346344,+0000.1987907310572017
+0000.1976588523790350,+0000.0522776125016711,+0000.4555645867453622,+0000.1041272617426074,+0000.1903716866313246
+0000.2077277669975842,+0000.0522846099961718,+0000.4573711331115172,+0000.1004997894649553,+0000.1821167004297719
+0000.2180620069751067,+0000.0522294232529233,+0000.4587444850529869,+0000.0969332912359984,+0000.1740307934829851
+0000.2286573773594957,+0000.0521120894385838,+0000.4596821189631495,+0000.0934297692111035,+0000.1661186450276675
+0000.2395091829466554,+0000.0519327885679429,+0000.4601823477240794,+0000.0899910920126274,+0000.1583845887486955
+0000.2506122295153457,+0000.0516918435267441,+0000.4602443236130233,+0000.0866189936529112,+0000.1508326096919763
+0000.2619608260419014,+0000.0513897197968818,+0000.4598680395739499,+0000.0833150727355490,+0000.1434663418517182
+0000.2735487878954528,+0000.0510270248841220,+0000.4590543288520752,+0000.0800807919349848,+0000.1362890664333655
+0000.2853694410107976,+0000.0506045074490666,+0000.4578048629924495,+0000.0769174777545034,+0000.1293037107931832
+0000.2974156270345503,+0000.0501230561426954,+0000.4561221482069701,+0000.0738263205619514,+0000.1225128480538330
+0000.3096797094381690,+0000.0495836981483574,+0000.4540095201175179,+0000.0708083749020671,+0000.1159186973938890
+0000.3221535805913854,+0000.0489875974327770,+0000.4514711368855080,+0000.0678645600830715,+0000.1095231250072584
+0000.3348286697837541,+0000.0483360527091706,+0000.4485119707421654,+0000.0649956610358900,+0000.1033276457290203
+0000.3476959521835368,+0000.0476304951161602,+0000.4451377979364261,+0000.0622023294427665,+0000.0973334253211108
+0000.3607459587214327,+0000.0468724856166961,+0000.4413551871201543,+0000.0594850851315568,+0000.0915412834101604
+0000.3739687868811986,+0000.0460637121219398,+0000.4371714861944075,+0000.0568443177322876,+0000.0859516970701669
+0000.3873541123813990,+0000.0452059863454061,+0000.4325948076425941,+0000.0542802885911332,+0000.0805648050394679
+0000.4008912017290069,+0000.0443012403933320,+0000.4276340123795993,+0000.0517931329368268,+0000.0753804125612353
+0000.4145689256238652,+0000.0433515230977786,+0000.4222986921488908,+0000.0493828622939996,+0000.0703979968354663
+0000.4283757731907296,+0000.0423589960994783,+0000.4165991505028040,+0000.0470493671376227,+0000.0656167130693658
+0000.4422998670159374,+0000.0413259296879051,+0000.4105463824031228,+0000.0447924197817758,+0000.0610354011112593
+0000.4563289789622660,+0000.0402546984066195,+0000.4041520524824547,+0000.0426116774959162,+0000.0566525926527441
+0000.4704505467339408,+0000.0391477764324384,+0000.3974284720096589,+0000.0405066858413290,+0000.0524665189826334
+0000.4846516911641619,+0000.0380077327372726,+0000.3903885746042661,+0000.0384768822197460,+0000.0484751192745538
+0000.4989192341942064,+0000.0368372260421519,+0000.3830458907479419,+0000.0365215996258784,+0000.0446760493898219
+0000.5132397175116638,+0000.0356389995732865,+0000.3754145211436761,+0000.0346400705953457,+0000.0410666911760284
+0000.5275994218160514,+0000.0344158756303333,+0000.3675091089745110,+0000.0328314313387147,+0000.0376441622403900
+0000.5419843866768033,+0000.0331707499775595,+0000.3593448111167387,+0000.0310947260523190,+0000.0344053261765799
+0000.5563804309474131,+0000.0319065860689866,+0000.3509372683646236,+0000.0294289113961287,+0000.0313468032228483
+0000.5707731737003556,+0000.0306264091187457,+0000.3423025747245384,+0000.0278328611284100,+0000.0284649813279508
+0000.5851480556442862,+0000.0293333000284026,+0000.3334572458392910,+0000.0263053708868332,+0000.0257560276011876
+0000.5994903609846280,+0000.0280303891832661,+0000.3244181866048251,+0000.0248451631053052,+0000.0232159001219760
+0000.6137852396876267,+0000.0267208501299426,+0000.3152026580431657,+0000.0234508920555964,+0000.0208403600836691
+0000.6280177301092084,+0000.0254078931475198,+0000.3058282434954913,+0000.0221211490023106,+0000.0186249842454703
+0000.6421727819446243,+0000.0240947587253611,+0000.2963128142034972,+0000.0208544674600486,+0000.0165651776664690
+0000.6562352794582484,+0000.0227847109603606,+0000.2866744943458404,+0000.0196493285409493,+0000.0146561866946019
+0000.6701900649522305,+0000.0214810308866525,+0000.2769316255974363,+0000.0185041663807110,+0000.0128931121829701
+0000.6840219624282430,+0000.0201870097513394,+0000.2671027312829581,+0000.0174173736313146,+0000.0112709229061455
+0000.6977158014005927,+0000.0189059422494753,+0000.2572064801936954,+0000.0163873070081922,+0000.0097844691480450
+0000.7112564408165587,+0000.0176411197318208,+0000.2472616501389323,+0000.0154122928796960,+0000.0084284964329925
+0000.7246287930396739,+0000.0163958233990134,+0000.2372870913033806,+0000.0144906328865339,+0000.0071976593713987
+0000.7378178478508861,+0000.0151733174958186,+0000.2273016894830925,+0000.0136206095789329,+0000.0060865355912707
+0000.7508086964244168,+0000.0139768425190152,+0000.2173243292709945,+0000.0128004920590565,+0000.0050896397265173
+0000.7635865552332062,+0000.0128096084526191,+0000.2073738572646641,+0000.0120285416163627,+0000.0042014374331484
+0000.7761367898389822,+0000.0116747880441152,+0000.1974690453688951,+0000.0113030173435819,+0000.0034163594044263
+0000.7884449385239199,+0000.0105755101351316,+0000.1876285542640395,+0000.0106221817209548,+0000.0027288153559546
+0000.8004967357192848,+0000.0095148530600802,+0000.1778708971121251,+0000.0099843061565431,+0000.0021332079519671
+0000.8122781351868642,+0000.0084958381261556,+0000.1682144035722611,+0000.0093876764705090,+0000.0016239466442104
+0000.8237753329111023,+0000.0075214231878016,+0000.1586771841948469,+0000.0088305983112838,+0000.0011954613949658
+0000.8349747896585057,+0000.0065944963287235,+0000.1492770952647961,+0000.0083114024918424,+0000.0008422162561328
+0000.8458632531621073,+0000.0057178696643154,+0000.1400317041626039,+0000.0078284502343481,+0000.0005587227766259
+0000.8564277798893482,+0000.0048942732771185,+0000.1309582553111346,+0000.0073801383116992,+0000.0003395532107001
+0000.8666557563539782,+0000.0041263492975768,+0000.1220736367735312,+0000.0069649040746525,+0000.0001793535002621
+0000.8765349199300158,+0000.0034166461423694,+0000.1133943475692540,+0000.0065812303535461,+0000.0000728560048153
+0000.8860533791297986,+0000.0027676129220319,+0000.1049364657712081,+0000.0062276502238193,+0000.0000148919531429
+0000.8951996333089316,+0000.0021815940293066,+0000.0967156174454814,+0000.0059027516247945,+0000.0000004035914866
+0000.9039625917592978,+0000.0016608239195026,+0000.0887469464959227,+0000.0056051818216232,+0000.0000244560036543
+0000.9123315921552811,+0000.0012074220935764,+0000.0810450854715114,+0000.0053336517004754,+0000.0000822485791562
+0000.9202964183192363,+0000.0008233882942980,+0000.0736241273927625,+0000.0050869398874513,+0000.0001691261062526
+0000.9278473172711228,+0000.0005105979255956,+0000.0664975986535682,+0000.0048638966821323,+0000.0002805894675818
+0000.9349750155313969,+0000.0002707977045759,+0000.0596784330501887,+0000.0046634477969562,+0000.0004123059168826
+0000.9416707346462785,+0000.0001056015553582,+0000.0531789469880856,+0000.0044845978940672,+0000.0005601189162108
+0000.9479262059059826,+0000.0000164867533885,+0000.0470108159149126,+0000.0043264339117326,+0000.0007200575139843
+0000.9537336842279198,+0000.0000047903284133,+0000.0411850520257378,+0000.0041881281728008,+0000.0008883452451290
+0000.9590859611792747,+0000.0000717057337751,+0000.0357119832831738,+0000.0040689412681456,+0000.0010614085356313
+0000.9639763771139847,+0000.0002182797892081,+0000.0306012337934344,+0000.0039682247085481,+0000.0012358845948252
+0000.9683988324010532,+0000.0004454099037582,+0000.0258617055765145,+0000.0038854233388841,+0000.0014086287797905
+0000.9723477977234462,+0000.0007538415849239,+0000.0215015617652410,+0000.0038200775090154,+0000.0015767214173743
+0000.9758183234277885,+0000.0011441662395607,+0000.0175282112659127,+0000.0037718249962889,+0000.0017374740704499
+0000.9788060479070387,+0000.0016168192714960,+0000.0139482949102289,+0000.0037404026750578,+0000.0018884352361793
+0000.9813072050006499,+0000.0021720784802739,+0000.0107676731247033,+0000.0037256479291377,+0000.0020273954652355
+0000.9833186303979109,+0000.0028100627648287,+0000.0079914151414332,+0000.0037274998036949,+0000.0021523918921330
+0000.9848377670323172,+0000.0035307311352880,+0000.0056237897708043,+0000.0037459998935665,+0000.0022617121680246
+0000.9858626694567704,+0000.0043338820354923,+0000.0036682577536029,+0000.0037812929655710,+0000.0023538977885637
+0000.9863920071914191,+0000.0052191529783350,+0000.0021274657066580,+0000.0038336273129095,+0000.0024277468106788
+0000.9864250670373768,+0000.0061860204951805,+0000.0010032416737105,+0000.0039033548403647,+0000.0024823159533681
+0000.9859617543521895,+0000.0072338004001801,+0000.0002965922892743,+0000.0039909308794821,+0000.0025169220788747
+0000.9850025932844189,+0000.0083616483697540,+0000.0000077015603859,+0000.0040969137335470,+0000.0025311430518948
+0000.9835487259667438,+0000.0095685608366009,+0000.0001359312681682,+0000.0042219639527322,+0000.0025248179757553
+0000.9816019106691898,+0000.0108533761972263,+0000.0006798229875395,+0000.0043668433402970,+0000.0024980468057480
+0000.9791645189155926,+0000.0122147763314243,+0000.0016371017205210,+0000.0045324136913508,+0000.0024511893411117
+0000.9762395315688969,+0000.0136512884311745,+0000.0030046811352845,+0000.0047196352662131,+0000.0023848635984317
+0000.9728305338924481,+0000.0151612871361805,+0000.0047786703999242,+0000.0049295650009690,+0000.0022999435704787
+0000.9689417095964659,+0000.0167429969725166,+0000.0069543825968837,+0000.0051633544583632,+0000.0021975563757714
+0000.9645778338807679,+0000.0183944950902525,+0000.0095263447008208,+0000.0054222475227460,+0000.0020790788054133
+0000.9597442654870221,+0000.0201137142952505,+0000.0124883090994581,+0000.0057075778432879,+0000.0019461332749820
+0000.9544469377750374,+0000.0218984463699872,+0000.0158332666342830,+0000.0060207660302397,+0000.0018005831904531
+0000.9486923488399399,+0000.0237463456774646,+0000.0195534611347192,+0000.0063633166095186,+0000.0016445277383585
+0000.9424875506889823,+0000.0256549330416847,+0000.0236404054163143,+0000.0067368147414378,+0000.0014802961115816
+0000.9358401374978618,+0000.0276215998978764,+0000.0280848987111209,+0000.0071429227098574,+0000.0013104411832843
+0000.9287582329686926,+0000.0296436127048789,+0000.0328770454952135,+0000.0075833761885624,+0000.0011377326426530
+0000.9212504768136633,+0000.0317181176115375,+0000.0380062756754127,+0000.0080599802921387,+0000.0009651496072483
+0000.9133260103891515,+0000.0338421453687527,+0000.0434613660952696,+0000.0085746054190587,+0000.0007958727277680
+0000.9049944615074806,+0000.0360126164780430,+0000.0492304633171756,+0000.0091291828951712,+0000.0006332758021302
+0000.8962659284548817,+0000.0382263465670803,+0000.0553011076350770,+0000.0097257004261918,+0000.0004809169167697
+0000.8871509632457926,+0000.0404800519821874,+0000.0616602582698062,+0000.0103661973682030,+0000.0003425291340114
+0000.8776605541437227,+0000.0427703555876886,+0000.0682943196976631,+0000.0110527598256315,+0000.0002220107452945
+0000.8678061074830167,+0000.0450937927608561,+0000.0751891690587147,+0000.0117875155864373,+0000.0001234151109758
+0000.8575994288248445,+0000.0474468175714335,+0000.0823301845908004,+0000.0125726289046910,+0000.0000509401082312
+0000.8470527034817071,+0000.0498258091343702,+0000.0897022750334275,+0000.0134102951410988,+0000.0000089172093969
+0000.8361784764486772,+0000.0522270781233857,+0000.0972899099418766,+0000.0143027352721726,+0000.0000018002138883
+0000.8249896317780456,+0000.0546468734332805,+0000.1050771508519209,+0000.0152521902792476,+0000.0000341536575057
+0000.8134993714349011,+0000.0570813889786677,+0000.1130476832340472,+0000.0162609154287541,+0000.0001106409236304
+0000.8017211936751515,+0000.0595267706157847,+0000.1211848491723587,+0000.0173311744552739,+0000.0002360120814319
+0000.7896688709849776,+0000.0619791231745605,+0000.1294716807043193,+0000.0184652336593805,+0000.0004150914767626
+0000.7773564276230532,+0000.0644345175875785,+0000.1378909337551446,+0000.0196653559322730,+0000.0006527651019513
+0000.7647981168074559,+0000.0668889981023334,+0000.1464251225995364,+0000.0209337947195098,+0000.0009539677711649
+0000.7520083975904299,+0000.0693385895629141,+0000.1550565547820566,+0000.0222727879362042,+0000.0013236701283955
+0000.7390019114629156,+0000.0717793047474558,+0000.1637673664277625,+0000.0236845518463353,+0000.0017668655155313
+0000.7257934587329116,+0000.0742071517472398,+0000.1725395578728212,+0000.0251712749187811,+0000.0022885567282466
+0000.7123979747221570,+0000.0766181413731904,+0000.1813550295441929,+0000.0267351116728052,+0000.0028937426876549
+0000.6988305058241445,+0000.0790082945758221,+0000.1901956180181869,+0000.0283781765259042,+0000.0035874050559427
+0000.6851061854685114,+0000.0813736498642825,+0000.1990431321861309,+0000.0301025376568058,+0000.0043744948242699
+0000.6712402100364845,+0000.0837102707102206,+0000.2078793894555387,+0000.0319102108964459,+0000.0052599189013105
+0000.6572478147721402,+0000.0860142529221770,+0000.2166862519151034,+0000.0338031536597986,+0000.0062485267307810
+0000.6431442497322605,+0000.0882817319766602,+0000.2254456623931250,+0000.0357832589314782,+0000.0073450969664767
+0000.6289447558217481,+0000.0905088902912932,+0000.2341396803364784,+0000.0378523493175882,+0000.0085543242328924
+0000.6146645409574996,+0000.0926919644261962,+0000.2427505174400873,+0000.0400121711766347,+0000.0098808059995828
+0000.6003187564032990,+0000.0948272521999602,+0000.2512605729572782,+0000.0422643888421172,+0000.0113290295973458
+0000.5859224733217788,+0000.0969111197059748,+0000.2596524686197352,+0000.0446105789488995,+0000.0129033594036123
+0000.5714906595851467,+0000.0989400082157485,+0000.2679090830989402,+0000.0470522248757147,+0000.0146080242244506
+0000.5570381568857835,+0000.1009104409560364,+0000.2760135859418282,+0000.0495907113160328,+0000.0164471049003196
+0000.5425796581911552,+0000.1028190297462215,+0000.2839494709121606,+0000.0522273189886717,+0000.0184245221617915
+0000.5281296855827747,+0000.1046624814832317,+0000.2917005886726755,+0000.0549632194999403,+0000.0205440247613784
+0000.5137025685181714,+0000.1064376044615618,+0000.2992511787442425,+0000.0577994703688239,+0000.0228091779072008
+0000.4993124225579940,+0000.1081413145156934,+0000.3065859006775346,+0000.0607370102257621,+0000.0252233520230162
+0000.4849731285948480,+0000.1097706409731992,+0000.3136898643767998,+0000.0637766541960074,+0000.0277897118591460
+0000.4706983126214870,+0000.1113227324067940,+0000.3205486595158846,+0000.0669190894779965,+0000.0305112059778383
+0000.4565013260748670,+0000.1127948621741227,+0000.3271483839884223,+0000.0701648711266138,+0000.0333905566359746
+0000.4423952267919183,+0000.1141844337342957,+0000.3334756713358718,+0000.0735144180508986,+0000.0364302500870162
+0000.4283927606096249,+0000.1154889857308331,+0000.3395177171000816,+0000.0769680092357868,+0000.0396325273236740
+0000.4145063436427318,+0000.1167061968310027,+0000.3452623040481238,+0000.0805257801964883,+0000.0429993752816540
+0000.4007480452709405,+0000.1178338903118941,+0000.3506978262195831,+0000.0841877196738246,+0000.0465325185237581
+0000.3871295718641299,+0000.1188700383842415,+0000.3558133117496129,+0000.0879536665788673,+0000.0502334114231487
+0000.3736622512747085,+0000.1198127662454227,+0000.3605984444225159,+0000.0918233071940959,+0000.0541032308632575
+0000.3603570181240264,+0000.1206603558534916,+0000.3650435839135436,+0000.0957961726381670,+0000.0581428694707719
+0000.3472243999082705,+0000.1214112494147021,+0000.3691397846791704,+0000.0998716366007601,+0000.0623529293970973
+0000.3342745039457606,+0000.1220640525776607,+0000.3728788134593085,+0000.1040489133540053,+0000.0667337166632654
+0000.3215170051900942,+0000.1226175373274656,+0000.3762531653563524,+0000.1083270560453118,+0000.0712852360807763
+0000.3089611349280831,+0000.1230706445740926,+0000.3792560784600523,+0000.1127049552768893,+0000.0760071867608830
+0000.2966156703797815,+0000.1234224864297081,+0000.3818815469899045,+0000.1171813379769031,+0000.0808989582237032
+0000.2844889252196441,+0000.1236723481701755,+0000.3841243329287286,+0000.1217547665652816,+0000.0859596271161706
+0000.2725887410324125,+0000.1238196898766993,+0000.3859799761251991,+0000.1264236384179312,+0000.0911879545477586
+0000.2609224797156462,+0000.1238641477540827,+0000.3874448028458427,+0000.1311861856326260,+0000.0965823840518030
+0000.2494970168422685,+0000.1238055351227480,+0000.3885159327594812,+0000.1360404750978380,+0000.1021410401776648
+0000.2383187359911717,+0000.1236438430822858,+0000.3891912843409814,+0000.1409844088665731,+0000.1078617277189885
+0000.2273935240521895,+0000.1233792408448436,+0000.3894695786840260,+0000.1460157248367775,+0000.1137419315821637
+0000.2167267675130126,+0000.1230120757374522,+0000.3893503417154704,+0000.1511319977377451,+0000.1197788172963199
+0000.2063233497300068,+0000.1225428728728851,+0000.3888339048074910,+0000.1563306404230735,+0000.1259692321665440
+0000.1961876491846785,+0000.1219723344893212,+0000.3879214037866010,+0000.1616089054693810,+0000.1323097070700187
+0000.1863235387255071,+0000.1213013389597282,+0000.3866147763418343,+0000.1669638870794168,+0000.1387964588935140
+0000.1767343857933016,+0000.1205309394725422,+0000.3849167578376695,+0000.1723925232874014,+0000.1454253936090859
+0000.1674230536248829,+0000.1196623623858080,+0000.3828308755402330,+0000.1778915984645516,+0000.1521921099845248
+0000.1583919034293937,+0000.1186970052574871,+0000.3803614412686439,+0000.1834577461216433,+0000.1590919039228325
+0000.1496427975295635,+0000.1176364345555299,+0000.3775135424864470,+0000.1890874520045527,+0000.1661197734239074
+0000.1411771034570929,+0000.1164823830516326,+0000.3742930318509587,+0000.1947770574791318,+0000.1732704241611844
+0000.1329956989908150,+0000.1152367469032729,+0000.3707065152416928,+0000.2005227632004971,+0000.1805382756637227
+0000.1250989781240449,+0000.1139015824294193,+0000.3667613382918635,+0000.2063206330611710,+0000.1879174680935016
+0000.1174868579457120,+0000.1124791025857070,+0000.3624655714501280,+0000.2121665984122190,+0000.1954018696062341
+0000.1101587864170251,+0000.1109716731452783,+0000.3578279936019559,+0000.2180564625517786,+0000.2029850842839624
+0000.1031137510261834,+0000.1093818085926006,+0000.3528580742840485,+0000.2239859054728524,+0000.2106604606243153
+0000.0963502882996235,+0000.1077121677376190,+0000.3475659545271178,+0000.2299504888635563,+0000.2184211005720837
+0000.0898664941468586,+0000.1059655490581844,+0000.3419624263646895,+0000.2359456613524032,+0000.2262598690778646
+0000.0836600350162246,+0000.1041448857795964,+0000.3360589110497697,+0000.2419667639891872,+0000.2341694041652224
+0000.0777281598352775,+0000.1022532407002680,+0000.3298674360223863,+0000.2480090359530839,+0000.2421421274889847
+0000.0720677127082790,+0000.1002938007729548,+0000.3234006106732566,+0000.2540676204791503,+0000.2501702553663595
+0000.0666751463433839,+0000.0982698714517877,+0000.3166716009530727,+0000.2601375709925771,+0000.2582458102591790
+0000.0615465361789920,+0000.0961848708156389,+0000.3096941028773442,+0000.2662138574408328,+0000.2663606326871925
+0000.0566775951775670,+0000.0940423234785184,+0000.3024823149788881,+0000.2722913728137615,+0000.2745063935512654
+0000.0520636892553731,+0000.0918458542986019,+0000.2950509097641251,+0000.2783649398397443,+0000.2826746068421559
+0000.0476998533138367,+0000.0895991818976255,+0000.2874150042292706,+0000.2844293178469558,+0000.2908566427123118
+0000.0435808078372771,+0000.0873061120024985,+0000.2795901294943516,+0000.2904792097786972,+0000.2990437408871761
+0000.0397009760219013,+0000.0849705306218770,+0000.2715921996169507,+0000.2965092693498915,+0000.3072270243893798
+0000.0360545013984980,+0000.0825963970703755,+0000.2634374796466030,+0000.3025141083330228,+0000.3153975135515010
+0000.0326352659110346,+0000.0801877368534090,+0000.2551425529835121,+0000.3084883039610641,+0000.3235461402909806
+0000.0294369084124911,+0000.0777486344260451,+0000.2467242881065728,+0000.3144264064345377,+0000.3316637626203537
+0000.0264528435384601,+0000.0752832258394932,+0000.2381998047369467,+0000.3203229465196355,+0000.3397411793654650
+0000.0236762809183250,+0000.0727956912890782,+0000.2295864395045590,+0000.3261724432241386,+0000.3477691450638993
+0000.0211002446828397,+0000.0702902475774232,+0000.2209017111845911,+0000.3319694115384720,+0000.3557383850166743
+0000.0187175932273209,+0000.0677711405073137,+0000.2121632855747531,+0000.3377083702275110,+0000.3636396104631017
+0000.0165210391883405,+0000.0652426372184837,+0000.2033889400822103,+0000.3433838496598440,+0000.3714635338511218
+0000.0145031695915796,+0000.0627090184824479,+0000.1945965280897057,+0000.3489903996613664,+0000.3792008841749006
+0000.0126564661288319,+0000.0601745709702203,+0000.1858039431733599,+0000.3545225973785470,+0000.3868424223490414
+0000.0109733255212641,+0000.0576435795073839,+0000.1770290832422816,+0000.3599750551378648,+0000.3943789565912060
+0000.0094460799260517,+0000.0551203193308096,+0000.1682898146704251,+0000.3653424282881330,+0000.4018013577845809
+0000.0080670173439498,+0000.0526090483619466,+0000.1596039364936284,+0000.3706194230110387,+0000.4091005747894366
+0000.0068284019848849,+0000.0501139995111442,+0000.1509891447419900,+0000.3758008040864007,+0000.4162676496755804
+0000.0057224945489042,+0000.0476393730271945,+0000.1424629969776660,+0000.3808814025989756,+0000.4232937328472601
+0000.0047415723803955,+0000.0451893289069205,+0000.1340428771101378,+0000.3858561235722612,+0000.4301700980302854
+0000.0038779494533991,+0000.0427679793788939,+0000.1257459605579657,+0000.3907199535162170,+0000.4368881570935247
+0000.0031239961463266,+0000.0403793814752395,+0000.1175891798254270,+0000.3954679678758927,+0000.4434394746771148
+0000.0024721587651222,+0000.0380275297059159,+0000.1095891905639800,+0000.4000953383668828,+0000.4498157825980995
+0000.0019149787741724,+0000.0357163488489746,+0000.1017623381851756,+0000.4045973401851401,+0000.4560089940065377
+0000.0014451116949954,+0000.0334496868702830,+0000.0941246250905147,+0000.4089693590784949,+0000.4620112172657125
+0000.0010553456336199,+0000.0312313079863724,+0000.0866916785849230,+0000.4132068982665867,+0000.4678147695284984
+0000.0007386193981522,+0000.0290648858831311,+0000.0794787195365371,+0000.4173055851975283,+0000.4734121899846518
+0000.0004880401690262,+0000.0269539971032289,+0000.0725005318451249,+0000.4212611781289920,+0000.4787962527536283
+0000.0002969006853674,+0000.0249021146146778,+0000.0657714327799582,+0000.4250695725220175,+0000.4839599793979795
+0000.0001586959119240,+0000.0229126015725905,+0000.0593052442461975,+0000.4287268072361679,+0000.4888966510331205
+0000.0000671391521062,+0000.0209887052859656,+0000.0531152650368746,+0000.4322290705147719,+0000.4935998200102822
+0000.0000161775738364,+0000.0191335514005242,+0000.0472142441248398,+0000.4355727057501051,+0000.4980633211506949
+0000.0000000071161803,+0000.0173501383088567,+0000.0416143550490055,+0000.4387542170175766,+0000.5022812825083811
+0000.0000130867459797,+0000.0156413317981786,+0000.0363271714451145,+0000.4417702743693772,+0000.5062481356413505
+0000.0000501520350898,+0000.0140098599455834,+0000.0313636437692199,+0000.4446177188783514,+0000.5099586253717560
+0000.0001062280302381,+0000.0124583082706365,+0000.0267340772612194,+0000.4472935674225776,+0000.5134078190153287
+0000.0001766413889804,+0000.0109891151541514,+0000.0224481111917042,+0000.4497950172025260,+0000.5165911150626384
+0000.0002570317567717,+0000.0096045675316485,+0000.0185146994330108,+0000.4521194499827694,+0000.5195042512958001
+0000.0003433623617227,+0000.0083067968697339,+0000.0149420923940481,+0000.4542644360503513,+0000.5221433123241443
+0000.0004319298052446,+0000.0070977754327022,+0000.0117378203543729,+0000.4562277378831021,+0000.5245047365245786
+0000.0005193730284562,+0000.0059793128462528,+0000.0089086782304280,+0000.4580073135213693,+0000.5265853223734941
+0000.0006026814359035,+0000.0049530529648556,+0000.0064607118050132,+0000.4596013196369341,+0000.5283822341572941
+0000.0006792021599082,+0000.0040204710483916,+0000.0043992054470483,+0000.4610081142939675,+0000.5298930070506848
+0000.0007466464506299,+0000.0031828712532322,+0000.0027286713459875,+0000.4622262593970887,+0000.5311155515530622
+0000.0008030951787117,+0000.0024413844424730,+0000.0014528402828966,+0000.4632545228220946,+0000.5320481572738245
+0000.0008470034392273,+0000.0017969663191936,+0000.0005746539563533,+0000.4640918802257871,+0000.5326894960594393
+0000.0008772042474969,+0000.0012503958860576,+0000.0000962588785522,+0000.4647375165317704,+0000.5330386244561233
+0000.0008929113191924,+0000.0008022742341125,+0000.0000190018541574,+0000.4651908270895271,+0000.5330949855030110
+0000.0008937209290573,+0000.0004530236627789,+0000.0003434270508685,+0000.4654514185049207,+0000.5328584098523749
+0000.0008796128444532,+0000.0002028871325469,+0000.0010692746677803,+0000.4655191091408127,+0000.5323291162144073
+0000.0008509503318459,+0000.0000519280511792,+0000.0021954812044362,+0000.4653939292869028,+0000.5315077111256364
+0000.0008084792362586,+0000.0000000303936665,+0000.0037201813302183,+0000.4650761209987037,+0000.5303951880411537
+0000.0007533261356242,+0000.0000468991554466,+0000.0056407113505209,+0000.4645661376061806,+0000.5289929257522280
+0000.0006869955738647,+0000.0001920611378331,+0000.0079536142633132,+0000.4638646428928986,+0000.5273026861320909
+0000.0006113663784355,+0000.0004348660639450,+0000.0106546463960112,+0000.4629725099474770,+0000.5253266112141318
+0000.0005286870699494,+0000.0007744880227788,+0000.0137387856097746,+0000.4618908196896299,+0000.5230672196078677
