+0000.9999999999999991,+0000.0000000000000000,+0000.0000000000000000,+0000.0000000000000000,+0000.0000000000000000
+0000.9998749554058959,+0000.0000250089605188,+0000.0001000350081003,+0000.0000000006254846,+0000.0000000000000000
+0000.9994998866694995,+0000.0001000233331757,+0000.0004000799903215,+0000.0000000100070028,+0000.0000000000000000
+0000.9988749888918911,+0000.0002250055979040,+0000.0008999548560872,+0000.0000000506541171,+0000.0000000000000000
+0000.9980005871193477,+0000.0003998932433623,+0000.0015993595732909,+0000.0000001600639986,+0000.0000000000000000
+0000.9968771361601283,+0000.0006245988000764,+0000.0024978743465042,+0000.0000003906932904,+0000.0000000000000000
+0000.9955052203281272,+0000.0008990098868109,+0000.0035949598663207,+0000.0000008099187407,+0000.0000000000000000
+0000.9938855531135316,+0000.0012229892701473,+0000.0048899576296912,+0000.0000014999866295,+0000.0000000000000000
+0000.9920189767806860,+0000.0015963749372319,+0000.0063820903310597,+0000.0000025579510219,+0000.0000000000000000
+0000.9899064618933862,+0000.0020189801816558,+0000.0080704623240720,+0000.0000040956008851,+0000.0000000000000000
+0000.9875491067678814,+0000.0024905937024174,+0000.0099540601535852,+0000.0000062393761153,+0000.0000000000000000
+0000.9849481368538976,+0000.0030109797159124,+0000.0120317531576634,+0000.0000091302725259,+0000.0000000000000000
+0000.9821049040440409,+0000.0035798780808892,+0000.0143022941392113,+0000.0000129237358577,+0000.0000000000000000
+0000.9790208859119807,+0000.0041970044362992,+0000.0167643201068445,+0000.0000177895448748,+0000.0000000000000000
+0000.9756976848798464,+0000.0048620503519660,+0000.0194163530845655,+0000.0000239116836217,+0000.0000000000000000
+0000.9721370273153261,+0000.0055746834919874,+0000.0222568009897671,+0000.0000314882029186,+0000.0000000000000000
+0000.9683407625589824,+0000.0063345477907827,+0000.0252839585790510,+0000.0000407310711833,+0000.0000000000000000
+0000.9643108618823457,+0000.0071412636416820,+0000.0284960084613008,+0000.0000518660146709,+0000.0000000000000000
+0000.9600494173773938,+0000.0079944280979562,+0000.0318910221774173,+0000.0000651323472322,+0000.0000000000000000
+0000.9555586407780461,+0000.0088936150861740,+0000.0354669613460831,+0000.0000807827896962,+0000.0000000000000000
+0000.9508408622143717,+0000.0098383756317655,+0000.0392216788748733,+0000.0000990832789889,+0000.0000000000000000
+0000.9458985289001991,+0000.0108282380966707,+0000.0431529202360213,+0000.0001203127671087,+0000.0000000000000000
+0000.9407342037549189,+0000.0118627084289333,+0000.0472583248060649,+0000.0001447630100821,+0000.0000000000000000
+0000.9353505639602550,+0000.0129412704241084,+0000.0515354272686032,+0000.0001727383470329,+0000.0000000000000000
+0000.9297503994528346,+0000.0140633859983316,+0000.0559816590793325,+0000.0002045554695008,+0000.0000000000000000
+0000.9239366113534402,+0000.0152284954729009,+0000.0605943499925030,+0000.0002405431811554,+0000.0000000000000000
+0000.9179122103338366,+0000.0164360178702121,+0000.0653707296478967,+0000.0002810421480541,+0000.0000000000000000
+0000.9116803149221211,+0000.0176853512208813,+0000.0703079292173968,+0000.0003264046396001,+0000.0000000000000000
+0000.9052441497475814,+0000.0189758728818826,+0000.0754029831101731,+0000.0003769942603624,+0000.0000000000000000
+0000.8986070437260462,+0000.0203069398655285,+0000.0806528307354999,+0000.0004331856729249,+0000.0000000000000000
+0000.8917724281868141,+0000.0216778891791036,+0000.0860543183221435,+0000.0004953643119384,+0000.0000000000000000
+0000.8847438349422109,+0000.0230880381749630,+0000.0916042007932724,+0000.0005639260895531,+0000.0000000000000000
+0000.8775248943009015,+0000.0245366849109048,+0000.0972991436957767,+0000.0006392770924165,+0000.0000000000000000
+0000.8701193330260942,+0000.0260231085206130,+0000.1031357251828665,+0000.0007218332704258,+0000.0000000000000000
+0000.8625309722398364,+0000.0275465695939573,+0000.1091104380487762,+0000.0008120201174294,+0000.0000000000000000
+0000.8547637252745564,+0000.0291063105669585,+0000.1152196918144071,+0000.0009102723440776,+0000.0000000000000000
+0000.8468215954731824,+0000.0307015561211708,+0000.1214598148626204,+0000.0010170335430259,+0000.0000000000000000
+0000.8387086739389866,+0000.0323315135922928,+0000.1278270566220173,+0000.0011327558467028,+0000.0000000000000000
+0000.8304291372365800,+0000.0339953733877515,+0000.1343175897978146,+0000.0012578995778537,+0000.0000000000000000
+0000.8219872450452768,+0000.0356923094130418,+0000.1409275126485993,+0000.0013929328930819,+0000.0000000000000000
+0000.8133873377662217,+0000.0374214795065851,+0000.1476528513075837,+0000.0015383314196090,+0000.0000000000000000
+0000.8046338340847113,+0000.0391820258828523,+0000.1544895621469536,+0000.0016945778854824,+0000.0000000000000000
+0000.7957312284889887,+0000.0409730755835205,+0000.1614335341840277,+0000.0018621617434627,+0000.0000000000000000
+0000.7866840887470998,+0000.0427937409363965,+0000.1684805915276777,+0000.0020415787888253,+0000.0000000000000000
+0000.7774970533431016,+0000.0446431200218727,+0000.1756264958637062,+0000.0022333307713189,+0000.0000000000000000
+0000.7681748288742555,+0000.0465202971466266,+0000.1828669489775970,+0000.0024379250015204,+0000.0000000000000000
+0000.7587221874105825,+0000.0484243433243303,+0000.1901975953132485,+0000.0026558739518382,+0000.0000000000000000
+0000.7491439638183472,+0000.0503543167630903,+0000.1976140245661502,+0000.0028876948524118,+0000.0000000000000000
+0000.7394450530490710,+0000.0523092633593321,+0000.2051117743094348,+0000.0031339092821614,+0000.0000000000000000
+0000.7296304073954982,+0000.0542882171978884,+0000.2126863326513647,+0000.0033950427552481,+0000.0000000000000000
+0000.7197050337162658,+0000.0562902010579790,+0000.2203331409225540,+0000.0036716243032007,+0000.0000000000000000
+0000.7096739906306997,+0000.0583142269248272,+0000.2280475963914954,+0000.0039641860529773,+0000.0000000000000000
+0000.6995423856855307,+0000.0603592965066082,+0000.2358250550066385,+0000.0042732628012220,+0000.0000000000000000
+0000.6893153724949810,+0000.0624244017564690,+0000.2436608341635584,+0000.0045993915849911,+0000.0000000000000000
+0000.6789981478560450,+0000.0645085253992897,+0000.2515502154954497,+0000.0049431112492151,+0000.0000000000000000
+0000.6685959488404823,+0000.0666106414629441,+0000.2594884476854007,+0000.0053049620111723,+0000.0000000000000000
+0000.6581140498652536,+0000.0687297158137277,+0000.2674707492987692,+0000.0056854850222490,+0000.0000000000000000
+0000.6475577597431459,+0000.0708647066956575,+0000.2754923116339344,+0000.0060852219272617,+0000.0000000000000000
+0000.6369324187151348,+0000.0730145652733835,+0000.2835483015898577,+0000.0065047144216236,+0000.0000000000000000
+0000.6262433954663809,+0000.0751782361783551,+0000.2916338645486328,+0000.0069445038066308,+0000.0000000000000000
+0000.6154960841273783,+0000.0773546580579856,+0000.2997441272714778,+0000.0074051305431582,+0000.0000000000000000
+0000.6046959012621755,+0000.0795427641274900,+0000.3078742008062969,+0000.0078871338040372,+0000.0000000000000000
+0000.5938482828452453,+0000.0817414827240942,+0000.3160191834052498,+0000.0083910510254106,+0000.0000000000000000
+0000.5829586812288020,+0000.0839497378633092,+0000.3241741634505443,+0000.0089174174573438,+0000.0000000000000000
+0000.5720325621023801,+0000.0861664497969674,+0000.3323342223866759,+0000.0094667657139763,+0000.0000000000000000
+0000.5610754014462537,+0000.0883905355727104,+0000.3404944376575276,+0000.0100396253235080,+0000.0000000000000000
+0000.5500926824806538,+0000.0906209095946093,+0000.3486498856464393,+0000.0106365222782972,+0000.0000000000000000
+0000.5390898926123708,+0000.0928564841846246,+0000.3567956446176388,+0000.0112579785853654,+0000.0000000000000000
+0000.5280725203805303,+0000.0950961701446021,+0000.3649267976572730,+0000.0119045118175943,+0000.0000000000000000
+0000.5170460524034497,+0000.0973388773184527,+0000.3730384356122026,+0000.0125766346658947,+0000.0000000000000000
+0000.5060159703280812,+0000.0995835151542563,+0000.3811256600250155,+0000.0132748544926468,+0000.0000000000000000
+0000.4949877477839817,+0000.1018289932659630,+0000.3891835860633673,+0000.0139996728866876,+0000.0000000000000000
+0000.4839668473435026,+0000.1040742219943663,+0000.3972073454419962,+0000.0147515852201347,+0000.0000000000000000
+0000.4729587174898753,+0000.1063181129670633,+0000.4051920893357245,+0000.0155310802073365,+0000.0000000000000000
+0000.4619687895951275,+0000.1085595796570786,+0000.4131329912815757,+0000.0163386394662179,+0000.0000000000000000
+0000.4510024749093109,+0000.1107975379398564,+0000.4210252500685100,+0000.0171747370823225,+0000.0000000000000000
+0000.4400651615629585,+0000.1130309066483002,+0000.4288640926129206,+0000.0180398391758206,+0000.0000000000000000
+0000.4291622115844276,+0000.1152586081255797,+0000.4366447768182276,+0000.0189344034717649,+0000.0000000000000000
+0000.4182989579337785,+0000.1174795687753837,+0000.4443625944169580,+0000.0198588788738795,+0000.0000000000000000
+0000.4074807015550798,+0000.1196927196093005,+0000.4520128737934775,+0000.0208137050421421,+0000.0000000000000000
+0000.3967127084485743,+0000.1218969967910843,+0000.4595909827858876,+0000.0217993119744536,+0000.0000000000000000
+0000.3860002067645922,+0000.1240913421774465,+0000.4670923314653087,+0000.0228161195926524,+0000.0000000000000000
+0000.3753483839207237,+0000.1262747038551141,+0000.4745123748910054,+0000.0238645373331568,+0000.0000000000000000
+0000.3647623837441001,+0000.1284460366738489,+0000.4818466158395699,+0000.0249449637424808,+0000.0000000000000000
+0000.3542473036401768,+0000.1306043027751448,+0000.4890906075067623,+0000.0260577860779159,+0000.0000000000000000
+0000.3438081917898240,+0000.1327484721162984,+0000.4962399561802563,+0000.0272033799136212,+0000.0000000000000000
+0000.3334500443762637,+0000.1348775229895982,+0000.5032903238817521,+0000.0283821087523859,+0000.0000000000000000
+0000.3231778028433888,+0000.1369904425363244,+0000.5102374309769583,+0000.0295943236433284,+0000.0000000000000000
+0000.3129963511872061,+0000.1390862272552693,+0000.5170770587517600,+0000.0308403628057644,+0000.0000000000000000
+0000.3029105132817139,+0000.1411638835055563,+0000.5238050519532115,+0000.0321205512595180,+0000.0000000000000000
+0000.2929250502409261,+0000.1432224280034249,+0000.5304173212937450,+0000.0334352004619039,+0000.0000000000000000
+0000.2830446578184878,+0000.1452608883127382,+0000.5369098459171450,+0000.0347846079516289,+0000.0000000000000000
+0000.2732739638463105,+0000.1472783033289733,+0000.5432786758248606,+0000.0361690569998555,+0000.0000000000000000
+0000.2636175257138647,+0000.1492737237563747,+0000.5495199342611181,+0000.0375888162686423,+0000.0000000000000000
+0000.2540798278893368,+0000.1512462125780649,+0000.5556298200555773,+0000.0390441394770209,+0000.0000000000000000
+0000.2446652794842479,+0000.1531948455188483,+0000.5616046099219967,+0000.0405352650749069,+0000.0000000000000000
+0000.2353782118627909,+0000.1551187115004466,+0000.5674406607116712,+0000.0420624159250912,+0000.0000000000000000
+0000.2262228762974239,+0000.1570169130889123,+0000.5731344116201672,+0000.0436257989934966,+0000.0000000000000000
+0000.2172034416718326,+0000.1588885669340311,+0000.5786823863461910,+0000.0452256050479453,+0000.0000000000000000
+0000.2083239922327399,+0000.1607328042004194,+0000.5840811952012170,+0000.0468620083656235,+0000.0000000000000000
+0000.1995885253917835,+0000.1625487709901119,+0000.5893275371686554,+0000.0485351664494492,+0000.0000000000000000
+0000.1910009495786585,+0000.1643356287564411,+0000.5944182019113502,+0000.0502452197535499,+0000.0000000000000000
+0000.1825650821469045,+0000.1660925547089301,+0000.5993500717261500,+0000.0519922914180155,+0000.0000000000000000
+0000.1742846473333166,+0000.1678187422090338,+0000.6041201234444985,+0000.0537764870131510,+0000.0000000000000000
+0000.1661632742723030,+0000.1695134011565012,+0000.6087254302778184,+0000.0555978942933773,+0000.0000000000000000
+0000.1582044950661961,+0000.1711757583661760,+0000.6131631636066490,+0000.0574565829609789,+0000.0000000000000000
+0000.1504117429127656,+0000.1728050579349681,+0000.6174305947124252,+0000.0593526044398413,+0000.0000000000000000
+0000.1427883502907981,+0000.1744005615989035,+0000.6215250964509228,+0000.0612859916593756,+0000.0000000000000000
+0000.1353375472049143,+0000.1759615490800109,+0000.6254441448663151,+0000.0632567588487599,+0000.0000000000000000
+0000.1280624594905687,+0000.1774873184228333,+0000.6291853207449315,+0000.0652649013416665,+0000.0000000000000000
+0000.1209661071801412,+0000.1789771863204710,+0000.6327463111077650,+0000.0673103953916229,+0000.0000000000000000
+0000.1140514029311711,+0000.1804304884299326,+0000.6361249106407816,+0000.0693931979981145,+0000.0000000000000000
+0000.1073211505174493,+0000.1818465796766175,+0000.6393190230623149,+0000.0715132467436183,+0000.0000000000000000
+0000.1007780433839388,+0000.1832248345478322,+0000.6423266624265829,+0000.0736704596416465,+0000.0000000000000000
+0000.0944246632662933,+0000.1845646473751584,+0000.6451459543626098,+0000.0758647349959384,+0000.0000000000000000
+0000.0882634788757117,+0000.1858654326054988,+0000.6477751372478525,+0000.0780959512709369,+0000.0000000000000000
+0000.0822968446499692,+0000.1871266250607231,+0000.6502125633157060,+0000.0803639669736017,+0000.0000000000000000
+0000.0765269995711746,+0000.1883476801857674,+0000.6524566996963340,+0000.0826686205467241,+0000.0000000000000000
+0000.0709560660510320,+0000.1895280742850103,+0000.6545061293901583,+0000.0850097302737993,+0000.0000000000000000
+0000.0655860488841341,+0000.1906673047468951,+0000.6563595521734060,+0000.0873870941955649,+0000.0000000000000000
+0000.0604188342699734,+0000.1917648902566401,+0000.6580157854351376,+0000.0898004900382489,+0000.0000000000000000
+0000.0554561889040806,+0000.1928203709969092,+0000.6594737649453470,+0000.0922496751536631,+0000.0000000000000000
+0000.0506997591388806,+0000.1938333088364134,+0000.6607325455535502,+0000.0947343864711558,+0000.0000000000000000
+0000.0461510702146921,+0000.1948032875063208,+0000.6617913018174837,+0000.0972543404615034,+0000.0000000000000000
+0000.0418115255612619,+0000.1957299127643553,+0000.6626493285615653,+0000.0998092331128173,+0000.0000000000000000
+0000.0376824061702863,+0000.1966128125465822,+0000.6633060413646789,+0000.1023987399184525,+0000.0000000000000000
+0000.0337648700391461,+0000.1974516371067814,+0000.6637609769770457,+0000.1050225158770269,+0000.0000000000000000
+0000.0300599516862311,+0000.1982460591433034,+0000.6640137936659234,+0000.1076801955045421,+0000.0000000000000000
+0000.0265685617380719,+0000.1989957739134362,+0000.6640642714898560,+0000.1103713928586360,+0000.0000000000000000
+0000.0232914865884681,+0000.1997004993351987,+0000.6639123125013279,+0000.1130957015750052,+0000.0000000000000000
+0000.0202293881298559,+0000.2003599760764658,+0000.6635579408777160,+0000.1158526949159625,+0000.0000000000000000
+0000.0173828035569165,+0000.2009739676315359,+0000.6630013029803468,+0000.1186419258312009,+0000.0000000000000000
+0000.0147521452426185,+0000.2015422603849419,+0000.6622426673417275,+0000.1214629270307120,+0000.0000000000000000
+0000.0123377006867098,+0000.2020646636626314,+0000.6612824245808362,+0000.1243152110698226,+0000.0000000000000000
+0000.0101396325365754,+0000.2025410097704474,+0000.6601210872465355,+0000.1271982704464416,+0000.0000000000000000
+0000.0081579786805433,+0000.2029711540198731,+0000.6587592895892171,+0000.1301115777103662,+0000.0000000000000000
+0000.0063926524134796,+0000.2033549747411248,+0000.6571977872607376,+0000.1330545855846579,+0000.0000000000000000
+0000.0048434426745143,+0000.2036923732835585,+0000.6554374569427934,+0000.1360267270991337,+0000.0000000000000000
+0000.0035100143568333,+0000.2039832740033853,+0000.6534792959040291,+0000.1390274157357524,+0000.0000000000000000
+0000.0023919086892005,+0000.2042276242387812,+0000.6513244214859739,+0000.1420560455860445,+0000.0000000000000000
+0000.0014885436890561,+0000.2044253942724045,+0000.6489740705181899,+0000.1451119915203495,+0000.0000000000000000
+0000.0007992146868476,+0000.2045765772813146,+0000.6464295986629611,+0000.1481946093688768,+0000.0000000000000000
+0000.0003230949212463,+0000.2046811892744109,+0000.6436924796897713,+0000.1513032361145716,+0000.0000000000000000
+0000.0000592362049175,+0000.2047392690174303,+0000.6407643046801267,+0000.1544371900975257,+0000.0000000000000000
+0000.0000065696603758,+0000.2047508779454976,+0000.6376467811630451,+0000.1575957712310815,+0000.0000000000000000
+0000.0001639065255029,+0000.2047161000634024,+0000.6343417321817697,+0000.1607782612293250,+0000.0000000000000000
+0000.0005299390282044,+0000.2046350418336319,+0000.6308510952922165,+0000.1639839238459472,+0000.0000000000000000
+0000.0011032413296805,+0000.2045078320521858,+0000.6271769214936728,+0000.1672120051244609,+0000.0000000000000000
+0000.0018822705357142,+0000.2043346217123820,+0000.6233213740924702,+0000.1704617336594334,+0000.0000000000000000
+0000.0028653677753816,+0000.2041155838566631,+0000.6192867274990915,+0000.1737323208688635,+0000.0000000000000000
+0000.0040507593465017,+0000.2038509134165090,+0000.6150753659596030,+0000.1770229612773863,+0000.0000000000000000
+0000.0054365579271285,+0000.2035408270406319,+0000.6106897822220149,+0000.1803328328102247,+0000.0000000000000000
+0000.0070207638523907,+0000.2031855629115066,+0000.6061325761382591,+0000.1836610970978435,+0000.0000000000000000
+0000.0088012664558266,+0000.2027853805503769,+0000.6014064532028384,+0000.1870068997909582,+0000.0000000000000000
+0000.0107758454745001,+0000.2023405606108805,+0000.5965142230286448,+0000.1903693708859744,+0000.0000000000000000
+0000.0129421725169677,+0000.2018514046614453,+0000.5914587977610912,+0000.1937476250604956,+0000.0000000000000000
+0000.0152978125932329,+0000.2013182349565427,+0000.5862431904313927,+0000.1971407620188317,+0000.0000000000000000
+0000.0178402257058349,+0000.2007413941969953,+0000.5808705132497771,+0000.2005478668473926,+0000.0000000000000000
+0000.0205667685009780,+0000.2001212452795244,+0000.5753439758399068,+0000.2039680103795905,+0000.0000000000000000
+0000.0234746959788761,+0000.1994581710355776,+0000.5696668834152150,+0000.2074002495703312,+0000.0000000000000000
+0000.0265611632621480,+0000.1987525739597526,+0000.5638426348984301,+0000.2108436278796691,+0000.0000000000000000
+0000.0298232274212542,+0000.1980048759279235,+0000.5578747209852997,+0000.2142971756655225,+0000.0000000000000000
+0000.0332578493559540,+0000.1972155179051840,+0000.5517667221535186,+0000.2177599105853434,+0000.0000000000000000
+0000.0368618957315338,+0000.1963849596439234,+0000.5455223066181929,+0000.2212308380063499,+0000.0000000000000000
+0000.0406321409687058,+0000.1955136793721615,+0000.5391452282349325,+0000.2247089514242001,+0000.0000000000000000
+0000.0445652692860803,+0000.1946021734722666,+0000.5326393243516616,+0000.2281932328899915,+0000.0000000000000000
+0000.0486578767937831,+0000.1936509561504185,+0000.5260085136106815,+0000.2316826534451169,+0000.0000000000000000
+0000.0529064736372324,+0000.1926605590968811,+0000.5192567937018597,+0000.2351761735640266,+0000.0000000000000000
+0000.0573074861895751,+0000.1916315311373476,+0000.5123882390686202,+0000.2386727436044568,+0000.0000000000000000
+0000.0618572592915650,+0000.1905644378756155,+0000.5054069985678684,+0000.2421713042649510,+0000.0000000000000000
+0000.0665520585376617,+0000.1894598613277348,+0000.4983172930850742,+0000.2456707870495291,+0000.0000000000000000
+0000.0713880726067272,+0000.1883183995479178,+0000.4911234131062957,+0000.2491701147390592,+0000.0000000000000000
+0000.0763614156362594,+0000.1871406662463945,+0000.4838297162480343,+0000.2526682018693115,+0000.0000000000000000
+0000.0814681296384845,+0000.1859272903995144,+0000.4764406247467642,+0000.2561639552152369,+0000.0000000000000000
+0000.0867041869569725,+0000.1846789158522554,+0000.4689606229094574,+0000.2596562742813149,+0000.0000000000000000
+0000.0920654927624537,+0000.1833962009134156,+0000.4613942545263639,+0000.2631440517977667,+0000.0000000000000000
+0000.0975478875860527,+0000.1820798179438046,+0000.4537461202479813,+0000.2666261742221609,+0000.0000000000000000
+0000.1031471498887991,+0000.1807304529375200,+0000.4460208749272553,+0000.2701015222464254,+0000.0000000000000000
+0000.1088589986655965,+0000.1793488050967453,+0000.4382232249289211,+0000.2735689713087370,+0000.0000000000000000
+0000.1146790960822225,+0000.1779355864002510,+0000.4303579254074053,+0000.2770273921101211,+0000.0000000000000000
+0000.1206030501439359,+0000.1764915211657737,+0000.4224297775547065,+0000.2804756511355838,+0000.0000000000000000
+0000.1266264173937844,+0000.1750173456067304,+0000.4144436258202433,+0000.2839126111792419,+0000.0000000000000000
+0000.1327447056394189,+0000.1735138073833575,+0000.4064043551037754,+0000.2873371318734483,+0000.0000000000000000
+0000.1389533767064615,+0000.1719816651486288,+0000.3983168879234893,+0000.2907480702214202,+0000.0000000000000000
+0000.1452478492169386,+0000.1704216880892512,+0000.3901861815606723,+0000.2941442811331377,+0000.0000000000000000
+0000.1516235013912713,+0000.1688346554619336,+0000.3820172251824831,+0000.2975246179643119,+0000.0000000000000000
+0000.1580756738719035,+0000.1672213561252610,+0000.3738150369448421,+0000.3008879330579933,+0000.0000000000000000
+0000.1645996725670364,+0000.1655825880674835,+0000.3655846610769134,+0000.3042330782885665,+0000.0000000000000000
+0000.1711907715129431,+0000.1639191579304140,+0000.3573311649487068,+0000.3075589056079359,+0000.0000000000000000
+0000.1778442157527899,+0000.1622318805298152,+0000.3490596361239868,+0000.3108642675934078,+0000.0000000000000000
+0000.1845552242307343,+0000.1605215783724776,+0000.3407751793995991,+0000.3141480179971889,+0000.0000000000000000
+0000.1913189926992067,+0000.1587890811703691,+0000.3324829138334205,+0000.3174090122970033,+0000.0000000000000000
+0000.1981306966378077,+0000.1570352253520665,+0000.3241879697624959,+0000.3206461082476298,+0000.0000000000000000
+0000.2049854941822722,+0000.1552608535717668,+0000.3158954858128582,+0000.3238581664331026,+0000.0000000000000000
+0000.2118785290613764,+0000.1534668142162772,+0000.3076106059032689,+0000.3270440508190772,+0000.0000000000000000
+0000.2188049335405233,+0000.1516539609100778,+0000.2993384762440677,+0000.3302026293053309,+0000.0000000000000000
+0000.2257598313698937,+0000.1498231520189550,+0000.2910842423333090,+0000.3333327742778419,+0000.0000000000000000
+0000.2327383407355766,+0000.1479752501524116,+0000.2828530459517666,+0000.3364333631602450,+0000.0000000000000000
+0000.2397355772120976,+0000.1461111216650612,+0000.2746500221583804,+0000.3395032789644606,+0000.0000000000000000
+0000.2467466567142205,+0000.1442316361575055,+0000.2664802962883254,+0000.3425414108399485,+0000.0000000000000000
+0000.2537666984467610,+0000.1423376659767891,+0000.2583489809549088,+0000.3455466546215409,+0000.0000000000000000
+0000.2607908278502697,+0000.1404300857168360,+0000.2502611730575209,+0000.3485179133753732,+0000.0000000000000000
+0000.2678141795410243,+0000.1385097717191700,+0000.2422219507971592,+0000.3514540979426462,+0000.0000000000000000
+0000.2748319002437632,+0000.1365776015741262,+0000.2342363707010978,+0000.3543541274810127,+0000.0000000000000000
+0000.2818391517150136,+0000.1346344536229371,+0000.2263094646589186,+0000.3572169300031307,+0000.0000000000000000
+0000.2888311136558202,+0000.1326812064609461,+0000.2184462369710135,+0000.3600414429122198,+0000.0000000000000000
+0000.2958029866117194,+0000.1307187384422374,+0000.2106516614118085,+0000.3628266135342343,+0000.0000000000000000
+0000.3027499948584314,+0000.1287479271859807,+0000.2029306783092019,+0000.3655713996463855,+0000.0000000000000000
+0000.3096673892717429,+0000.1267696490847879,+0000.1952881916417294,+0000.3682747700017396,+0000.0000000000000000
+0000.3165504501795670,+0000.1247847788153508,+0000.1877290661555318,+0000.3709357048495501,+0000.0000000000000000
+0000.3233944901946728,+0000.1227941888516589,+0000.1802581245026073,+0000.3735531964510606,+0000.0000000000000000
+0000.3301948570265929,+0000.1207987489810772,+0000.1728801444018230,+0000.3761262495905066,+0000.0000000000000000
+0000.3369469362706326,+0000.1187993258235951,+0000.1655998558248244,+0000.3786538820809477,+0000.0000000000000000
+0000.3436461541728328,+0000.1167967823544142,+0000.1584219382079453,+0000.3811351252648072,+0000.0000000000000000
+0000.3502879803688906,+0000.1147919774303491,+0000.1513510176921408,+0000.3835690245086191,+0000.0000000000000000
+0000.3568679305955528,+0000.1127857653201486,+0000.1443916643924349,+0000.3859546396918634,+0000.0000000000000000
+0000.3633815693730645,+0000.1107789952390073,+0000.1375483896982928,+0000.3882910456896351,+0000.0000000000000000
+0000.3698245126567354,+0000.1087725108877367,+0000.1308256436068681,+0000.3905773328486595,+0000.0000000000000000
+0000.3761924304564880,+0000.1067671499965792,+0000.1242278120902558,+0000.3928126074566766,+0000.0000000000000000
+0000.3824810494224955,+0000.1047637438741278,+0000.1177592144986588,+0000.3949959922047177,+0000.0000000000000000
+0000.3886861553955653,+0000.1027631169616074,+0000.1114241010007968,+0000.3971266266420301,+0000.0000000000000000
+0000.3948035959208795,+0000.1007660863926099,+0000.1052266500629625,+0000.3992036676235478,+0000.0000000000000000
+0000.4008292827232767,+0000.0987734615587336,+0000.0991709659685359,+0000.4012262897494536,+0000.0000000000000000
+0000.4067591941430804,+0000.0967860436812559,+0000.0932610763789520,+0000.4031936857967114,+0000.0000000000000000
+0000.4125893775306467,+0000.0948046253891239,+0000.0875009299379536,+0000.4051050671422753,+0000.0000000000000000
+0000.4183159515984003,+0000.0928299903035002,+0000.0818943939203554,+0000.4069596641777438,+0000.0000000000000000
+0000.4239351087291293,+0000.0908629126290933,+0000.0764452519265538,+0000.4087567267152231,+0000.0000000000000000
+0000.4294431172388213,+0000.0889041567525467,+0000.0711572016244960,+0000.4104955243841355,+0000.0000000000000000
+0000.4348363235931245,+0000.0869544768479986,+0000.0660338525400234,+0000.4121753470188531,+0000.0000000000000000
+0000.4401111545758416,+0000.0850146164902224,+0000.0610787238971858,+0000.4137955050367499,+0000.0000000000000000
+0000.4452641194082758,+0000.0830853082754147,+0000.0562952425096935,+0000.4153553298066155,+0000.0000000000000000
+0000.4502918118183298,+0000.0811672734498404,+0000.0516867407246205,+0000.4168541740072089,+0000.0000000000000000
+0000.4551909120578715,+0000.0792612215467264,+0000.0472564544198258,+0000.4182914119755757,+0000.0000000000000000
+0000.4599581888675003,+0000.0773678500313527,+0000.0430075210559727,+0000.4196664400451739,+0000.0000000000000000
+0000.4645905013872943,+0000.0754878439547213,+0000.0389429777845421,+0000.4209786768734420,+0000.0000000000000000
+0000.4690848010125727,+0000.0736218756159883,+0000.0350657596128225,+0000.4222275637586159,+0000.0000000000000000
+0000.4734381331936295,+0000.0717706042337096,+0000.0313786976269094,+0000.4234125649457511,+0000.0000000000000000
+0000.4776476391782228,+0000.0699346756262246,+0000.0278845172739094,+0000.4245331679216429,+0000.0000000000000000
+0000.4817105576959317,+0000.0681147219013495,+0000.0245858367042582,+0000.4255888836984602,+0000.0000000000000000
+0000.4856242265834398,+0000.0663113611554133,+0000.0214851651750800,+0000.4265792470860664,+0000.0000000000000000
+0000.4893860843495859,+0000.0645251971819774,+0000.0185849015157104,+0000.4275038169527260,+0000.0000000000000000
+0000.4929936716795759,+0000.0627568191902820,+0000.0158873326560512,+0000.4283621764740905,+0000.0000000000000000
+0000.4964446328772034,+0000.0610068015336216,+0000.0133946322188311,+0000.4291539333703431,+0000.0000000000000000
+0000.4997367172443620,+0000.0592757034477847,+0000.0111088591765102,+0000.4298787201313425,+0000.0000000000000000
+0000.5028677803971391,+0000.0575640687996921,+0000.0090319565735696,+0000.4305361942295987,+0000.0000000000000000
+0000.5058357855174965,+0000.0558724258464098,+0000.0071657503150939,+0000.4311260383209992,+0000.0000000000000000
+0000.5086388045400507,+0000.0542012870045626,+0000.0055119480221972,+0000.4316479604331888,+0000.0000000000000000
+0000.5112750192731135,+0000.0525511486304266,+0000.0040721379550957,+0000.4321016941413638,+0000.0000000000000000
+0000.5137427224533702,+0000.0509224908106913,+0000.0028477880044181,+0000.4324869987315200,+0000.0000000000000000
+0000.5160403187336611,+0000.0493157771639982,+0000.0018402447513282,+0000.4328036593510123,+0000.0000000000000000
+0000.5181663256031828,+0000.0477314546535030,+0000.0010507325970893,+0000.4330514871462245,+0000.0000000000000000
+0000.5201193742396880,+0000.0461699534103531,+0000.0004803529625181,+0000.4332303193874403,+0000.0000000000000000
+0000.5218982102930871,+0000.0446316865683175,+0000.0001300835578671,+0000.4333400195807279,+0000.0000000000000000
+0000.5235016946000914,+0000.0431170501096379,+0000.0000007777235393,+0000.4333804775667308,+0000.0000000000000000
+0000.5249288038294504,+0000.0416264227220805,+0000.0000931638420443,+0000.4333516096064243,+0000.0000000000000000
+0000.5261786310573840,+0000.0401601656673557,+0000.0004078448215571,+0000.4332533584537027,+0000.0000000000000000
+0000.5272503862729618,+0000.0387186226609451,+0000.0009452976513921,+0000.4330856934147005,+0000.0000000000000000
+0000.5281433968130532,+0000.0373021197633576,+0000.0017058730296671,+0000.4328486103939213,+0000.0000000000000000
+0000.5288571077266612,+0000.0359109652828963,+0000.0026897950633861,+0000.4325421319270559,+0000.0000000000000000
+0000.5293910820684141,+0000.0345454496899631,+0000.0038971610411322,+0000.4321663072004900,+0000.0000000000000000
+0000.5297450011210824,+0000.0332058455429348,+0000.0053279412785400,+0000.4317212120574424,+0000.0000000000000000
+0000.5299186645469456,+0000.0318924074256552,+0000.0069819790366063,+0000.4312069489907920,+0000.0000000000000000
+0000.5299119904679727,+0000.0306053718965138,+0000.0088589905129583,+0000.4306236471225549,+0000.0000000000000000
+0000.5297250154747863,+0000.0293449574492012,+0000.0109585649060716,+0000.4299714621699405,+0000.0000000000000000
+0000.5293578945643921,+0000.0281113644851016,+0000.0132801645523760,+0000.4292505763981298,+0000.0000000000000000
+0000.5288109010067035,+0000.0269047752972586,+0000.0158231251363258,+0000.4284611985597117,+0000.0000000000000000
+0000.5280844261400248,+0000.0257253540660661,+0000.0185866559731484,+0000.4276035638207603,+0000.0000000000000000
+0000.5271789790955407,+0000.0245732468665141,+0000.0215698403642512,+0000.4266779336736934,+0000.0000000000000000
+0000.5260951864510220,+0000.0234485816870349,+0000.0247716360250487,+0000.4256845958368938,+0000.0000000000000000
+0000.5248337918139800,+0000.0223514684599312,+0000.0281908755850135,+0000.4246238641410748,+0000.0000000000000000
+0000.5233956553345174,+0000.0212819991033369,+0000.0318262671595644,+0000.4234960784025808,+0000.0000000000000000
+0000.5217817531480896,+0000.0202402475746021,+0000.0356763949937239,+0000.4223016042835839,+0000.0000000000000000
+0000.5199931767486865,+0000.0192262699351948,+0000.0397397201768849,+0000.4210408331392333,+0000.0000000000000000
+0000.5180311322926542,+0000.0182401044269253,+0000.0440145814285034,+0000.4197141818519166,+0000.0000000000000000
+0000.5158969398336333,+0000.0172817715594851,+0000.0484991959542143,+0000.4183220926526667,+0000.0000000000000000
+0000.5135920324891671,+0000.0163512742092730,+0000.0531916603717979,+0000.4168650329297615,+0000.0000000000000000
+0000.5111179555392517,+0000.0154485977293119,+0000.0580899517067602,+0000.4153434950246756,+0000.0000000000000000
+0000.5084763654576249,+0000.0145737100702978,+0000.0631919284565690,+0000.4137579960155077,+0000.0000000000000000
+0000.5056690288762328,+0000.0137265619126293,+0000.0684953317232668,+0000.4121090774878704,+0000.0000000000000000
+0000.5026978214834925,+0000.0129070868093084,+0000.0739977864136967,+0000.4103973052935020,+0000.0000000000000000
+0000.4995647268571138,+0000.0121152013396505,+0000.0796968025065419,+0000.4086232692966933,+0000.0000000000000000
+0000.4962718352319851,+0000.0113508052736412,+0000.0855897763858608,+0000.4067875831085124,+0000.0000000000000000
+0000.4928213422040948,+0000.0106137817468787,+0000.0916739922398245,+0000.4048908838092015,+0000.0000000000000000
+0000.4892155473710736,+0000.0099039974459277,+0000.0979466235242513,+0000.4029338316587470,+0000.0000000000000000
+0000.4854568529102620,+0000.0092213028039935,+0000.1044047344900119,+0000.4009171097957323,+0000.0000000000000000
+0000.4815477620951953,+0000.0085655322067670,+0000.1110452817732413,+0000.3988414239247959,+0000.0000000000000000
+0000.4774908777511321,+0000.0079365042082583,+0000.1178651160479168,+0000.3967075019926924,+0000.0000000000000000
+0000.4732889006509520,+0000.0073340217565585,+0000.1248609837392930,+0000.3945160938531958,+0000.0000000000000000
+0000.4689446278520388,+0000.0067578724292919,+0000.1320295287976159,+0000.3922679709210528,+0000.0000000000000000
+0000.4644609509752557,+0000.0062078286786318,+0000.1393672945309825,+0000.3899639258151295,+0000.0000000000000000
+0000.4598408544271809,+0000.0056836480857410,+0000.1468707254961515,+0000.3876047719909260,+0000.0000000000000000
+0000.4550874135662683,+0000.0051850736243941,+0000.1545361694466859,+0000.3851913433626514,+0000.0000000000000000
+0000.4502037928144940,+0000.0047118339336796,+0000.1623598793366636,+0000.3827244939151624,+0000.0000000000000000
+0000.4451932437153107,+0000.0042636435995631,+0000.1703380153793412,+0000.3802050973057848,+0000.0000000000000000
+0000.4400591029391075,+0000.0038402034451175,+0000.1784666471593802,+0000.3776340464563944,+0000.0000000000000000
+0000.4348047902375239,+0000.0034412008292512,+0000.1867417557972625,+0000.3750122531359619,+0000.0000000000000000
+0000.4294338063474775,+0000.0030663099537075,+0000.1951592361652429,+0000.3723406475335718,+0000.0000000000000000
+0000.4239497308465954,+0000.0027151921781622,+0000.2037148991527747,+0000.3696201778224675,+0000.0000000000000000
+0000.4183562199609781,+0000.0023874963431857,+0000.2124044739806936,+0000.3668518097151423,+0000.0000000000000000
+0000.4126570043267426,+0000.0020828591008753,+0000.2212236105626821,+0000.3640365260096997,+0000.0000000000000000
+0000.4068558867067592,+0000.0018009052529338,+0000.2301678819124008,+0000.3611753261279057,+0000.0000000000000000
+0000.4009567396635482,+0000.0015412480959555,+0000.2392327865955415,+0000.3582692256449543,+0000.0000000000000000
+0000.3949635031902965,+0000.0013034897737324,+0000.2484137512246195,+0000.3553192558113510,+0000.0000000000000000
+0000.3888801823009315,+0000.0010872216363130,+0000.2577061329956224,+0000.3523264630671327,+0000.0000000000000000
+0000.3827108445808407,+0000.0008920246055942,+0000.2671052222648898,+0000.3492919085486750,+0000.0000000000000000
+0000.3764596176998708,+0000.0007174695472186,+0000.2766062451645623,+0000.3462166675883479,+0000.0000000000000000
+0000.3701306868885745,+0000.0005631176485074,+0000.2862043662556827,+0000.3431018292072351,+0000.0000000000000000
+0000.3637282923798273,+0000.0004285208022123,+0000.2958946912165984,+0000.3399484956013618,+0000.0000000000000000
+0000.3572567268169099,+0000.0003132219958217,+0000.3056722695657998,+0000.3367577816214681,+0000.0000000000000000
+0000.3507203326296829,+0000.0002167557061689,+0000.3155320974173583,+0000.3335308142467895,+0000.0000000000000000
+0000.3441234993805976,+0000.0001386482990935,+0000.3254691202671813,+0000.3302687320531272,+0000.0000000000000000
+0000.3374706610816671,+0000.0000784184338887,+0000.3354782358092033,+0000.3269726846752405,+0000.0000000000000000
+0000.3307662934845644,+0000.0000355774722813,+0000.3455542967789234,+0000.3236438322642306,+0000.0000000000000000
+0000.3240149113450084,+0000.0000096298916739,+0000.3556921138233658,+0000.3202833449399516,+0000.0000000000000000
+0000.3172210656632380,+0000.0000000737023864,+0000.3658864583956319,+0000.3168924022387433,+0000.0000000000000000
+0000.3103893409023260,+0000.0000064008686242,+0000.3761320656720732,+0000.3134721925569762,+0000.0000000000000000
+0000.3035243521855088,+0000.0000280977329043,+0000.3864236374911458,+0000.3100239125904404,+0000.0000000000000000
+0000.2966307424748796,+0000.0000646454436653,+0000.3967558453113659,+0000.3065487667700890,+0000.0000000000000000
+0000.2897131797325682,+0000.0001155203857842,+0000.4071233331872884,+0000.3030479666943590,+0000.0000000000000000
+0000.2827763540663158,+0000.0001801946137256,+0000.4175207207615638,+0000.2995227305583944,+0000.0000000000000000
+0000.2758249748610904,+0000.0002581362870420,+0000.4279426062714798,+0000.2959742825803873,+0000.0000000000000000
+0000.2688637678985946,+0000.0003488101079445,+0000.4383835695679060,+0000.2924038524255545,+0000.0000000000000000
+0000.2618974724658943,+0000.0004516777606699,+0000.4488381751456539,+0000.2888126746277819,+0000.0000000000000000
+0000.2549308384555757,+0000.0005661983523489,+0000.4593009751826029,+0000.2852019880094721,+0000.0000000000000000
+0000.2479686234585975,+0000.0006918288551039,+0000.4697665125864830,+0000.2815730350998154,+0000.0000000000000000
+0000.2410155898517498,+0000.0008280245490886,+0000.4802293240473592,+0000.2779270615518021,+0000.0000000000000000
+0000.2340765018816415,+0000.0009742394661766,+0000.4906839430938731,+0000.2742653155583086,+0000.0000000000000000
+0000.2271561227463862,+0000.0011299268340325,+0000.5011249031521174,+0000.2705890472674636,+0000.0000000000000000
+0000.2202592116774185,+0000.0012945395202623,+0000.5115467406044726,+0000.2668995081978462,+0000.0000000000000000
+0000.2133905210226831,+0000.0014675304763645,+0000.5219439978474050,+0000.2631979506535471,+0000.0000000000000000
+0000.2065547933330492,+0000.0016483531812014,+0000.5323112263461498,+0000.2594856271395993,+0000.0000000000000000
+0000.1997567584538665,+0000.0018364620836975,+0000.5426429896843293,+0000.2557637897781064,+0000.0000000000000000
+0000.1930011306229100,+0000.0020313130444896,+0000.5529338666075032,+0000.2520336897250968,+0000.0000000000000000
+0000.1862926055770524,+0000.0022323637762362,+0000.5631784540578767,+0000.2482965765888347,+0000.0000000000000000
+0000.1796358576689041,+0000.0024390742823119,+0000.5733713701991698,+0000.2445536978496141,+0000.0000000000000000
+0000.1730355369953192,+0000.0026509072935960,+0000.5835072574297218,+0000.2408062982813630,+0000.0000000000000000
+0000.1664962665395838,+0000.0028673287030787,+0000.5935807853817781,+0000.2370556193755593,+0000.0000000000000000
+0000.1600226393285258,+0000.0030878079980191,+0000.6035866539059764,+0000.2333028987674785,+0000.0000000000000000
+0000.1536192156068899,+0000.0033118186893455,+0000.6135195960384361,+0000.2295493696653285,+0000.0000000000000000
+0000.1472905200301324,+0000.0035388387380534,+0000.6233743809493535,+0000.2257962602824606,+0000.0000000000000000
+0000.1410410388774877,+0000.0037683509783153,+0000.6331458168712187,+0000.2220447932729780,+0000.0000000000000000
+0000.1348752172871202,+0000.0039998435370136,+0000.6428287540048008,+0000.2182961851710652,+0000.0000000000000000
+0000.1287974565145192,+0000.0042328102494643,+0000.6524180874018020,+0000.2145516458342142,+0000.0000000000000000
+0000.1228121112163824,+0000.0044667510710273,+0000.6619087598216903,+0000.2108123778908997,+0000.0000000000000000
+0000.1169234867611652,+0000.0047011724843502,+0000.6712957645617763,+0000.2070795761927080,+0000.0000000000000000
+0000.1111358365680107,+0000.0049355879019935,+0000.6805741482585972,+0000.2033544272713984,+0000.0000000000000000
+0000.1054533594757963,+0000.0051695180641613,+0000.6897390136588351,+0000.1996381088012072,+0000.0000000000000000
+0000.0998801971434556,+0000.0054024914312930,+0000.6987855223588586,+0000.1959317890663928,+0000.0000000000000000
+0000.0944204314836471,+0000.0056340445712517,+0000.7077088975103780,+0000.1922366264347230,+0000.0000000000000000
+0000.0890780821308906,+0000.0058637225408720,+0000.7165044264913444,+0000.1885537688368928,+0000.0000000000000000
+0000.0838571039458351,+0000.0060910792616010,+0000.7251674635403865,+0000.1848843532521773,+0000.0000000000000000
+0000.0787613845572318,+0000.0063156778890040,+0000.7336934323529943,+0000.1812295052007698,+0000.0000000000000000
+0000.0737947419427155,+0000.0065370911759051,+0000.7420778286385895,+0000.1775903382427898,+0000.0000000000000000
+0000.0689609220503485,+0000.0067549018288878,+0000.7503162226362819,+0000.1739679534844818,+0000.0000000000000000
+0000.0642635964619351,+0000.0069687028579668,+0000.7584042615883624,+0000.1703634390917356,+0000.0000000000000000
+0000.0597063600996448,+0000.0071780979191843,+0000.7663376721699617,+0000.1667778698112089,+0000.0000000000000000
+0000.0552927289774248,+0000.0073827016498909,+0000.7741122628733570,+0000.1632123064993273,+0000.0000000000000000
+0000.0510261379981874,+0000.0075821399965332,+0000.7817239263459935,+0000.1596677956592857,+0000.0000000000000000
+0000.0469099387985399,+0000.0077760505346960,+0000.7891686416802256,+0000.1561453689865384,+0000.0000000000000000
+0000.0429473976420203,+0000.0079640827811978,+0000.7964424766540377,+0000.1526460429227441,+0000.0000000000000000
+0000.0391416933621859,+0000.0081458984980511,+0000.8035415899211918,+0000.1491708182185710,+0000.0000000000000000
+0000.0354959153568830,+0000.0083211719880682,+0000.8104622331494400,+0000.1457206795056086,+0000.0000000000000000
+0000.0320130616346311,+0000.0084895903819276,+0000.8172007531060947,+0000.1422965948773464,+0000.0000000000000000
+0000.0286960369146323,+0000.0086508539165047,+0000.8237535936890432,+0000.1388995154798198,+0000.0000000000000000
+0000.0255476507812790,+0000.0088046762042948,+0000.8301172979025587,+0000.1355303751118674,+0000.0000000000000000
+0000.0225706158943669,+0000.0089507844937258,+0000.8362885097766726,+0000.1321900898352345,+0000.0000000000000000
+0000.0197675462561336,+0000.0090889199202083,+0000.8422639762287756,+0000.1288795575948824,+0000.0000000000000000
+0000.0171409555359565,+0000.0092188377477596,+0000.8480405488668428,+0000.1255996578494413,+0000.0000000000000000
+0000.0146932554540085,+0000.0093403076010031,+0000.8536151857327576,+0000.1223512512122307,+0000.0000000000000000
+0000.0124267542246081,+0000.0094531136874291,+0000.8589849529850528,+0000.1191351791029098,+0000.0000000000000000
+0000.0103436550602960,+0000.0095570550097470,+0000.8641470265199878,+0000.1159522634099694,+0000.0000000000000000
+0000.0084460547375174,+0000.0096519455681738,+0000.8690986935301400,+0000.1128033061641685,+0000.0000000000000000
+0000.0067359422248160,+0000.0097376145525394,+0000.8738373539994007,+0000.1096890892232438,+0000.0000000000000000
+0000.0052151973742369,+0000.0098139065240787,+0000.8783605221338796,+0000.1066103739678048,+0000.0000000000000000
+0000.0038855896769156,+0000.0098806815867519,+0000.8826658277275405,+0000.1035679010087919,+0000.0000000000000000
+0000.0027487770834555,+0000.0099378155480130,+0000.8867510174620065,+0000.1005623899065247,+0000.0000000000000000
+0000.0018063048898675,+0000.0099852000688967,+0000.8906139561397335,+0000.0975945389015024,+0000.0000000000000000
+0000.0010596046897639,+0000.0100227428032984,+0000.8942526278498293,+0000.0946650246571085,+0000.0000000000000000
+0000.0005099933933724,+0000.0100503675263851,+0000.8976651370660024,+0000.0917745020142402,+0000.0000000000000000
+0000.0001586723140634,+0000.0100680142520161,+0000.9008497096757369,+0000.0889236037581836,+0000.0000000000000000
+0000.0000067263228778,+0000.0100756393390832,+0000.9038046939404153,+0000.0861129403976237,+0000.0000000000000000
+0000.0000551230716008,+0000.0100732155867134,+0000.9065285613856547,+0000.0833430999560310,+0000.0000000000000000
+0000.0003047122848555,+0000.0100607323182449,+0000.9090199076213605,+0000.0806146477755391,+0000.0000000000000000
+0000.0007562251216574,+0000.0100381954539037,+0000.9112774530912472,+0000.0779281263331918,+0000.0000000000000000
+0000.0014102736068232,+0000.0100056275721375,+0000.9133000437510892,+0000.0752840550699499,+0000.0000000000000000
+0000.0022673501325923,+0000.0099630679595481,+0000.9150866516755422,+0000.0726829302323172,+0000.0000000000000000
+0000.0033278270307798,+0000.0099105726493614,+0000.9166363755931776,+0000.0701252247266813,+0000.0000000000000000
+0000.0045919562157039,+0000.0098482144484193,+0000.9179484413493264,+0000.0676113879865504,+0000.0000000000000000
+0000.0060598688982012,+0000.0097760829526534,+0000.9190222022966014,+0000.0651418458525441,+0000.0000000000000000
+0000.0077315753708113,+0000.0096942845509980,+0000.9198571396128260,+0000.0627170004653647,+0000.0000000000000000
+0000.0096069648643615,+0000.0096029424177527,+0000.9204528625461905,+0000.0603372301716952,+0000.0000000000000000
+0000.0116858054760398,+0000.0095021964933694,+0000.9208091085875170,+0000.0580028894430739,+0000.0000000000000000
+0000.0139677441689553,+0000.0093922034536492,+0000.9209257435696083,+0000.0557143088077870,+0000.0000000000000000
+0000.0164523068433737,+0000.0092731366673749,+0000.9208027616935375,+0000.0534717947957140,+0000.0000000000000000
+0000.0191388984794050,+0000.0091451861423790,+0000.9204402854819199,+0000.0512756298962963,+0000.0000000000000000
+0000.0220268033512217,+0000.0090085584600515,+0000.9198385656592705,+0000.0491260725294560,+0000.0000000000000000
+0000.0251151853126772,+0000.0088634766983354,+0000.9189979809594174,+0000.0470233570295696,+0000.0000000000000000
+0000.0284030881540910,+0000.0087101803432319,+0000.9179190378601827,+0000.0449676936424943,+0000.0000000000000000
+0000.0318894360302314,+0000.0085489251888374,+0000.9166023702454618,+0000.0429592685354693,+0000.0000000000000000
+0000.0355730339589883,+0000.0083799832259866,+0000.9150487389949288,+0000.0409982438200965,+0000.0000000000000000
+0000.0394525683906769,+0000.0082036425195382,+0000.9132590315015806,+0000.0390847575882043,+0000.0000000000000000
+0000.0435266078475872,+0000.0080202070743533,+0000.9112342611174881,+0000.0372189239605715,+0000.0000000000000000
+0000.0477936036333384,+0000.0078299966900572,+0000.9089755665280502,+0000.0354008331485541,+0000.0000000000000000
+0000.0522518906119341,+0000.0076333468046390,+0000.9064842110550160,+0000.0336305515284110,+0000.0000000000000000
+0000.0568996880556875,+0000.0074306083269747,+0000.9037615818889227,+0000.0319081217284149,+0000.0000000000000000
+0000.0617351005618290,+0000.0072221474583528,+0000.9008091892512635,+0000.0302335627285548,+0000.0000000000000000
+0000.0667561190372264,+0000.0070083455031249,+0000.8976286654867904,+0000.0286068699728583,+0000.0000000000000000
+0000.0719606217504840,+0000.0067895986685435,+0000.8942217640867912,+0000.0270280154941811,+0000.0000000000000000
+0000.0773463754512128,+0000.0065663178539056,+0000.8905903586435602,+0000.0254969480513213,+0000.0000000000000000
+0000.0829110365553871,+0000.0063389284291470,+0000.8867364417369266,+0000.0240135932785393,+0000.0000000000000000
+0000.0886521523964175,+0000.0061078700029602,+0000.8826621237534397,+0000.0225778538471825,+0000.0000000000000000
+0000.0945671625411402,+0000.0058735961805831,+0000.8783696316388886,+0000.0211896096393881,+0000.0000000000000000
+0000.1006534001698610,+0000.0056365743114168,+0000.8738613075849135,+0000.0198487179338084,+0000.0000000000000000
+0000.1069080935200305,+0000.0053972852265607,+0000.8691396076503430,+0000.0185550136030657,+0000.0000000000000000
+0000.1133283673921854,+0000.0051562229664456,+0000.8642071003184069,+0000.0173083093229621,+0000.0000000000000000
+0000.1199112447177616,+0000.0049138944987231,+0000.8590664649902608,+0000.0161083957932543,+0000.0000000000000000
+0000.1266536481876379,+0000.0046708194265368,+0000.8537204904160191,+0000.0149550419698063,+0000.0000000000000000
+0000.1335524019405730,+0000.0044275296873574,+0000.8481720730640702,+0000.0138479953079993,+0000.0000000000000000
+0000.1406042333104091,+0000.0041845692425713,+0000.8424242154297212,+0000.0127869820172985,+0000.0000000000000000
+0000.1478057746314610,+0000.0039424937579520,+0000.8364800242839109,+0000.0117717073266759,+0000.0000000000000000
+0000.1551535651004245,+0000.0037018702752317,+0000.8303427088634956,+0000.0108018557608481,+0000.0000000000000000
+0000.1626440526942767,+0000.0034632768749590,+0000.8240155790036540,+0000.0098770914271102,+0000.0000000000000000
+0000.1702735961428187,+0000.0032273023308102,+0000.8175020432138229,+0000.0089970583125482,+0000.0000000000000000
+0000.1780384669545746,+0000.0029945457555725,+0000.8108056066983613,+0000.0081613805914913,+0000.0000000000000000
+0000.1859348514954847,+0000.0027656162390003,+0000.8039298693225342,+0000.0073696629429804,+0000.0000000000000000
+0000.1939588531183634,+0000.0025411324777438,+0000.7968785235258191,+0000.0066214908780736,+0000.0000000000000000
+0000.2021064943424903,+0000.0023217223975637,+0000.7896553521831874,+0000.0059164310767585,+0000.0000000000000000
+0000.2103737190819480,+0000.0021080227680665,+0000.7822642264156840,+0000.0052540317343014,+0000.0000000000000000
+0000.2187563949211188,+0000.0019006788101607,+0000.7747091033519358,+0000.0046338229167847,+0000.0000000000000000
+0000.2272503154366704,+0000.0017003437964646,+0000.7669940238412666,+0000.0040553169255983,+0000.0000000000000000
+0000.2358512025639491,+0000.0015076786449216,+0000.7591231101203979,+0000.0035180086707311,+0000.0000000000000000
+0000.2445547090069025,+0000.0013233515058257,+0000.7511005634347188,+0000.0030213760525530,+0000.0000000000000000
+0000.2533564206899916,+0000.0011480373425152,+0000.7429306616156021,+0000.0025648803518909,+0000.0000000000000000
+0000.2622518592505206,+0000.0009824175059875,+0000.7346177566153114,+0000.0021479666281804,+0000.0000000000000000
+0000.2712364845704628,+0000.0008271793036574,+0000.7261662720004883,+0000.0017700641253912,+0000.0000000000000000
+0000.2803056973455239,+0000.0006830155625348,+0000.7175807004064050,+0000.0014305866855361,+0000.0000000000000000
+0000.2894548416906533,+0000.0005506241870710,+0000.7088656009527841,+0000.0011289331694914,+0000.0000000000000000
+0000.2986792077801638,+0000.0004307077119259,+0000.7000255966230486,+0000.0008644878848615,+0000.0000000000000000
+0000.3079740345207613,+0000.0003239728499266,+0000.6910653716086644,+0000.0006366210206475,+0000.0000000000000000
+0000.3173345122566725,+0000.0002311300354810,+0000.6819896686193996,+0000.0004446890884464,+0000.0000000000000000
+0000.3267557855042809,+0000.0001528929637149,+0000.6728032861620826,+0000.0002880353699216,+0000.0000000000000000
+0000.3362329557154138,+0000.0000899781256038,+0000.6635110757887153,+0000.0001659903702669,+0000.0000000000000000
+0000.3457610840675297,+0000.0000431043393780,+0000.6541179393156875,+0000.0000778722774045,+0000.0000000000000000
+0000.3553351942788148,+0000.0000129922784724,+0000.6446288260160838,+0000.0000229874266288,+0000.0000000000000000
+0000.3649502754473156,+0000.0000003639963035,+0000.6350487297859579,+0000.0000006307704226,+0000.0000000000000000
+0000.3746012849116068,+0000.0000059424481580,+0000.6253826862870644,+0000.0000100863531704,+0000.0000000000000000
+0000.3842831511318847,+0000.0000304510104716,+0000.6156357700671674,+0000.0000506277904760,+0000.0000000000000000
+0000.3939907765896520,+0000.0000746129977888,+0000.6058130916597511,+0000.0001215187528077,+0000.0000000000000000
+0000.4037190407041461,+0000.0001391511776869,+0000.5959197946649928,+0000.0002220134531739,+0000.0000000000000000
+0000.4134628027643770,+0000.0002247872839578,+0000.5859610528131148,+0000.0003513571385500,+0000.0000000000000000
+0000.4232169048741994,+0000.0003322415283363,+0000.5759420670127056,+0000.0005087865847584,+0000.0000000000000000
+0000.4329761749094908,+0000.0004622321110634,+0000.5658680623849398,+0000.0006935305945056,+0000.0000000000000000
+0000.4427354294853292,+0000.0006154747305844,+0000.5557442852857946,+0000.0009048104982915,+0000.0000000000000000
+0000.4524894769312785,+0000.0007926820926700,+0000.5455760003181651,+0000.0011418406578863,+0000.0000000000000000
+0000.4622331202738453,+0000.0009945634192576,+0000.5353684873348155,+0000.0014038289720810,+0000.0000000000000000
+0000.4719611602232652,+0000.0012218239573062,+0000.5251270384350151,+0000.0016899773844134,+0000.0000000000000000
+0000.4816683981636636,+0000.0014751644879653,+0000.5148569549557955,+0000.0019994823925753,+0000.0000000000000000
+0000.4913496391447031,+0000.0017552808363439,+0000.5045635444597655,+0000.0023315355591873,+0000.0000000000000000
+0000.5009996948725715,+0000.0020628633821806,+0000.4942521177215937,+0000.0026853240236539,+0000.0000000000000000
+0000.5106133866993560,+0000.0023985965717255,+0000.4839279857141066,+0000.0030600310148115,+0000.0000000000000000
+0000.5201855486082074,+0000.0027631584310926,+0000.4735964565966744,+0000.0034548363640252,+0000.0000000000000000
+0000.5297110301930898,+0000.0031572200814145,+0000.4632628327070125,+0000.0038689170184827,+0000.0000000000000000
+0000.5391846996312276,+0000.0035814452560814,+0000.4529324075583223,+0000.0043014475543682,+0000.0000000000000000
+0000.5486014466463756,+0000.0040364898203333,+0000.4426104628437041,+0000.0047516006895868,+0000.0000000000000000
+0000.5579561854617008,+0000.0045230012935490,+0000.4323022654489487,+0000.0052185477958011,+0000.0000000000000000
+0000.5672438577397172,+0000.0050416183744777,+0000.4220130644763697,+0000.0057014594094350,+0000.0000000000000000
+0000.5764594355083432,+0000.0055929704697125,+0000.4117480882805966,+0000.0061995057413475,+0000.0000000000000000
+0000.5855979240709147,+0000.0061776772257131,+0000.4015125415184591,+0000.0067118571849126,+0000.0000000000000000
+0000.5946543648986383,+0000.0067963480646553,+0000.3913116022145092,+0000.0072376848221969,+0000.0000000000000000
+0000.6036238385036209,+0000.0074495817243590,+0000.3811504188441174,+0000.0077761609279023,+0000.0000000000000000
+0000.6125014672912805,+0000.0081379658026486,+0000.3710341074352094,+0000.0083264594708611,+0000.0000000000000000
+0000.6212824183896746,+0000.0088620763063599,+0000.3609677486912343,+0000.0088877566127309,+0000.0000000000000000
+0000.6299619064548564,+0000.0096224772052911,+0000.3509563851362478,+0000.0094592312036043,+0000.0000000000000000
+0000.6385351964502067,+0000.0104197199913967,+0000.3410050182841065,+0000.0100400652742898,+0000.0000000000000000
+0000.6469976063979981,+0000.0112543432434646,+0000.3311186058335908,+0000.0106294445249461,+0000.0000000000000000
+0000.6553445101023213,+0000.0121268721975736,+0000.3213020588903145,+0000.0112265588097900,+0000.0000000000000000
+0000.6635713398407358,+0000.0130378183235729,+0000.3115602392180766,+0000.0118306026176143,+0000.0000000000000000
+0000.6716735890238017,+0000.0139876789078783,+0000.3018979565204724,+0000.0124407755478469,+0000.0000000000000000
+0000.6796468148208301,+0000.0149769366428068,+0000.2923199657545297,+0000.0130562827818328,+0000.0000000000000000
+0000.6874866407499119,+0000.0160060592227278,+0000.2828309644782369,+0000.0136763355491227,+0000.0000000000000000
+0000.6951887592314061,+0000.0170754989473294,+0000.2734355902327573,+0000.0143001515885067,+0000.0000000000000000
+0000.7027489341027033,+0000.0181856923321369,+0000.2641384179617113,+0000.0149269556034478,+0000.0000000000000000
+0000.7101630030931834,+0000.0193370597266424,+0000.2549439574684140,+0000.0155559797117598,+0000.0000000000000000
+0000.7174268802578093,+0000.0205300049402440,+0000.2458566509127154,+0000.0161864638892309,+0000.0000000000000000
+0000.7245365583678710,+0000.0217649148761779,+0000.2368808703490605,+0000.0168176564068900,+0000.0000000000000000
+0000.7314881112578022,+0000.0230421591738048,+0000.2280209153066152,+0000.0174488142617773,+0000.0000000000000000
+0000.7382776961260731,+0000.0243620898593547,+0000.2192810104136758,+0000.0180792036008960,+0000.0000000000000000
+0000.7449015557894674,+0000.0257250410053975,+0000.2106653030670370,+0000.0187081001380977,+0000.0000000000000000
+0000.7513560208890172,+0000.0271313283992931,+0000.2021778611479546,+0000.0193347895637347,+0000.0000000000000000
+0000.7576375120462466,+0000.0285812492207772,+0000.1938226707861730,+0000.0199585679468026,+0000.0000000000000000
+0000.7637425419690598,+0000.0300750817289487,+0000.1856036341726574,+0000.0205787421293336,+0000.0000000000000000
+0000.7696677175051614,+0000.0316130849588057,+0000.1775245674231687,+0000.0211946301128638,+0000.0000000000000000
+0000.7754097416424045,+0000.0331954984275884,+0000.1695891984932570,+0000.0218055614367499,+0000.0000000000000000
+0000.7809654154548293,+0000.0348225418510599,+0000.1618011651460428,+0000.0224108775480674,+0000.0000000000000000
+0000.7863316399928952,+0000.0364944148699418,+0000.1541640129741969,+0000.0230099321629654,+0000.0000000000000000
+0000.7915054181173168,+0000.0382112967867612,+0000.1466811934766571,+0000.0236020916192644,+0000.0000000000000000
+0000.7964838562749803,+0000.0399733463131081,+0000.1393560621918964,+0000.0241867352200147,+0000.0000000000000000
+0000.8012641662160910,+0000.0417807013276505,+0000.1321918768883081,+0000.0247632555679499,+0000.0000000000000000
+0000.8058436666514995,+0000.0436334786450031,+0000.1251917958128995,+0000.0253310588905973,+0000.0000000000000000
+0000.8102197848492371,+0000.0455317737955277,+0000.1183588759994261,+0000.0258895653558084,+0000.0000000000000000
+0000.8143900581694379,+0000.0474756608164154,+0000.1116960716364849,+0000.0264382093776613,+0000.0000000000000000
+0000.8183521355363784,+0000.0494651920539978,+0000.1052062324971345,+0000.0269764399124886,+0000.0000000000000000
+0000.8221037788472456,+0000.0515003979775082,+0000.0988921024304020,+0000.0275037207448435,+0000.0000000000000000
+0000.8256428643164291,+0000.0535812870044657,+0000.0927563179157609,+0000.0280195307633438,+0000.0000000000000000
+0000.8289673837545789,+0000.0557078453377241,+0000.0868014066815058,+0000.0285233642261906,+0000.0000000000000000
+0000.8320754457820627,+0000.0578800368144007,+0000.0810297863873480,+0000.0290147310161881,+0000.0000000000000000
+0000.8349652769754969,+0000.0600978027667034,+0000.0754437633725929,+0000.0294931568852063,+0000.0000000000000000
+0000.8376352229470246,+0000.0623610618948328,+0000.0700455314702162,+0000.0299581836879259,+0000.0000000000000000
+0000.8400837493558264,+0000.0646697101520333,+0000.0648371708874504,+0000.0304093696046894,+0000.0000000000000000
+0000.8423094428508393,+0000.0670236206418613,+0000.0598206471538617,+0000.0308462893534370,+0000.0000000000000000
+0000.8443110119444627,+0000.0694226435278586,+0000.0549978101370942,+0000.0312685343905840,+0000.0000000000000000
+0000.8460872878166632,+0000.0718666059555332,+0000.0503703931271400,+0000.0316757131006633,+0000.0000000000000000
+0000.8476372250488245,+0000.0743553119869097,+0000.0459400119894853,+0000.0320674509747799,+0000.0000000000000000
+0000.8489599022871150,+0000.0768885425475988,+0000.0417081643876153,+0000.0324433907776701,+0000.0000000000000000
+0000.8500545228348634,+0000.0794660553863986,+0000.0376762290754315,+0000.0328031927033060,+0000.0000000000000000
+0000.8509204151735308,+0000.0820875850477652,+0000.0338454652596232,+0000.0331465345190804,+0000.0000000000000000
+0000.8515570334121145,+0000.0847528428567056,+0000.0302170120328820,+0000.0334731116982973,+0000.0000000000000000
+0000.8519639576645491,+0000.0874615169166065,+0000.0267918878777339,+0000.0337826375411100,+0000.0000000000000000
+0000.8521408943549080,+0000.0902132721198281,+0000.0235709902414965,+0000.0340748432837665,+0000.0000000000000000
+0000.8520876764503251,+0000.0930077501709187,+0000.0205550951826981,+0000.0343494781960576,+0000.0000000000000000
+0000.8518042636213119,+0000.0958445696228695,+0000.0177448570887646,+0000.0346063096670534,+0000.0000000000000000
+0000.8512907423293992,+0000.0987233259259807,+0000.0151408084655898,+0000.0348451232790297,+0000.0000000000000000
+0000.8505473258422225,+0000.1016435914896312,+0000.0127433597986392,+0000.0350657228695065,+0000.0000000000000000
+0000.8495743541757212,+0000.1046049157569510,+0000.0105527994858331,+0000.0352679305814940,+0000.0000000000000000
+0000.8483722939636559,+0000.1076068252920249,+0000.0085692938424377,+0000.0354515869018810,+0000.0000000000000000
+0000.8469417382545249,+0000.1106488238801976,+0000.0067928871773812,+0000.0356165506878956,+0000.0000000000000000
+0000.8452834062358763,+0000.1137303926407869,+0000.0052235019415650,+0000.0357626991817709,+0000.0000000000000000
+0000.8433981428861443,+0000.1168509901527630,+0000.0038609389475337,+0000.0358899280135585,+0000.0000000000000000
+0000.8412869185543306,+0000.1200100525930410,+0000.0027048776605837,+0000.0359981511920441,+0000.0000000000000000
+0000.8389508284677006,+0000.1232069938871670,+0000.0017548765612014,+0000.0360873010839305,+0000.0000000000000000
+0000.8363910921675112,+0000.1264412058729708,+0000.0010103735782912,+0000.0361573283812262,+0000.0000000000000000
+0000.8336090528736665,+0000.1297120584762351,+0000.0004706865932411,+0000.0362082020568568,+0000.0000000000000000
+0000.8306061767780033,+0000.1330188998991158,+0000.0001350140142468,+0000.0362399093086334,+0000.0000000000000000
+0000.8273840522668481,+0000.1363610568209075,+0000.0000024354206634,+0000.0362524554915805,+0000.0000000000000000
+0000.8239443890736824,+0000.1397378346107080,+0000.0000719122769628,+0000.0362458640386464,+0000.0000000000000000
+0000.8202890173615253,+0000.1431485175527369,+0000.0003422887158057,+0000.0362201763699316,+0000.0000000000000000
+0000.8164198867364681,+0000.1465923690832427,+0000.0008122923897714,+0000.0361754517905173,+0000.0000000000000000
+0000.8123390651921513,+0000.1500686320397721,+0000.0014805353912409,+0000.0361117673768352,+0000.0000000000000000
+0000.8080487379864512,+0000.1535765289218873,+0000.0023455152397914,+0000.0360292178518695,+0000.0000000000000000
+0000.8035512064503709,+0000.1571152621638969,+0000.0034056159365744,+0000.0359279154491571,+0000.0000000000000000
+0000.7988488867301993,+0000.1606840144191153,+0000.0046591090850376,+0000.0358079897656473,+0000.0000000000000000
+0000.7939443084638318,+0000.1642819488553241,+0000.0061041550771526,+0000.0356695876036911,+0000.0000000000000000
+0000.7888401133911513,+0000.1679082094620117,+0000.0077388043447124,+0000.0355128728021238,+0000.0000000000000000
+0000.7835390539005648,+0000.1715619213682419,+0000.0095609986745860,+0000.0353380260566066,+0000.0000000000000000
+0000.7780439915112722,+0000.1752421911719064,+0000.0115685725874345,+0000.0351452447293863,+0000.0000000000000000
+0000.7723578952926270,+0000.1789481072798298,+0000.0137592547789645,+0000.0349347426485782,+0000.0000000000000000
+0000.7664838402221172,+0000.1826787402581674,+0000.0161306696226199,+0000.0347067498970950,+0000.0000000000000000
+0000.7604250054814583,+0000.1864331431938584,+0000.0186803387332987,+0000.0344615125913839,+0000.0000000000000000
+0000.7541846726933554,+0000.1902103520659219,+0000.0214056825905333,+0000.0341992926501888,+0000.0000000000000000
+0000.7477662240988188,+0000.1940093861271532,+0000.0243040222206992,+0000.0339203675533283,+0000.0000000000000000
+0000.7411731406763048,+0000.1978292482958418,+0000.0273725809370410,+0000.0336250300908123,+0000.0000000000000000
+0000.7344090002044722,+0000.2016689255569102,+0000.0306084861361574,+0000.0333135881024595,+0000.0000000000000000
+0000.7274774752683577,+0000.2055273893730389,+0000.0340087711505983,+0000.0329863642080047,+0000.0000000000000000
+0000.7203823312115907,+0000.2094035961046971,+0000.0375703771555647,+0000.0326436955281472,+0000.0000000000000000
+0000.7131274240344976,+0000.2132964874396431,+0000.0412901551293200,+0000.0322859333965389,+0000.0000000000000000
+0000.7057166982399605,+0000.2172049908312649,+0000.0451648678658829,+0000.0319134430628914,+0000.0000000000000000
+0000.6981541846287055,+0000.2211280199453381,+0000.0491911920383796,+0000.0315266033875764,+0000.0000000000000000
+0000.6904439980437833,+0000.2250644751157513,+0000.0533657203127451,+0000.0311258065277198,+0000.0000000000000000
+0000.6825903350676052,+0000.2290132438078722,+0000.0576849635094158,+0000.0307114576151063,+0000.0000000000000000
+0000.6745974716709793,+0000.2329732010903091,+0000.0621453528126299,+0000.0302839744260814,+0000.0000000000000000
+0000.6664697608162433,+0000.2369432101144142,+0000.0667432420256812,+0000.0298437870436609,+0000.0000000000000000
+0000.6582116300167280,+0000.2409221226008615,+0000.0714749098703337,+0000.0293913375120766,+0000.0000000000000000
+0000.6498275788519216,+0000.2449087793340528,+0000.0763365623300844,+0000.0289270794839407,+0000.0000000000000000
+0000.6413221764420501,+0000.2489020106629848,+0000.0813243350345750,+0000.0284514778603895,+0000.0000000000000000
+0000.6327000588818064,+0000.2529006370091129,+0000.0864342956848559,+0000.0279650084242244,+0000.0000000000000000
+0000.6239659266351959,+0000.2569034693807405,+0000.0916624465176016,+0000.0274681574664617,+0000.0000000000000000
+0000.6151245418938966,+0000.2609093098932455,+0000.0970047268063115,+0000.0269614214065459,+0000.0000000000000000
+0000.6061807258988207,+0000.2649169522956716,+0000.1024570153992620,+0000.0264453064062454,+0000.0000000000000000
+0000.5971393562285326,+0000.2689251825025031,+0000.1080151332911687,+0000.0259203279777950,+0000.0000000000000000
+0000.5880053640542416,+0000.2729327791311458,+0000.1136748462283026,+0000.0253870105863097,+0000.0000000000000000
+0000.5787837313638070,+0000.2769385140444099,+0000.1194318673450445,+0000.0248458872467381,+0000.0000000000000000
+0000.5694794881569925,+0000.2809411528975020,+0000.1252818598297102,+0000.0242974991157949,+0000.0000000000000000
+0000.5600977096116150,+0000.2849394556900405,+0000.1312204396194431,+0000.0237423950789011,+0000.0000000000000000
+0000.5506435132248131,+0000.2889321773216805,+0000.1372431781209495,+0000.0231811313325562,+0000.0000000000000000
+0000.5411220559287864,+0000.2929180681520746,+0000.1433456049568002,+0000.0226142709623385,+0000.0000000000000000
+0000.5315385311835917,+0000.2968958745644452,+0000.1495232107351464,+0000.0220423835168165,+0000.0000000000000000
+0000.5218981660496433,+0000.3008643395320575,+0000.1557714498406286,+0000.0214660445776702,+0000.0000000000000000
+0000.5122062182392417,+0000.3048222031882984,+0000.1620857432462471,+0000.0208858353262125,+0000.0000000000000000
+0000.5024679731515199,+0000.3087682033989497,+0000.1684614813427752,+0000.0203023421067549,+0000.0000000000000000
+0000.4926887408904506,+0000.3127010763371419,+0000.1748940267855430,+0000.0197161559868641,+0000.0000000000000000
+0000.4828738532682840,+0000.3166195570604812,+0000.1813787173562746,+0000.0191278723149599,+0000.0000000000000000
+0000.4730286607971398,+0000.3205223800896289,+0000.1879108688376733,+0000.0185380902755578,+0000.0000000000000000
+0000.4631585296683639,+0000.3244082799888038,+0000.1944857779006219,+0000.0179474124422100,+0000.0000000000000000
+0000.4532688387238542,+0000.3282759919470236,+0000.2010987250003796,+0000.0173564443287421,+0000.0000000000000000
+0000.4433649764189778,+0000.3321242523605494,+0000.2077449772816354,+0000.0167657939388371,+0000.0000000000000000
+0000.4334523377798051,+0000.3359517994158078,+0000.2144197914901037,+0000.0161760713142830,+0000.0000000000000000
+0000.4235363213571250,+0000.3397573736722937,+0000.2211184168882494,+0000.0155878880823316,+0000.0000000000000000
+0000.4136223261768471,+0000.3435397186459005,+0000.2278360981750250,+0000.0150018570022269,+0000.0000000000000000
+0000.4037157486913314,+0000.3472975813912950,+0000.2345680784060080,+0000.0144185915113654,+0000.0000000000000000
+0000.3938219797309669,+0000.3510297130840013,+0000.2413096019137511,+0000.0138387052712805,+0000.0000000000000000
+0000.3839464014587545,+0000.3547348696014714,+0000.2480559172260077,+0000.0132628117137662,+0000.0000000000000000
+0000.3740943843306244,+0000.3584118121024392,+0000.2548022799794795,+0000.0126915235874568,+0000.0000000000000000
+0000.3642712840608228,+0000.3620593076051981,+0000.2615439558289240,+0000.0121254525050547,+0000.0000000000000000
+0000.3544824385968953,+0000.3656761295634560,+0000.2682762233479888,+0000.0115652084916597,+0000.0000000000000000
+0000.3447331651038481,+0000.3692610584401821,+0000.2749943769216960,+0000.0110113995342737,+0000.0000000000000000
+0000.3350287569599602,+0000.3728128822789627,+0000.2816937296281642,+0000.0104646311329125,+0000.0000000000000000
+0000.3253744807669398,+0000.3763303972721793,+0000.2883696161072491,+0000.0099255058536317,+0000.0000000000000000
+0000.3157755733740173,+0000.3798124083263977,+0000.2950173954160337,+0000.0093946228835512,+0000.0000000000000000
+0000.3062372389201755,+0000.3832577296238948,+0000.3016324538675042,+0000.0088725775884255,+0000.0000000000000000
+0000.2967646458940955,+0000.3866651851807070,+0000.3082102078523596,+0000.0083599610728376,+0000.0000000000000000
+0000.2873629242144866,+0000.3900336094005168,+0000.3147461066416642,+0000.0078573597433323,+0000.0000000000000000
+0000.2780371623331664,+0000.3933618476239392,+0000.3212356351680097,+0000.0073653548748845,+0000.0000000000000000
+0000.2687924043605007,+0000.3966487566735666,+0000.3276743167851383,+0000.0068845221807942,+0000.0000000000000000
+0000.2596336472174970,+0000.3998932053935353,+0000.3340577160025401,+0000.0064154313864273,+0000.0000000000000000
+0000.2505658378139078,+0000.4030940751841900,+0000.3403814411949178,+0000.0059586458069842,+0000.0000000000000000
+0000.2415938702549114,+0000.4062502605311891,+0000.3466411472843074,+0000.0055147219295920,+0000.0000000000000000
+0000.2327225830788610,+0000.4093606695284294,+0000.3528325383927021,+0000.0050842090000075,+0000.0000000000000000
+0000.2239567565254933,+0000.4124242243953276,+0000.3589513704650623,+0000.0046676486141166,+0000.0000000000000000
+0000.2153011098387005,+0000.4154398619873026,+0000.3649934538593855,+0000.0042655743146115,+0000.0000000000000000
+0000.2067602986034434,+0000.4184065342997759,+0000.3709546559038290,+0000.0038785111929516,+0000.0000000000000000
+0000.1983389121190413,+0000.4213232089652915,+0000.3768309034187062,+0000.0035069754969608,+0000.0000000000000000
+0000.1900414708111706,+0000.4241888697431692,+0000.3826181852013365,+0000.0031514742443238,+0000.0000000000000000
+0000.1818724236821991,+0000.4270025170019783,+0000.3883125544737260,+0000.0028125048420965,+0000.0000000000000000
+0000.1738361458034996,+0000.4297631681939758,+0000.3939101312898819,+0000.0024905547126426,+0000.0000000000000000
+0000.1659369358493373,+0000.4324698583217900,+0000.3994071049027700,+0000.0021861009261027,+0000.0000000000000000
+0000.1581790136746018,+0000.4351216403967760,+0000.4047997360889630,+0000.0018996098396592,+0000.0000000000000000
+0000.1505665179383424,+0000.4377175858887216,+0000.4100843594290461,+0000.0016315367438899,+0000.0000000000000000
+0000.1431035037727611,+0000.4402567851671477,+0000.4152573855437602,+0000.0013823255163309,+0000.0000000000000000
+0000.1357939405011820,+0000.4427383479332297,+0000.4203153032830347,+0000.0011524082825535,+0000.0000000000000000
+0000.1286417094044359,+0000.4451614036427989,+0000.4252546818678459,+0000.0009422050849194,+0000.0000000000000000
+0000.1216506015377358,+0000.4475251019198930,+0000.4300721729831287,+0000.0007521235592426,+0000.0000000000000000
+0000.1148243155999668,+0000.4498286129603780,+0000.4347645128200828,+0000.0005825586195722,+0000.0000000000000000
+0000.1081664558549039,+0000.4520711279260549,+0000.4393285240677761,+0000.0004338921512652,+0000.0000000000000000
+0000.1016805301075236,+0000.4542518593283802,+0000.4437611178515042,+0000.0003064927125921,+0000.0000000000000000
+0000.0953699477350352,+0000.4563700414020126,+0000.4480592956179415,+0000.0002007152450107,+0000.0000000000000000
+0000.0892380177743271,+0000.4584249304679181,+0000.4522201509654235,+0000.0001169007923311,+0000.0000000000000000
+0000.0832879470675203,+0000.4604158052856057,+0000.4562408714179261,+0000.0000553762289481,+0000.0000000000000000
+0000.0775228384653182,+0000.4623419673946638,+0000.4601187401427309,+0000.0000164539972871,+0000.0000000000000000
+0000.0719456890907834,+0000.4642027414450461,+0000.4638511376095031,+0000.0000004318546674,+0000.0000000000000000
+0000.0665593886631927,+0000.4659974755162727,+0000.4674355431908173,+0000.0000075926297175,+0000.0000000000000000
+0000.0613667178835597,+0000.4677255414251360,+0000.4708695367027909,+0000.0000382039885134,+0000.0000000000000000
+0000.0563703468831205,+0000.4693863350217479,+0000.4741507998845463,+0000.0000925182105850,+0000.0000000000000000
+0000.0515728337345166,+0000.4709792764740524,+0000.4772771178164930,+0000.0001707719749379,+0000.0000000000000000
+0000.0469766230280265,+0000.4725038105401612,+0000.4802463802755899,+0000.0002731861562225,+0000.0000000000000000
+0000.0425840445121304,+0000.4739594068289188,+0000.4830565830277537,+0000.0003999656311971,+0000.0000000000000000
+0000.0383973118005934,+0000.4753455600480999,+0000.4857058290557222,+0000.0005512990955845,+0000.0000000000000000
+0000.0344185211457515,+0000.4766617902403538,+0000.4881923297224212,+0000.0007273588914735,+0000.0000000000000000
+0000.0306496502791085,+0000.4779076430067614,+0000.4905144058687666,+0000.0009283008453636,+0000.0000000000000000
+0000.0270925573202611,+0000.4790826897177367,+0000.4926704888450695,+0000.0011542641169326,+0000.0000000000000000
+0000.0237489797539190,+0000.4801865277113414,+0000.4946591214760412,+0000.0014053710586985,+0000.0000000000000000
+0000.0206205334765905,+0000.4812187804787473,+0000.4964789589580846,+0000.0016817270865777,+0000.0000000000000000
+0000.0177087119126572,+0000.4821790978369173,+0000.4981287696889313,+0000.0019834205614943,+0000.0000000000000000
+0000.0150148852007365,+0000.4830671560882489,+0000.4996074360288969,+0000.0023105226821180,+0000.0000000000000000
+0000.0125402994509694,+0000.4838826581671694,+0000.5009139549931269,+0000.0026630873887344,+0000.0000000000000000
+0000.0102860760730491,+0000.4846253337736998,+0000.5020474388748339,+0000.0030411512784172,+0000.0000000000000000
+0000.0082532111761264,+0000.4852949394936758,+0000.5030071157987283,+0000.0034447335314694,+0000.0000000000000000
+0000.0064425750402947,+0000.4858912589058355,+0000.5037923302046237,+0000.0038738358492462,+0000.0000000000000000
+0000.0048549116602532,+0000.4864141026755782,+0000.5044025432607798,+0000.0043284424033889,+0000.0000000000000000
+0000.0034908383615275,+0000.4868633086352844,+0000.5048373332067145,+0000.0048085197964737,+0000.0000000000000000
+0000.0023508454890583,+0000.4872387418513353,+0000.5050963956254111,+0000.0053140170341955,+0000.0000000000000000
+0000.0014352961687860,+0000.4875402946776657,+0000.5051795436445772,+0000.0058448655089711,+0000.0000000000000000
+0000.0007444261420144,+0000.4877678867958297,+0000.5050867080670145,+0000.0064009789951415,+0000.0000000000000000
+0000.0002783436728058,+0000.4879214652416364,+0000.5048179374298722,+0000.0069822536556856,+0000.0000000000000000
+0000.0000370295284752,+0000.4880010044183065,+0000.5043733979928174,+0000.0075885680604010,+0000.0000000000000000
+0000.0000203370330658,+0000.4880065060960800,+0000.5037533736551116,+0000.0082197832157427,+0000.0000000000000000
+0000.0002279921938897,+0000.4879379993984096,+0000.5029582658016460,+0000.0088757426060549,+0000.0000000000000000
+0000.0006595939009677,+0000.4877955407746736,+0000.5019885930779882,+0000.0095562722463705,+0000.0000000000000000
+0000.0013146141993148,+0000.4875792139593735,+0000.5008449910945839,+0000.0102611807467277,+0000.0000000000000000
+0000.0021923986338186,+0000.4872891299179968,+0000.4995282120603609,+0000.0109902593878236,+0000.0000000000000000
+0000.0032921666666400,+0000.4869254267794338,+0000.4980391243457328,+0000.0117432822081935,+0000.0000000000000000
+0000.0046130121666980,+0000.4864882697550544,+0000.4963787119755788,+0000.0125200061026689,+0000.0000000000000000
+0000.0061539039711264,+0000.4859778510444971,+0000.4945480740521829,+0000.0133201709321937,+0000.0000000000000000
+0000.0079136865183369,+0000.4853943897281989,+0000.4925484241085705,+0000.0141434996448936,+0000.0000000000000000
+0000.0098910805521091,+0000.4847381316467682,+0000.4903810893928413,+0000.0149896984082814,+0000.0000000000000000
+0000.0120846838967034,+0000.4840093492671883,+0000.4880475100834352,+0000.0158584567526732,+0000.0000000000000000
+0000.0144929723020489,+0000.4832083415361050,+0000.4855492384363504,+0000.0167494477254958,+0000.0000000000000000
+0000.0171143003589099,+0000.4823354337200383,+0000.4828879378643728,+0000.0176623280566790,+0000.0000000000000000
+0000.0199469024833935,+0000.4813909772327805,+0000.4800653819489630,+0000.0185967383348630,+0000.0000000000000000
+0000.0229888939699192,+0000.4803753494501405,+0000.4770834533856891,+0000.0195523031942514,+0000.0000000000000000
+0000.0262382721126459,+0000.4792889535118331,+0000.4739441428632025,+0000.0205286315123187,+0000.0000000000000000
+0000.0296929173939614,+0000.4781322181110459,+0000.4706495478771493,+0000.0215253166178434,+0000.0000000000000000
+0000.0333505947399869,+0000.4769055972714768,+0000.4672018714790750,+0000.0225419365094613,+0000.0000000000000000
+0000.0372089548421022,+0000.4756095701120263,+0000.4636034209613082,+0000.0235780540845634,+0000.0000000000000000
+0000.0412655355433887,+0000.4742446405995158,+0000.4598566064789133,+0000.0246332173781823,+0000.0000000000000000
+0000.0455177632900279,+0000.4728113372891851,+0000.4559639396087170,+0000.0257069598120700,+0000.0000000000000000
+0000.0499629546457182,+0000.4713102130534861,+0000.4519280318472687,+0000.0267988004535273,+0000.0000000000000000
+0000.0545983178691795,+0000.4697418447990649,+0000.4477515930477355,+0000.0279082442840201,+0000.0000000000000000
+0000.0594209545534764,+0000.4681068331721753,+0000.4434374297969864,+0000.0290347824773621,+0000.0000000000000000
+0000.0644278613256959,+0000.4664058022528272,+0000.4389884437342432,+0000.0301778926872337,+0000.0000000000000000
+0000.0696159316071497,+0000.4646393992375089,+0000.4344076298112728,+0000.0313370393440685,+0000.0000000000000000
+0000.0749819574317215,+0000.4628082941111226,+0000.4296980744963515,+0000.0325116739608043,+0000.0000000000000000
+0000.0805226313223743,+0000.4609131793078547,+0000.4248629539220625,+0000.0337012354477082,+0000.0000000000000000
+0000.0862345482243844,+0000.4589547693614101,+0000.4199055319783674,+0000.0349051504358383,+0000.0000000000000000
+0000.0921142074935968,+0000.4569338005449706,+0000.4148291583525621,+0000.0361228336088704,+0000.0000000000000000
+0000.0981580149397900,+0000.4548510305005553,+0000.4096372665161472,+0000.0373536880435075,+0000.0000000000000000
+0000.1043622849224849,+0000.4527072378586541,+0000.4043333716611383,+0000.0385971055577228,+0000.0000000000000000
+0000.1107232424992513,+0000.4505032218478156,+0000.3989210685858914,+0000.0398524670670416,+0000.0000000000000000
+0000.1172370256247167,+0000.4482398018945557,+0000.3934040295321402,+0000.0411191429485877,+0000.0000000000000000
+0000.1238996873984731,+0000.4459178172141200,+0000.3877860019750191,+0000.0423964934123878,+0000.0000000000000000
+0000.1307071983620081,+0000.4435381263917311,+0000.3820708063661120,+0000.0436838688801488,+0000.0000000000000000
+0000.1376554488414879,+0000.4411016069551943,+0000.3762623338324016,+0000.0449806103709161,+0000.0000000000000000
+0000.1447402513366307,+0000.4386091549386030,+0000.3703645438311589,+0000.0462860498936073,+0000.0000000000000000
+0000.1519573429536571,+0000.4360616844375687,+0000.3643814617626636,+0000.0475995108461107,+0000.0000000000000000
+0000.1593023878801694,+0000.4334601271564492,+0000.3583171765427449,+0000.0489203084206364,+0000.0000000000000000
+0000.1667709799022681,+0000.4308054319472672,+0000.3521758381351576,+0000.0502477500153069,+0000.0000000000000000
+0000.1743586449604200,+0000.4280985643412972,+0000.3459616550469281,+0000.0515811356513547,+0000.0000000000000000
+0000.1820608437441825,+0000.4253405060729141,+0000.3396788917867584,+0000.0529197583961448,+0000.0000000000000000
+0000.1898729743237566,+0000.4225322545962801,+0000.3333318662885060,+0000.0542629047914572,+0000.0000000000000000
+0000.1977903748160560,+0000.4196748225953807,+0000.3269249473018729,+0000.0556098552866902,+0000.0000000000000000
+0000.2058083260854481,+0000.4167692374869730,+0000.3204625517503738,+0000.0569598846772051,+0000.0000000000000000
+0000.2139220544755946,+0000.4138165409176040,+0000.3139491420598918,+0000.0583122625469095,+0000.0000000000000000
+0000.2221267345725331,+0000.4108177882542540,+0000.3073892234579240,+0000.0596662537152890,+0000.0000000000000000
+0000.2304174919966226,+0000.4077740480691277,+0000.3007873412456986,+0000.0610211186885511,+0000.0000000000000000
+0000.2387894062211070,+0000.4046864016192404,+0000.2941480780453788,+0000.0623761141142736,+0000.0000000000000000
+0000.2472375134174702,+0000.4015559423203128,+0000.2874760510224443,+0000.0637304932397728,+0000.0000000000000000
+0000.2557568093236027,+0000.3983837752161317,+0000.2807759090867445,+0000.0650835063735207,+0000.0000000000000000
+0000.2643422521351469,+0000.3951710164429793,+0000.2740523300723137,+0000.0664344013495600,+0000.0000000000000000
+0000.2729887654175308,+0000.3919187926896814,+0000.2673100178982263,+0000.0677824239945612,+0000.0000000000000000
+0000.2816912410361307,+0000.3886282406538798,+0000.2605536997128169,+0000.0691268185971725,+0000.0000000000000000
+0000.2904445421049723,+0000.3853005064940793,+0000.2537881230213496,+0000.0704668283795987,+0000.0000000000000000
+0000.2992435059498345,+0000.3819367452787006,+0000.2470180528007354,+0000.0718016959707292,+0000.0000000000000000
+0000.3080829470859251,+0000.3785381204316201,+0000.2402482686014257,+0000.0731306638810289,+0000.0000000000000000
+0000.3169576602077779,+0000.3751058031748623,+0000.2334835616388058,+0000.0744529749785538,+0000.0000000000000000
+0000.3258624231887564,+0000.3716409719690592,+0000.2267287318764510,+0000.0757678729657331,+0000.0000000000000000
+0000.3347920000903459,+0000.3681448119511369,+0000.2199885851013847,+0000.0770746028571322,+0000.0000000000000000
+0000.3437411441772474,+0000.3646185143705746,+0000.2132679299949513,+0000.0783724114572265,+0000.0000000000000000
+0000.3527046009384580,+0000.3610632760236879,+0000.2065715751994586,+0000.0796605478383952,+0000.0000000000000000
+0000.3616771111116976,+0000.3574802986865568,+0000.1999043263829615,+0000.0809382638187838,+0000.0000000000000000
+0000.3706534137087901,+0000.3538707885472931,+0000.1932709833045324,+0000.0822048144393843,+0000.0000000000000000
+0000.3796282490421904,+0000.3502359556370774,+0000.1866763368801918,+0000.0834594584405401,+0000.0000000000000000
+0000.3885963617483830,+0000.3465770132612905,+0000.1801251662531141,+0000.0847014587372123,+0000.0000000000000000
+0000.3975525038086061,+0000.3428951774302228,+0000.1736222358682642,+0000.0859300828929068,+0000.0000000000000000
+0000.4064914375642587,+0000.3391916662899901,+0000.1671722925538357,+0000.0871446035919151,+0000.0000000000000000
+0000.4154079387243393,+0000.3354676995543117,+0000.1607800626118162,+0000.0883442991095326,+0000.0000000000000000
+0000.4242967993653838,+0000.3317244979365996,+0000.1544502489178750,+0000.0895284537801414,+0000.0000000000000000
+0000.4331528309196592,+0000.3279632825837192,+0000.1481875280341078,+0000.0906963584625137,+0000.0000000000000000
+0000.4419708671517974,+0000.3241852745108200,+0000.1419965473348411,+0000.0918473110025413,+0000.0000000000000000
+0000.4507457671215322,+0000.3203916940379267,+0000.1358819221478025,+0000.0929806166927382,+0000.0000000000000000
+0000.4594724181299469,+0000.3165837602289427,+0000.1298482329129198,+0000.0940955887281905,+0000.0000000000000000
+0000.4681457386494025,+0000.3127626903324492,+0000.1239000223589915,+0000.0951915486591565,+0000.0000000000000000
+0000.4767606812332911,+0000.3089296992257168,+0000.1180417927016166,+0000.0962678268393751,+0000.0000000000000000
+0000.4853122354057997,+0000.3050859988613042,+0000.1122780028626156,+0000.0973237628702801,+0000.0000000000000000
+0000.4937954305291145,+0000.3012327977168918,+0000.1066130657131813,+0000.0983587060408119,+0000.0000000000000000
+0000.5022053386458647,+0000.2973713002490397,+0000.1010513453429063,+0000.0993720157621888,+0000.0000000000000000
+0000.5105370772969671,+0000.2935027063502269,+0000.0955971543549713,+0000.1003630619978343,+0000.0000000000000000
+0000.5187858123107852,+0000.2896282108105944,+0000.0902547511907488,+0000.1013312256878711,+0000.0000000000000000
+0000.5269467605646143,+0000.2857490027835221,+0000.0850283374837278,+0000.1022758991681355,+0000.0000000000000000
+0000.5350151927144797,+0000.2818662652564516,+0000.0799220554459303,+0000.1031964865831380,+0000.0000000000000000
+0000.5429864358934251,+0000.2779811745263114,+0000.0749399852870929,+0000.1040924042931703,+0000.0000000000000000
+0000.5508558763761867,+0000.2740948996802030,+0000.0700861426686774,+0000.1049630812749327,+0000.0000000000000000
+0000.5586189622079299,+0000.2702086020819871,+0000.0653644761946608,+0000.1058079595154217,+0000.0000000000000000
+0000.5662712057971725,+0000.2663234348641091,+0000.0607788649394507,+0000.1066264943992674,+0000.0000000000000000
+0000.5738081864695248,+0000.2624405424260535,+0000.0563331160157586,+0000.1074181550886626,+0000.0000000000000000
+0000.5812255529824111,+0000.2585610599387621,+0000.0520309621827500,+0000.1081824248960762,+0000.0000000000000000
+0000.5885190259984872,+0000.2546861128556382,+0000.0478760594963715,+0000.1089188016495027,+0000.0000000000000000
+0000.5956844005159334,+0000.2508168164307726,+0000.0438719850036226,+0000.1096267980496712,+0000.0000000000000000
+0000.6027175482557290,+0000.2469542752437180,+0000.0400222344811613,+0000.1103059420193912,+0000.0000000000000000
+0000.6096144200024888,+0000.2430995827321573,+0000.0363302202207634,+0000.1109557770445902,+0000.0000000000000000
+0000.6163710478993430,+0000.2392538207317969,+0000.0327992688619873,+0000.1115758625068721,+0000.0000000000000000
+0000.6229835476947703,+0000.2354180590240926,+0000.0294326192737550,+0000.1121657740073816,+0000.0000000000000000
+0000.6294481209394049,+0000.2315933548923943,+0000.0262334204864070,+0000.1127251036817934,+0000.0000000000000000
+0000.6357610571332585,+0000.2277807526858414,+0000.0232047296746642,+0000.1132534605062355,+0000.0000000000000000
+0000.6419187358202654,+0000.2239812833923141,+0000.0203495101936544,+0000.1137504705937657,+0000.0000000000000000
+0000.6479176286302653,+0000.2201959642197538,+0000.0176706296683971,+0000.1142157774815832,+0000.0000000000000000
+0000.6537543012668945,+0000.2164257981864318,+0000.0151708581382342,+0000.1146490424084390,+0000.0000000000000000
+0000.6594254154396391,+0000.2126717737207289,+0000.0128528662575307,+0000.1150499445821005,+0000.0000000000000000
+0000.6649277307401000,+0000.2089348642697343,+0000.0107192235531241,+0000.1154181814370409,+0000.0000000000000000
+0000.6702581064601187,+0000.2052160279179311,+0000.0087723967402758,+0000.1157534688816738,+0000.0000000000000000
+0000.6754135033518598,+0000.2015162070152696,+0000.0070147480975624,+0000.1160555415353078,+0000.0000000000000000
+0000.6803909853281841,+0000.1978363278151720,+0000.0054485339019472,+0000.1163241529546964,+0000.0000000000000000
+0000.6851877211021946,+0000.1941773001229927,+0000.0040759029250989,+0000.1165590758497133,+0000.0000000000000000
+0000.6898009857659619,+0000.1905400169542384,+0000.0028988949914827,+0000.1167601022883164,+0000.0000000000000000
+0000.6942281623061390,+0000.1869253542037559,+0000.0019194395995388,+0000.1169270438905659,+0000.0000000000000000
+0000.6984667430568929,+0000.1833341703251828,+0000.0011393546064290,+0000.1170597320114948,+0000.0000000000000000
+0000.7025143310887563,+0000.1797673060211651,+0000.0005603449773278,+0000.1171580179127502,+0000.0000000000000000
+0000.7063686415321727,+0000.1762255839448248,+0000.0001840016000433,+0000.1172217729229588,+0000.0000000000000000
+0000.7100275028360837,+0000.1727098084117759,+0000.0000118001655437,+0000.1172508885865964,+0000.0000000000000000
+0000.7134888579597226,+0000.1692207651238310,+0000.0000451001152368,+0000.1172452768012092,+0000.0000000000000000
+0000.7167507654976308,+0000.1657592209036926,+0000.0002851436555263,+0000.1172048699431497,+0000.0000000000000000
+0000.7198114007371526,+0000.1623259234410880,+0000.0007330548403369,+0000.1171296209814220,+0000.0000000000000000
+0000.7226690566474753,+0000.1589216010507802,+0000.0013898387221043,+0000.1170195035796396,+0000.0000000000000000
+0000.7253221448001482,+0000.1555469624417622,+0000.0022563805718484,+0000.1168745121862407,+0000.0000000000000000
+0000.7277691962200921,+0000.1522026964986947,+0000.0033334451686913,+0000.1166946621125213,+0000.0000000000000000
+0000.7300088621670935,+0000.1488894720748810,+0000.0046216761593862,+0000.1164799895986388,+0000.0000000000000000
+0000.7320399148469391,+0000.1456079377971997,+0000.0061215954882534,+0000.1162305518676072,+0000.0000000000000000
+0000.7338612480519512,+0000.1423587218833686,+0000.0078336028977151,+0000.1159464271669646,+0000.0000000000000000
+0000.7354718777308041,+0000.1391424319708484,+0000.0097579755000938,+0000.1156277147982529,+0000.0000000000000000
+0000.7368709424867650,+0000.1359596549583785,+0000.0118948674205319,+0000.1152745351343240,+0000.0000000000000000
+0000.7380577040046774,+0000.1328109568594288,+0000.0142443095116420,+0000.1148870296242513,+0000.0000000000000000
+0000.7390315474061673,+0000.1296968826679377,+0000.0168062091399769,+0000.1144653607859176,+0000.0000000000000000
+0000.7397919815327404,+0000.1266179562366720,+0000.0195803500442050,+0000.1140097121863820,+0000.0000000000000000
+0000.7403386391570045,+0000.1235746801675067,+0000.0225663922656952,+0000.1135202884097930,+0000.0000000000000000
+0000.7406712771216620,+0000.1205675357145321,+0000.0257638721508606,+0000.1129973150129450,+0000.0000000000000000
+0000.7407897764061702,+0000.1175969826992954,+0000.0291722024259127,+0000.1124410384686211,+0000.0000000000000000
+0000.7406941421212443,+0000.1146634594384743,+0000.0327906723438023,+0000.1118517260964787,+0000.0000000000000000
+0000.7403845034311753,+0000.1117673826842689,+0000.0366184479029234,+0000.1112296659816318,+0000.0000000000000000
+0000.7398611134037826,+0000.1089091475768306,+0000.0406545721383268,+0000.1105751668810594,+0000.0000000000000000
+0000.7391243487885321,+0000.1060891276095334,+0000.0448979654842780,+0000.1098885581176562,+0000.0000000000000000
+0000.7381747097226843,+0000.1033076746063976,+0000.0493474262088531,+0000.1091701894620644,+0000.0000000000000000
+0000.7370128193655686,+0000.1005651187119332,+0000.0540016309200396,+0000.1084204310024580,+0000.0000000000000000
+0000.7356394234616529,+0000.0978617683936122,+0000.0588591351426096,+0000.1076396730021246,+0000.0000000000000000
+0000.7340553898321861,+0000.0951979104563009,+0000.0639183739665454,+0000.1068283257449672,+0000.0000000000000000
+0000.7322617077960687,+0000.0925738100693838,+0000.0691776627653584,+0000.1059868193691885,+0000.0000000000000000
+0000.7302594875201612,+0000.0899897108058823,+0000.0746351979850237,+0000.1051156036889321,+0000.0000000000000000
+0000.7280499592994270,+0000.0874458346937780,+0000.0802890580026913,+0000.1042151480041033,+0000.0000000000000000
+0000.7256344727675088,+0000.0849423822797189,+0000.0861372040541506,+0000.1032859408986212,+0000.0000000000000000
+0000.7230144960378508,+0000.0824795327044298,+0000.0921774812308510,+0000.1023284900268679,+0000.0000000000000000
+0000.7201916147765259,+0000.0800574437904648,+0000.0984076195443342,+0000.1013433218886746,+0000.0000000000000000
+0000.7171675312065477,+0000.0776762521416410,+0000.1048252350588393,+0000.1003309815929716,+0000.0000000000000000
+0000.7139440630447496,+0000.0753360732542883,+0000.1114278310909413,+0000.0992920326100201,+0000.0000000000000000
+0000.7105231423721270,+0000.0730370016404373,+0000.1182127994749055,+0000.0982270565125295,+0000.0000000000000000
+0000.7069068144373237,+0000.0707791109623045,+0000.1251774218946042,+0000.0971366527057673,+0000.0000000000000000
+0000.7030972363952943,+0000.0685624541785991,+0000.1323188712793704,+0000.0960214381467355,+0000.0000000000000000
+0000.6990966759808752,+0000.0663870637020035,+0000.1396342132645855,+0000.0948820470525351,+0000.0000000000000000
+0000.6949075101182547,+0000.0642529515679337,+0000.1471204077155828,+0000.0937191305982282,+0000.0000000000000000
+0000.6905322234678966,+0000.0621601096146267,+0000.1547743103132719,+0000.0925333566042045,+0000.0000000000000000
+0000.6859734069105780,+0000.0601085096739267,+0000.1625926742023474,+0000.0913254092131474,+0000.0000000000000000
+0000.6812337559705516,+0000.0580981037732389,+0000.1705721516990436,+0000.0900959885571655,+0000.0000000000000000
+0000.6763160691781871,+0000.0561288243479698,+0000.1787092960592239,+0000.0888458104146186,+0000.0000000000000000
+0000.6712232463728934,+0000.0542005844645477,+0000.1870005633051496,+0000.0875756058574089,+0000.0000000000000000
+0000.6659582869481442,+0000.0523132780540135,+0000.1954423141090730,+0000.0862861208887685,+0000.0000000000000000
+0000.6605242880385891,+0000.0504667801555522,+0000.2040308157345248,+0000.0849781160713335,+0000.0000000000000000
+0000.6549244426514108,+0000.0486609471703588,+0000.2127622440318649,+0000.0836523661463650,+0000.0000000000000000
+0000.6491620377419625,+0000.0468956171252042,+0000.2216326854889283,+0000.0823096596439044,+0000.0000000000000000
+0000.6432404522355626,+0000.0451706099456801,+0000.2306381393348132,+0000.0809507984839436,+0000.0000000000000000
+0000.6371631549967646,+0000.0434857277391244,+0000.2397745196947773,+0000.0795765975693332,+0000.0000000000000000
+0000.6309337027460505,+0000.0418407550866141,+0000.2490376577971192,+0000.0781878843702156,+0000.0000000000000000
+0000.6245557379272264,+0000.0402354593442849,+0000.2584233042282155,+0000.0767854985002729,+0000.0000000000000000
+0000.6180329865247827,+0000.0386695909534130,+0000.2679271312365996,+0000.0753702912852042,+0000.0000000000000000
+0000.6113692558333381,+0000.0371428837591980,+0000.2775447350839190,+0000.0739431253235444,+0000.0000000000000000
+0000.6045684321814047,+0000.0356550553381462,+0000.2872716384404805,+0000.0725048740399680,+0000.0000000000000000
+0000.5976344786086820,+0000.0342058073335199,+0000.2971032928263184,+0000.0710564212314791,+0000.0000000000000000
+0000.5905714325005054,+0000.0327948257990291,+0000.3070350810936459,+0000.0695986606068192,+0000.0000000000000000
+0000.5833834031793774,+0000.0314217815501742,+0000.3170623199515304,+0000.0681324953189173,+0000.0000000000000000
+0000.5760745694552046,+0000.0300863305231852,+0000.3271802625304936,+0000.0666588374911161,+0000.0000000000000000
+0000.5686491771366587,+0000.0287881141414215,+0000.3373841009845769,+0000.0651786077373425,+0000.0000000000000000
+0000.5611115365035407,+0000.0275267596886652,+0000.3476689691317461,+0000.0636927346760474,+0000.0000000000000000
+0000.5534660197433725,+0000.0263018806894644,+0000.3580299451282964,+0000.0622021544388661,+0000.0000000000000000
+0000.5457170583521214,+0000.0251130772959569,+0000.3684620541781049,+0000.0607078101738162,+0000.0000000000000000
+0000.5378691405015256,+0000.0239599366810340,+0000.3789602712742017,+0000.0592106515432383,+0000.0000000000000000
+0000.5299268083749200,+0000.0228420334377216,+0000.3895195239701343,+0000.0577116342172236,+0000.0000000000000000
+0000.5218946554714158,+0000.0217589299842371,+0000.4001346951819915,+0000.0562117193623551,+0000.0000000000000000
+0000.5137773238826508,+0000.0207101769747696,+0000.4108006260163672,+0000.0547118731262121,+0000.0000000000000000
+0000.5055795015407576,+0000.0196953137154244,+0000.4215121186258932,+0000.0532130661179246,+0000.0000000000000000
+0000.4973059194418580,+0000.0187138685853545,+0000.4322639390875646,+0000.0517162728852224,+0000.0000000000000000
+0000.4889613488449236,+0000.0177653594625492,+0000.4430508203046873,+0000.0502224713878393,+0000.0000000000000000
+0000.4805505984480138,+0000.0168492941541411,+0000.4538674649298403,+0000.0487326424680043,+0000.0000000000000000
+0000.4720785115446108,+0000.0159651708310194,+0000.4647085483061152,+0000.0472477693182543,+0000.0000000000000000
+0000.4635499631598500,+0000.0151124784662461,+0000.4755687214274658,+0000.0457688369464380,+0000.0000000000000000
+0000.4549698571704089,+0000.0142906972772768,+0000.4864426139134581,+0000.0442968316388558,+0000.0000000000000000
+0000.4463431234078777,+0000.0134992991714822,+0000.4973248369992426,+0000.0428327404213971,+0000.0000000000000000
+0000.4376747147483290,+0000.0127377481947619,+0000.5082099865379677,+0000.0413775505189411,+0000.0000000000000000
+0000.4289696041902615,+0000.0120055009830592,+0000.5190926460129428,+0000.0399322488137361,+0000.0000000000000000
+0000.4202327819207044,+0000.0113020072163016,+0000.5299673895603637,+0000.0384978213026299,+0000.0000000000000000
+0000.4114692523739542,+0000.0106267100746743,+0000.5408287849977252,+0000.0370752525536460,+0000.0000000000000000
+0000.4026840312821475,+0000.0099790466967958,+0000.5516713968588314,+0000.0356655251622251,+0000.0000000000000000
+0000.3938821427204484,+0000.0093584486395651,+0000.5624897894325870,+0000.0342696192073991,+0000.0000000000000000
+0000.3850686161496378,+0000.0087643423394320,+0000.5732785298027514,+0000.0328885117081784,+0000.0000000000000000
+0000.3762484834553020,+0000.0081961495746831,+0000.5840321908895502,+0000.0315231760804642,+0000.0000000000000000
+0000.3674267759881440,+0000.0076532879286096,+0000.5947453544882766,+0000.0301745815949694,+0000.0000000000000000
+0000.3586085216051672,+0000.0071351712531165,+0000.6054126143056495,+0000.0288436928360664,+0000.0000000000000000
+0000.3497987417139704,+0000.0066412101325664,+0000.6160285789912310,+0000.0275314691622319,+0000.0000000000000000
+0000.3410024483229339,+0000.0061708123475968,+0000.6265878751611107,+0000.0262388641683582,+0000.0000000000000000
+0000.3322246410970418,+0000.0057233833384979,+0000.6370851504145909,+0000.0249668251498689,+0000.0000000000000000
+0000.3234703044233002,+0000.0052983266680176,+0000.6475150763391964,+0000.0237162925694854,+0000.0000000000000000
+0000.3147444044854973,+0000.0048950444831852,+0000.6578723515047512,+0000.0224881995265661,+0000.0000000000000000
+0000.3060518863510494,+0000.0045129379759025,+0000.6681517044437260,+0000.0212834712293217,+0000.0000000000000000
+0000.2973976710721490,+0000.0041514078420707,+0000.6783478966152636,+0000.0201030244705166,+0000.0000000000000000
+0000.2887866528009607,+0000.0038098547388672,+0000.6884557253535688,+0000.0189477671066029,+0000.0000000000000000
+0000.2802236959232572,+0000.0034876797399853,+0000.6984700267959890,+0000.0178185975407683,+0000.0000000000000000
+0000.2717136322097305,+0000.0031842847884883,+0000.7083856787916178,+0000.0167164042101630,+0000.0000000000000000
+0000.2632612579876726,+0000.0028990731470256,+0000.7181976037877154,+0000.0156420650775861,+0000.0000000000000000
+0000.2548713313356447,+0000.0026314498451461,+0000.7279007716912940,+0000.0145964471279151,+0000.0000000000000000
+0000.2465485693004034,+0000.0023808221233868,+0000.7374902027066677,+0000.0135804058695419,+0000.0000000000000000
+0000.2382976451403489,+0000.0021465998739290,+0000.7469609701444712,+0000.0125947848412507,+0000.0000000000000000
+0000.2301231855951864,+0000.0019281960774816,+0000.7563082032027970,+0000.0116404151245346,+0000.0000000000000000
+0000.2220297681839452,+0000.0017250272361651,+0000.7655270897180040,+0000.0107181148618855,+0000.0000000000000000
+0000.2140219185338657,+0000.0015365138021393,+0000.7746128788826840,+0000.0098286887813107,+0000.0000000000000000
+0000.2061041077398703,+0000.0013620806016568,+0000.7835608839313738,+0000.0089729277270990,+0000.0000000000000000
+0000.1982807497582516,+0000.0012011572543524,+0000.7923664847899246,+0000.0081516081974711,+0000.0000000000000000
+0000.1905561988342800,+0000.0010531785874585,+0000.8010251306891417,+0000.0073654918891196,+0000.0000000000000000
+0000.1829347469661633,+0000.0009175850447077,+0000.8095323427402112,+0000.0066153252489175,+0000.0000000000000000
+0000.1754206214073059,+0000.0007938230896954,+0000.8178837164697573,+0000.0059018390332412,+0000.0000000000000000
+0000.1680179822066022,+0000.0006813456034171,+0000.8260749243150446,+0000.0052257478749360,+0000.0000000000000000
+0000.1607309197905437,+0000.0005796122757707,+0000.8341017180753788,+0000.0045877498583067,+0000.0000000000000000
+0000.1535634525864579,+0000.0004880899907664,+0000.8419599313204349,+0000.0039885261023407,+0000.0000000000000000
+0000.1465195246891567,+0000.0004062532052155,+0000.8496454817532211,+0000.0034287403524066,+0000.0000000000000000
+0000.1396030035731332,+0000.0003335843206717,+0000.8571543735255278,+0000.0029090385806672,+0000.0000000000000000
+0000.1328176778496902,+0000.0002695740483888,+0000.8644826995065067,+0000.0024300485954142,+0000.0000000000000000
+0000.1261672550724871,+0000.0002137217670874,+0000.8716266435007920,+0000.0019923796596335,+0000.0000000000000000
+0000.1196553595911795,+0000.0001655358732982,+0000.8785824824166383,+0000.0015966221188839,+0000.0000000000000000
+0000.1132855304548989,+0000.0001245341240806,+0000.8853465883821924,+0000.0012433470388281,+0000.0000000000000000
+0000.1070612193675038,+0000.0000902439719095,+0000.8919154308079806,+0000.0009331058526059,+0000.0000000000000000
+0000.1009857886943326,+0000.0000622028915179,+0000.8982855783959849,+0000.0006664300181645,+0000.0000000000000000
+0000.0950625095232762,+0000.0000399586985117,+0000.9044537010923286,+0000.0004438306858836,+0000.0000000000000000
+0000.0892945597798686,+0000.0000230698595542,+0000.9104165719839905,+0000.0002657983765864,+0000.0000000000000000
+0000.0836850223982215,+0000.0000111057939389,+0000.9161710691376870,+0000.0001328026701524,+0000.0000000000000000
+0000.0782368835492062,+0000.0000036471663688,+0000.9217141773794737,+0000.0000452919049511,+0000.0000000000000000
+0000.0729530309256402,+0000.0000002861707661,+0000.9270429900153716,+0000.0000036928882220,+0000.0000000000000000
+0000.0678362520871840,+0000.0000006268049422,+0000.9321547104902697,+0000.0000084106176041,+0000.0000000000000000
+0000.0628892328643980,+0000.0000042851359645,+0000.9370466539856679,+0000.0000598280139693,+0000.0000000000000000
+0000.0581145558235429,+0000.0000108895560620,+0000.9417162489546756,+0000.0001583056657193,+0000.0000000000000000
+0000.0535146987935250,+0000.0000200810289167,+0000.9461610385928603,+0000.0003041815846982,+0000.0000000000000000
+0000.0490920334545204,+0000.0000315133261946,+0000.9503786822454112,+0000.0004977709738737,+0000.0000000000000000
+0000.0448488239905696,+0000.0000448532541767,+0000.9543669567483529,+0000.0007393660069008,+0000.0000000000000000
+0000.0407872258058352,+0000.0000597808703558,+0000.9581237577040665,+0000.0010292356197426,+0000.0000000000000000
+0000.0369092843056274,+0000.0000759896898723,+0000.9616471006900537,+0000.0013676253144466,+0000.0000000000000000
+0000.0332169337433246,+0000.0000931868816642,+0000.9649351223998439,+0000.0017547569751672,+0000.0000000000000000
+0000.0297119961329527,+0000.0001110934542238,+0000.9679860817161801,+0000.0021908286966434,+0000.0000000000000000
+0000.0263961802290659,+0000.0001294444308436,+0000.9707983607149797,+0000.0026760146251106,+0000.0000000000000000
+0000.0232710805736563,+0000.0001479890142560,+0000.9733704656002602,+0000.0032104648118273,+0000.0000000000000000
+0000.0203381766110849,+0000.0001664907405717,+0000.9757010275690099,+0000.0037943050793333,+0000.0000000000000000
+0000.0175988318717061,+0000.0001847276224236,+0000.9777888036054699,+0000.0044276369004005,+0000.0000000000000000
+0000.0150542932239839,+0000.0002024922812377,+0000.9796326772048836,+0000.0051105372898946,+0000.0000000000000000
+0000.0127056901964153,+0000.0002195920685580,+0000.9812316590254972,+0000.0058430587095294,+0000.0000000000000000
+0000.0105540343688719,+0000.0002358491763526,+0000.9825848874691671,+0000.0066252289856085,+0000.0000000000000000
+0000.0086002188340675,+0000.0002511007362416,+0000.9836916291898857,+0000.0074570512398050,+0000.0000000000000000
+0000.0068450177296414,+0000.0002651989075954,+0000.9845512795297450,+0000.0083385038330181,+0000.0000000000000000
+0000.0052890858405732,+0000.0002780109544511,+0000.9851633628825736,+0000.0092695403224019,+0000.0000000000000000
+0000.0039329582727578,+0000.0002894193112074,+0000.9855275329845883,+0000.0102500894314463,+0000.0000000000000000
+0000.0027770501974779,+0000.0002993216370697,+0000.9856435731320718,+0000.0112800550333804,+0000.0000000000000000
+0000.0018216566670880,+0000.0003076308592114,+0000.9855113963259752,+0000.0123593161477253,+0000.0000000000000000
+0000.0010669525021011,+0000.0003142752046346,+0000.9851310453432912,+0000.0134877269499733,+0000.0000000000000000
+0000.0005129922494930,+0000.0003191982207216,+0000.9845026927350913,+0000.0146651167946940,+0000.0000000000000000
+0000.0001597102124910,+0000.0003223587844656,+0000.9836266407513894,+0000.0158912902516540,+0000.0000000000000000
+0000.0000069205516206,+0000.0003237311003833,+0000.9825033211927690,+0000.0171660271552272,+0000.0000000000000000
+0000.0000543174570622,+0000.0003233046871237,+0000.9811332951887256,+0000.0184890826670883,+0000.0000000000000000
+0000.0003014753921606,+0000.0003210843527807,+0000.9795172529031748,+0000.0198601873518840,+0000.0000000000000000
+0000.0007478494079445,+0000.0003170901589340,+0000.9776560131669341,+0000.0212790472661875,+0000.0000000000000000
+0000.0013927755284351,+0000.0003113573734548,+0000.9755505230376298,+0000.0227453440604800,+0000.0000000000000000
+0000.0022354712065415,+0000.0003039364121024,+0000.9732018572871630,+0000.0242587350941930,+0000.0000000000000000
+0000.0032750358502910,+0000.0002948927689584,+0000.9706112178170103,+0000.0258188535637403,+0000.0000000000000000
+0000.0045104514189281,+0000.0002843069357578,+0000.9677799330018542,+0000.0274253086434599,+0000.0000000000000000
+0000.0059405830887810,+0000.0002722743101581,+0000.9647094569615610,+0000.0290776856394999,+0000.0000000000000000
+0000.0075641799881894,+0000.0002589050930229,+0000.9614013687624987,+0000.0307755461562888,+0000.0000000000000000
+0000.0093798760012880,+0000.0002443241747887,+0000.9578573715479746,+0000.0325184282759488,+0000.0000000000000000
+0000.0113861906401339,+0000.0002286710109862,+0000.9540792915986687,+0000.0343058467502111,+0000.0000000000000000
+0000.0135815299844164,+0000.0002120994870078,+0000.9500690773238845,+0000.0361372932046910,+0000.0000000000000000
+0000.0159641876886262,+0000.0001947777722097,+0000.9458287981832535,+0000.0380122363559104,+0000.0000000000000000
+0000.0185323460555290,+0000.0001768881634453,+0000.9413606435407688,+0000.0399301222402569,+0000.0000000000000000
+0000.0212840771759619,+0000.0001586269181317,+0000.9366669214505556,+0000.0418903744553510,+0000.0000000000000000
+0000.0242173441335198,+0000.0001402040769700,+0000.9317500573761394,+0000.0438923944133706,+0000.0000000000000000
+0000.0273300022740795,+0000.0001218432764225,+0000.9266125928431865,+0000.0459355616063116,+0000.0000000000000000
+0000.0306198005391694,+0000.0001037815510792,+0000.9212571840267240,+0000.0480192338830272,+0000.0000000000000000
+0000.0340843828619951,+0000.0000862691260446,+0000.9156866002740822,+0000.0501427477378780,+0000.0000000000000000
+0000.0377212896261647,+0000.0000695691994721,+0000.9099037225633924,+0000.0523054186109707,+0000.0000000000000000
+0000.0415279591852529,+0000.0000539577153964,+0000.9039115418998908,+0000.0545065411994598,+0000.0000000000000000
+0000.0455017294430506,+0000.0000397231270090,+0000.8977131576496108,+0000.0567453897803295,+0000.0000000000000000
+0000.0496398394933737,+0000.0000271661505281,+0000.8913117758120823,+0000.0590212185440158,+0000.0000000000000000
+0000.0539394313179859,+0000.0000165995098275,+0000.8847107072335373,+0000.0613332619386489,+0000.0000000000000000
+0000.0583975515425501,+0000.0000083476719869,+0000.8779133657601051,+0000.0636807350253578,+0000.0000000000000000
+0000.0630111532484873,+0000.0000027465739353,+0000.8709232663340032,+0000.0660628338435742,+0000.0000000000000000
+0000.0677770978406277,+0000.0000001433403649,+0000.8637440230322522,+0000.0684787357867551,+0000.0000000000000000
+0000.0726921569690948,+0000.0000008959930977,+0000.8563793470494840,+0000.0709275999883234,+0000.0000000000000000
+0000.0777530145039182,+0000.0000053731520915,+0000.8488330446269152,+0000.0734085677170750,+0000.0000000000000000
+0000.0829562685623273,+0000.0000139537282788,+0000.8411090149268979,+0000.0759207627824957,+0000.0000000000000000
+0000.0882984335860108,+0000.0000270266084365,+0000.8332112478561855,+0000.0784632919493671,+0000.0000000000000000
+0000.0937759424684668,+0000.0000449903322879,+0000.8251438218376728,+0000.0810352453615724,+0000.0000000000000000
+0000.0993851487306582,+0000.0000682527620485,+0000.8169109015324398,+0000.0836356969748533,+0000.0000000000000000
+0000.1051223287430306,+0000.0000972307446207,+0000.8085167355140788,+0000.0862637049982698,+0000.0000000000000000
+0000.1109836839940940,+0000.0001323497666637,+0000.7999656538949751,+0000.0889183123442669,+0000.0000000000000000
+0000.1169653434025190,+0000.0001740436027533,+0000.7912620659080662,+0000.0915985470866611,+0000.0000000000000000
+0000.1230633656726500,+0000.0002227539568573,+0000.7824104574434638,+0000.0943034229270286,+0000.0000000000000000
+0000.1292737416916979,+0000.0002789300973647,+0000.7734153885422960,+0000.0970319396686413,+0000.0000000000000000
+0000.1355923969664886,+0000.0003430284858907,+0000.7642814908499549,+0000.0997830836976654,+0000.0000000000000000
+0000.1420151940997189,+0000.0004155124001068,+0000.7550134650280561,+0000.1025558284721180,+0000.0000000000000000
+0000.1485379353026466,+0000.0004968515508268,+0000.7456160781292730,+0000.1053491350172533,+0000.0000000000000000
+0000.1551563649441490,+0000.0005875216936085,+0000.7360941609343884,+0000.1081619524278538,+0000.0000000000000000
+0000.1618661721339448,+0000.0006880042351062,+0000.7264526052537872,+0000.1109932183771616,+0000.0000000000000000
+0000.1686629933379941,+0000.0007987858344276,+0000.7166963611960606,+0000.1138418596315174,+0000.0000000000000000
+0000.1755424150260543,+0000.0009203579997722,+0000.7068304344029748,+0000.1167067925711986,+0000.0000000000000000
+0000.1824999763477530,+0000.0010532166805674,+0000.6968598832549516,+0000.1195869237167278,+0000.0000000000000000
+0000.1895311718374588,+0000.0011978618554069,+0000.6867898160466485,+0000.1224811502604857,+0000.0000000000000000
+0000.1966314541456002,+0000.0013547971160418,+0000.6766253881350253,+0000.1253883606033325,+0000.0000000000000000
+0000.2037962367939936,+0000.0015245292476592,+0000.6663717990623947,+0000.1283074348959519,+0000.0000000000000000
+0000.2110208969555105,+0000.0017075678057804,+0000.6560342896539703,+0000.1312372455847385,+0000.0000000000000000
+0000.2183007782542544,+0000.0019044246899888,+0000.6456181390942903,+0000.1341766579614662,+0000.0000000000000000
+0000.2256311935861962,+0000.0021156137147926,+0000.6351286619817513,+0000.1371245307172597,+0000.0000000000000000
+0000.2330074279581668,+0000.0023416501779058,+0000.6245712053640639,+0000.1400797164998633,+0000.0000000000000000
+0000.2404247413426809,+0000.0025830504261886,+0000.6139511457572266,+0000.1430410624739036,+0000.0000000000000000
+0000.2478783715485635,+0000.0028403314195688,+0000.6032738861471945,+0000.1460074108846729,+0000.0000000000000000
+0000.2553635371037875,+0000.0031140102931804,+0000.5925448529790884,+0000.1489775996239434,+0000.0000000000000000
+0000.2628754401504937,+0000.0034046039180501,+0000.5817694931331344,+0000.1519504627983214,+0000.0000000000000000
+0000.2704092693496261,+0000.0037126284605739,+0000.5709532708899382,+0000.1549248312998613,+0000.0000000000000000
+0000.2779602027929977,+0000.0040385989410654,+0000.5601016648880419,+0000.1578995333778945,+0000.0000000000000000
+0000.2855234109227703,+0000.0043830287917256,+0000.5492201650729177,+0000.1608733952125861,+0000.0000000000000000
+0000.2930940594542715,+0000.0047464294141992,+0000.5383142696420478,+0000.1638452414894813,+0000.0000000000000000
+0000.3006673123025447,+0000.0051293097371243,+0000.5273894819855425,+0000.1668138959747882,+0000.0000000000000000
+0000.3082383345100306,+0000.0055321757739144,+0000.5164513076249454,+0000.1697781820911093,+0000.0000000000000000
+0000.3158022951727548,+0000.0059555301809878,+0000.5055052511529088,+0000.1727369234933484,+0000.0000000000000000
+0000.3233543703654381,+0000.0063998718168779,+0000.4945568131731581,+0000.1756889446445254,+0000.0000000000000000
+0000.3308897460614362,+0000.0068656953023643,+0000.4836114872454380,+0000.1786330713907613,+0000.0000000000000000
+0000.3384036210474764,+0000.0073534905819870,+0000.4726747568345692,+0000.1815681315359670,+0000.0000000000000000
+0000.3458912098310330,+0000.0078637424872397,+0000.4617520922665724,+0000.1844929554151545,+0000.0000000000000000
+0000.3533477455377347,+0000.0083969303016465,+0000.4508489476945151,+0000.1874063764661033,+0000.0000000000000000
+0000.3607684827987740,+0000.0089535273281040,+0000.4399707580732085,+0000.1903072317999131,+0000.0000000000000000
+0000.3681487006247190,+0000.0095340004586667,+0000.4291229361477016,+0000.1931943627689123,+0000.0000000000000000
+0000.3754837052657092,+0000.0101388097471648,+0000.4183108694546823,+0000.1960666155324433,+0000.0000000000000000
+0000.3827688330554398,+0000.0107684079848487,+0000.4075399173394312,+0000.1989228416202800,+0000.0000000000000000
+0000.3899994532368607,+0000.0114232402793302,+0000.3968154079912118,+0000.2017618984925966,+0000.0000000000000000
+0000.3971709707695597,+0000.0121037436372292,+0000.3861426354962103,+0000.2045826500970006,+0000.0000000000000000
+0000.4042788291148441,+0000.0128103465505627,+0000.3755268569126149,+0000.2073839674219778,+0000.0000000000000000
+0000.4113185129990009,+0000.0135434685873842,+0000.3649732893672026,+0000.2101647290464119,+0000.0000000000000000
+0000.4182855511522032,+0000.0143035199868465,+0000.3544871071760050,+0000.2129238216849449,+0000.0000000000000000
+0000.4251755190205965,+0000.0150909012588305,+0000.3440734389915889,+0000.2156601407289837,+0000.0000000000000000
+0000.4319840414520181,+0000.0159060027886747,+0000.3337373649763207,+0000.2183725907829860,+0000.0000000000000000
+0000.4387067953515340,+0000.0167492044469939,+0000.3234839140060575,+0000.2210600861954144,+0000.0000000000000000
+0000.4453395123067557,+0000.0176208752049984,+0000.3133180609033636,+0000.2237215515848819,+0000.0000000000000000
+0000.4518779811810333,+0000.0185213727555783,+0000.3032447237029829,+0000.2263559223604051,+0000.0000000000000000
+0000.4583180506721745,+0000.0194510431402660,+0000.2932687609519685,+0000.2289621452355906,+0000.0000000000000000
+0000.4646556318366292,+0000.0204102203825088,+0000.2833949690435980,+0000.2315391787372638,+0000.0000000000000000
+0000.4708867005760468,+0000.0213992261273044,+0000.2736280795895553,+0000.2340859937070930,+0000.0000000000000000
+0000.4770073000861772,+0000.0224183692876364,+0000.2639727568294746,+0000.2366015737967115,+0000.0000000000000000
+0000.4830135432658146,+0000.0234679456978002,+0000.2544335950801969,+0000.2390849159561879,+0000.0000000000000000
+0000.4889016150841320,+0000.0245482377738425,+0000.2450151162272242,+0000.2415350309148009,+0000.0000000000000000
+0000.4946677749063313,+0000.0256595141815624,+0000.2357217672575013,+0000.2439509436546044,+0000.0000000000000000
+0000.5003083587742466,+0000.0268020295119161,+0000.2265579178375169,+0000.2463316938763198,+0000.0000000000000000
+0000.5058197816424023,+0000.0279760239644270,+0000.2175278579360498,+0000.2486763364571205,+0000.0000000000000000
+0000.5111985395674014,+0000.0291817230386626,+0000.2086357954937402,+0000.2509839419001952,+0000.0000000000000000
+0000.5164412118486351,+0000.0304193372337948,+0000.1998858541415576,+0000.2532535967760121,+0000.0000000000000000
+0000.5215444631207693,+0000.0316890617568783,+0000.1912820709675308,+0000.2554844041548211,+0000.0000000000000000
+0000.5265050453949639,+0000.0329910762396179,+0000.1828283943354139,+0000.2576754840300038,+0000.0000000000000000
+0000.5313198000487872,+0000.0343255444640729,+0000.1745286817543745,+0000.2598259737327648,+0000.0000000000000000
+0000.5359856597632634,+0000.0356926140974434,+0000.1663866978022005,+0000.2619350283370923,+0000.0000000000000000
+0000.5404996504059536,+0000.0370924164361182,+0000.1584061121027694,+0000.2640018210551585,+0000.0000000000000000
+0000.5448588928584606,+0000.0385250661590002,+0000.1505904973593498,+0000.2660255436231890,+0000.0000000000000000
+0000.5490606047883649,+0000.0399906610906417,+0000.1429433274438263,+0000.2680054066771666,+0000.0000000000000000
+0000.5531021023634046,+0000.0414892819739988,+0000.1354679755443804,+0000.2699406401182156,+0000.0000000000000000
+0000.5569808019076401,+0000.0430209922532089,+0000.1281677123710692,+0000.2718304934680814,+0000.0000000000000000
+0000.5606942214979570,+0000.0445858378663194,+0000.1210457044221533,+0000.2736742362135697,+0000.0000000000000000
+0000.5642399825009592,+0000.0461838470485046,+0000.1141050123100984,+0000.2754711581404373,+0000.0000000000000000
+0000.5676158110478972,+0000.0478150301453379,+0000.1073485891502404,+0000.2772205696565241,+0000.0000000000000000
+0000.5708195394482569,+0000.0494793794368827,+0000.1007792790112391,+0000.2789218021036207,+0000.0000000000000000
+0000.5738491075400964,+0000.0511768689722830,+0000.0943998154294983,+0000.2805742080581218,+0000.0000000000000000
+0000.5767025639767632,+0000.0529074544151724,+0000.0882128199876786,+0000.2821771616203852,+0000.0000000000000000
+0000.5793780674491290,+0000.0546710728999824,+0000.0822208009583116,+0000.2837300586925766,+0000.0000000000000000
+0000.5818738878426511,+0000.0564676428992679,+0000.0764261520134019,+0000.2852323172446783,+0000.0000000000000000
+0000.5841884073285689,+0000.0582970641021856,+0000.0708311510004546,+0000.2866833775687904,+0000.0000000000000000
+0000.5863201213884246,+0000.0601592173041425,+0000.0654379587857789,+0000.2880827025216535,+0000.0000000000000000
+0000.5882676397715486,+0000.0620539643078289,+0000.0602486181657398,+0000.2894297777548822,+0000.0000000000000000
+0000.5900296873847479,+0000.0639811478356169,+0000.0552650528466392,+0000.2907241119329955,+0000.0000000000000000
+0000.5916051051135633,+0000.0659405914533869,+0000.0504890664935287,+0000.2919652369395206,+0000.0000000000000000
+0000.5929928505749809,+0000.0679320995060710,+0000.0459223418485416,+0000.2931527080704061,+0000.0000000000000000
+0000.5941919988007539,+0000.0699554570646753,+0000.0415664399196398,+0000.2942861042149305,+0000.0000000000000000
+0000.5952017428510356,+0000.0720104298850940,+0000.0374227992394325,+0000.2953650280244374,+0000.0000000000000000
+0000.5960213943579948,+0000.0740967643785571,+0000.0334927351953842,+0000.2963891060680631,+0000.0000000000000000
+0000.5966503839991441,+0000.0762141875939693,+0000.0297774394310967,+0000.2973579889757895,+0000.0000000000000000
+0000.5970882618998089,+0000.0783624072120372,+0000.0262779793190891,+0000.2982713515690643,+0000.0000000000000000
+0000.5973346979647708,+0000.0805411115511154,+0000.0229952975058707,+0000.2991288929782427,+0000.0000000000000000
+0000.5973894821389119,+0000.0827499695853981,+0000.0199302115284912,+0000.2999303367471985,+0000.0000000000000000
+0000.5972525245961740,+0000.0849886309742798,+0000.0170834135042481,+0000.3006754309252976,+0000.0000000000000000
+0000.5969238558574183,+0000.0872567261042571,+0000.0144554698921888,+0000.3013639481461357,+0000.0000000000000000
+0000.5964036268366840,+0000.0895538661425124,+0000.0120468213275275,+0000.3019956856932756,+0000.0000000000000000
+0000.5956921088157080,+0000.0918796431022880,+0000.0098577825286777,+0000.3025704655533258,+0000.0000000000000000
+0000.5947896933470187,+0000.0942336299205208,+0000.0078885422767965,+0000.3030881344556634,+0000.0000000000000000
+0000.5936968920855609,+0000.0966153805468795,+0000.0061391634683974,+0000.3035485638991614,+0000.0000000000000000
+0000.5924143365486159,+0000.0990244300450204,+0000.0046095832401520,+0000.3039516501662112,+0000.0000000000000000
+0000.5909427778046012,+0000.1014602947055511,+0000.0032996131664297,+0000.3042973143234174,+0000.0000000000000000
+0000.5892830860907288,+0000.1039224721707828,+0000.0022089395291813,+0000.3045855022093066,+0000.0000000000000000
+0000.5874362503593811,+0000.1064104415713522,+0000.0013371236599035,+0000.3048161844093625,+0000.0000000000000000
+0000.5854033777542114,+0000.1089236636741459,+0000.0006836023537745,+0000.3049893562178674,+0000.0000000000000000
+0000.5831856930155807,+0000.1114615810423714,+0000.0002476883552731,+0000.3051050375867745,+0000.0000000000000000
+0000.5807845378158292,+0000.1140236182067967,+0000.0000285709152834,+0000.3051632730620902,+0000.0000000000000000
+0000.5782013700250389,+0000.1166091818486099,+0000.0000253164192159,+0000.3051641317071348,+0000.0000000000000000
+0000.5754377629072733,+0000.1192176609939587,+0000.0002368690857705,+0000.3051077070129969,+0000.0000000000000000
+0000.5724954042481964,+0000.1218484272191274,+0000.0006620517359065,+0000.3049941167967691,+0000.0000000000000000
+0000.5693760954141088,+0000.1245008348676168,+0000.0012995666315425,+0000.3048235030867314,+0000.0000000000000000
+0000.5660817503433597,+0000.1271742212780815,+0000.0021479963834806,+0000.3045960319950775,+0000.0000000000000000
+0000.5626143944703454,+0000.1298679070231318,+0000.0032058049279795,+0000.3043118935785430,+0000.0000000000000000
+0000.5589761635827577,+0000.1325811961594621,+0000.0044713385714995,+0000.3039713016862803,+0000.0000000000000000
+0000.5551693026134372,+0000.1353133764881986,+0000.0059428271026838,+0000.3035744937956800,+0000.0000000000000000
+0000.5511961643661697,+0000.1380637198263055,+0000.0076183849713100,+0000.3031217308362144,+0000.0000000000000000
+0000.5470592081773917,+0000.1408314822883782,+0000.0094960125331961,+0000.3026132970010332,+0000.0000000000000000
+0000.5427609985141204,+0000.1436159045788124,+0000.0115735973603861,+0000.3020494995466805,+0000.0000000000000000
+0000.5383042035083379,+0000.1464162122943341,+0000.0138489156160703,+0000.3014306685812573,+0000.0000000000000000
+0000.5336915934301577,+0000.1492316162361755,+0000.0163196334927970,+0000.3007571568408693,+0000.0000000000000000
+0000.5289260390989838,+0000.1520613127327556,+0000.0189833087138948,+0000.3000293394543653,+0000.0000000000000000
+0000.5240105102345066,+0000.1549044839716503,+0000.0218373920966669,+0000.2992476136971757,+0000.0000000000000000
+0000.5189480737484949,+0000.1577602983413024,+0000.0248792291765450,+0000.2984123987336571,+0000.0000000000000000
+0000.5137418919777222,+0000.1606279107824379,+0000.0281060618915602,+0000.2975241353482794,+0000.0000000000000000
+0000.5083952208602152,+0000.1635064631479224,+0000.0315150303253056,+0000.2965832856665563,+0000.0000000000000000
+0000.5029114080544513,+0000.1663950845724191,+0000.0351031745084244,+0000.2955903328647049,+0000.0000000000000000
+0000.4972938910038391,+0000.1692928918505209,+0000.0388674362766671,+0000.2945457808689725,+0000.0000000000000000
+0000.4915461949463080,+0000.1721989898237055,+0000.0428046611852084,+0000.2934501540447776,+0000.0000000000000000
+0000.4856719308720807,+0000.1751124717752802,+0000.0469116004769131,+0000.2923039968757253,+0000.0000000000000000
+0000.4796747934286527,+0000.1780324198341626,+0000.0511849131048033,+0000.2911078736323809,+0000.0000000000000000
+0000.4735585587755111,+0000.1809579053861717,+0000.0556211678065374,+0000.2898623680317794,+0000.0000000000000000
+0000.4673270823896909,+0000.1838879894932828,+0000.0602168452299175,+0000.2885680828871083,+0000.0000000000000000
+0000.4609842968227000,+0000.1868217233207529,+0000.0649683401086488,+0000.2872256397478979,+0000.0000000000000000
+0000.4545342094116209,+0000.1897581485707593,+0000.0698719634858324,+0000.2858356785317873,+0000.0000000000000000
+0000.4479808999438265,+0000.1926962979239404,+0000.0749239449854852,+0000.2843988571467475,+0000.0000000000000000
+0000.4413285182781583,+0000.1956351954874814,+0000.0801204351295181,+0000.2829158511048420,+0000.0000000000000000
+0000.4345812819232482,+0000.1985738572496108,+0000.0854575076992623,+0000.2813873531278783,+0000.0000000000000000
+0000.4277434735740955,+0000.2015112915409673,+0000.0909311621405625,+0000.2798140727443744,+0000.0000000000000000
+0000.4208194386099814,+0000.2044464995014499,+0000.0965373260095783,+0000.2781967358789901,+0000.0000000000000000
+0000.4138135825526068,+0000.2073784755533489,+0000.1022718574598814,+0000.2765360844341624,+0000.0000000000000000
+0000.4067303684880506,+0000.2103062078799555,+0000.1081305477678004,+0000.2748328758641932,+0000.0000000000000000
+0000.3995743144532933,+0000.2132286789095067,+0000.1141091238950501,+0000.2730878827421495,+0000.0000000000000000
+0000.3923499907880296,+0000.2161448658043018,+0000.1202032510877685,+0000.2713018923198997,+0000.0000000000000000
+0000.3850620174555409,+0000.2190537409541892,+0000.1264085355086518,+0000.2694757060816179,+0000.0000000000000000
+0000.3777150613314597,+0000.2219542724752085,+0000.1327205269028963,+0000.2676101392904354,+0000.0000000000000000
+0000.3703138334637904,+0000.2248454247119500,+0000.1391347212948040,+0000.2657060205294551,+0000.0000000000000000
+0000.3628630863054383,+0000.2277261587440937,+0000.1456465637138663,+0000.2637641912366014,+0000.0000000000000000
+0000.3553676109200233,+0000.2305954328969500,+0000.1522514509493985,+0000.2617855052336279,+0000.0000000000000000
+0000.3478322341645003,+0000.2334522032545568,+0000.1589447343303809,+0000.2597708282505617,+0000.0000000000000000
+0000.3402618158478061,+0000.2362954241767359,+0000.1657217225311237,+0000.2577210374443339,+0000.0000000000000000
+0000.3326612458690673,+0000.2391240488186669,+0000.1725776843993831,+0000.2556370209128823,+0000.0000000000000000
+0000.3250354413362374,+0000.2419370296527728,+0000.1795078518059343,+0000.2535196772050551,+0000.0000000000000000
+0000.3173893436664149,+0000.2447333189933819,+0000.1865074225144238,+0000.2513699148257790,+0000.0000000000000000
+0000.3097279156714748,+0000.2475118695227267,+0000.1935715630679719,+0000.2491886517378263,+0000.0000000000000000
+0000.3020561386278150,+0000.2502716348189831,+0000.2006954116934682,+0000.2469768148597337,+0000.0000000000000000
+0000.2943790093342657,+0000.2530115698855874,+0000.2078740812197816,+0000.2447353395603651,+0000.0000000000000000
+0000.2867015371590527,+0000.2557306316816201,+0000.2151026620088807,+0000.2424651691504462,+0000.0000000000000000
+0000.2790287410767181,+0000.2584277796530119,+0000.2223762248989068,+0000.2401672543713630,+0000.0000000000000000
+0000.2713656466990739,+0000.2611019762638449,+0000.2296898241553073,+0000.2378425528817734,+0000.0000000000000000
+0000.2637172832989988,+0000.2637521875284207,+0000.2370385004310363,+0000.2354920287415442,+0000.0000000000000000
+0000.2560886808307946,+0000.2663773835426419,+0000.2444172837321953,+0000.2331166518943680,+0000.0000000000000000
+0000.2484848669483879,+0000.2689765390151969,+0000.2518211963878511,+0000.2307173976485640,+0000.0000000000000000
+0000.2409108640222956,+0000.2715486337982939,+0000.2592452560230589,+0000.2282952461563514,+0000.0000000000000000
+0000.2333716861590758,+0000.2740926534165211,+0000.2666844785314196,+0000.2258511818929834,+0000.0000000000000000
+0000.2258723362224542,+0000.2766075895951893,+0000.2741338810479435,+0000.2233861931344129,+0000.0000000000000000
+0000.2184178028598330,+0000.2790924407867405,+0000.2815884849185435,+0000.2209012714348828,+0000.0000000000000000
+0000.2110130575351216,+0000.2815462126949583,+0000.2890433186652016,+0000.2183974111047183,+0000.0000000000000000
+0000.2036630515691640,+0000.2839679187974635,+0000.2964934209455508,+0000.2158756086878217,+0000.0000000000000000
+0000.1963727131914171,+0000.2863565808651085,+0000.3039338435031930,+0000.2133368624402814,+0000.0000000000000000
+0000.1891469446017942,+0000.2887112294788323,+0000.3113596541098698,+0000.2107821718095034,+0000.0000000000000000
+0000.1819906190466347,+0000.2910309045433529,+0000.3187659394955001,+0000.2082125369145122,+0000.0000000000000000
+0000.1749085779097173,+0000.2933146557974328,+0000.3261478082651607,+0000.2056289580276890,+0000.0000000000000000
+0000.1679056278192917,+0000.2955615433204213,+0000.3335003938020935,+0000.2030324350581931,+0000.0000000000000000
+0000.1609865377749568,+0000.2977706380345096,+0000.3408188571527969,+0000.2004239670377365,+0000.0000000000000000
+0000.1541560362933722,+0000.2999410222032144,+0000.3480983898953160,+0000.1978045516080973,+0000.0000000000000000
+0000.1474188085763430,+0000.3020717899247327,+0000.3553342169871612,+0000.1951751845117629,+0000.0000000000000000
+0000.1407794937024551,+0000.3041620476206891,+0000.3625215995916308,+0000.1925368590852249,+0000.0000000000000000
+0000.1342426818432167,+0000.3062109145199716,+0000.3696558378816488,+0000.1898905657551628,+0000.0000000000000000
+0000.1278129115070842,+0000.3082175231363575,+0000.3767322738176530,+0000.1872372915389053,+0000.0000000000000000
+0000.1214946668107186,+0000.3101810197411884,+0000.3837462939002768,+0000.1845780195478162,+0000.0000000000000000
+0000.1152923747808177,+0000.3121005648298091,+0000.3906933318943761,+0000.1819137284949970,+0000.0000000000000000
+0000.1092104026874129,+0000.3139753335814670,+0000.3975688715236059,+0000.1792453922075141,+0000.0000000000000000
+0000.1032530554098061,+0000.3158045163131862,+0000.4043684491343327,+0000.1765739791426749,+0000.0000000000000000
+0000.0974245728382834,+0000.3175873189263895,+0000.4110876563255886,+0000.1739004519097384,+0000.0000000000000000
+0000.0917291273108320,+0000.3193229633466426,+0000.4177221425461614,+0000.1712257667963639,+0000.0000000000000000
+0000.0861708210881897,+0000.3210106879561338,+0000.4242676176551694,+0000.1685508733005070,+0000.0000000000000000
+0000.0807536838680594,+0000.3226497480185943,+0000.4307198544453957,+0000.1658767136679506,+0000.0000000000000000
+0000.0754816703394127,+0000.3242394160963251,+0000.4370746911286156,+0000.1632042224356464,+0000.0000000000000000
+0000.0703586577799381,+0000.3257789824590290,+0000.4433280337794637,+0000.1605343259815693,+0000.0000000000000000
+0000.0653884436959851,+0000.3272677554847632,+0000.4494758587388705,+0000.1578679420803812,+0000.0000000000000000
+0000.0605747435078449,+0000.3287050620518530,+0000.4555142149740707,+0000.1552059794662315,+0000.0000000000000000
+0000.0559211882813258,+0000.3300902479223309,+0000.4614392263941191,+0000.1525493374022241,+0000.0000000000000000
+0000.0514313225064929,+0000.3314226781165650,+0000.4672470941202275,+0000.1498989052567147,+0000.0000000000000000
+0000.0471086019261118,+0000.3327017372780046,+0000.4729340987081544,+0000.1472555620877291,+0000.0000000000000000
+0000.0429563914134685,+0000.3339268300291552,+0000.4784966023232001,+0000.1446201762341761,+0000.0000000000000000
+0000.0389779629020535,+0000.3350973813177209,+0000.4839310508650781,+0000.1419936049151474,+0000.0000000000000000
+0000.0351764933678424,+0000.3362128367526012,+0000.4892339760421341,+0000.1393766938374224,+0000.0000000000000000
+0000.0315550628651294,+0000.3372726629302873,+0000.4944019973938625,+0000.1367702768107208,+0000.0000000000000000
+0000.0281166526180671,+0000.3382763477506888,+0000.4994318242592871,+0000.1341751753719569,+0000.0000000000000000
+0000.0248641431676089,+0000.3392234007225391,+0000.5043202576921009,+0000.1315921984177510,+0000.0000000000000000
+0000.0218003125760880,+0000.3401133532583150,+0000.5090641923197319,+0000.1290221418458652,+0000.0000000000000000
+0000.0189278346900760,+0000.3409457589583550,+0000.5136606181459020,+0000.1264657882056669,+0000.0000000000000000
+0000.0162492774622895,+0000.3417201938838343,+0000.5181066222961698,+0000.1239239063577062,+0000.0000000000000000
+0000.0137671013343881,+0000.3424362568186256,+0000.5223993907039362,+0000.1213972511430502,+0000.0000000000000000
+0000.0114836576805298,+0000.3430935695201283,+0000.5265362097377074,+0000.1188865630616346,+0000.0000000000000000
+0000.0094011873133940,+0000.3436917769581971,+0000.5305144677676106,+0000.1163925679607984,+0000.0000000000000000
+0000.0075218190533202,+0000.3442305475427729,+0000.5343316566703740,+0000.1139159767335329,+0000.0000000000000000
+0000.0058475683612397,+0000.3447095733398753,+0000.5379853732723610,+0000.1114574850265242,+0000.0000000000000000
+0000.0043803360367156,+0000.3451285702751822,+0000.5414733207290098,+0000.1090177729590922,+0000.0000000000000000
+0000.0031219069812127,+0000.3454872783261284,+0000.5447933098408817,+0000.1065975048517773,+0000.0000000000000000
+0000.0020739490278450,+0000.3457854617017552,+0000.5479432603047210,+0000.1041973289656788,+0000.0000000000000000
+0000.0012380118380955,+0000.3460229090100104,+0000.5509212018993265,+0000.1018178772525677,+0000.0000000000000000
+0000.0006155258661473,+0000.3461994334130767,+0000.5537252756054545,+0000.0994597651153214,+0000.0000000000000000
+0000.0002078013916565,+0000.3463148727700818,+0000.5563537346585316,+0000.0971235911797301,+0000.0000000000000000
+0000.0000160276212425,+0000.3463690897671042,+0000.5588049455347361,+0000.0948099370769173,+0000.0000000000000000
+0000.0000412718594939,+0000.3463619720347672,+0000.5610773888688051,+0000.0925193672369339,+0000.0000000000000000
+0000.0002844787498794,+0000.3462934322531181,+0000.5631696603034755,+0000.0902524286935269,+0000.0000000000000000
+0000.0007464695860835,+0000.3461634082434482,+0000.5650804712703881,+0000.0880096509000805,+0000.0000000000000000
+0000.0014279416941159,+0000.3459718630474579,+0000.5668086497011893,+0000.0857915455572371,+0000.0000000000000000
+0000.0023294678856602,+0000.3457187849936128,+0000.5683531406692572,+0000.0835986064514699,+0000.0000000000000000
+0000.0034514959829602,+0000.3454041877501506,+0000.5697130069613556,+0000.0814313093055335,+0000.0000000000000000
+0000.0047943484155218,+0000.3450281103653954,+0000.5708874295787488,+0000.0792901116403339,+0000.0000000000000000
+0000.0063582218890450,+0000.3445906172950406,+0000.5718757081677224,+0000.0771754526481921,+0000.0000000000000000
+0000.0081431871264399,+0000.3440917984159776,+0000.5726772613792139,+0000.0750877530783687,+0000.0000000000000000
+0000.0101491886815700,+0000.3435317690273865,+0000.5732916271573363,+0000.0730274151337074,+0000.0000000000000000
+0000.0123760448255046,+0000.3429106698386754,+0000.5737184629565606,+0000.0709948223792592,+0000.0000000000000000
+0000.0148234475054844,+0000.3422286669439771,+0000.5739575458877290,+0000.0689903396628093,+0000.0000000000000000
+0000.0174909623768723,+0000.3414859517838248,+0000.5740087727924432,+0000.0670143130468596,+0000.0000000000000000
+0000.0203780289074173,+0000.3406827410937112,+0000.5738721602460174,+0000.0650670697528542,+0000.0000000000000000
+0000.0234839605547326,+0000.3398192768392085,+0000.5735478444891362,+0000.0631489181169226,+0000.0000000000000000
+0000.0268079450161910,+0000.3388958261383210,+0000.5730360812879554,+0000.0612601475575329,+0000.0000000000000000
+0000.0303490445513324,+0000.3379126811707798,+0000.5723372457229273,+0000.0594010285549606,+0000.0000000000000000
+0000.0341061963770165,+0000.3368701590739595,+0000.5714518319065452,+0000.0575718126424788,+0000.0000000000000000
+0000.0380782131340597,+0000.3357686018261957,+0000.5703804526301408,+0000.0557727324096040,+0000.0000000000000000
+0000.0422637834264489,+0000.3346083761171081,+0000.5691238389397398,+0000.0540040015167033,+0000.0000000000000000
+0000.0466614724319107,+0000.3333898732047587,+0000.5676828396417029,+0000.0522658147216279,+0000.0000000000000000
+0000.0512697225837326,+0000.3321135087603274,+0000.5660584207380341,+0000.0505583479179059,+0000.0000000000000000
+0000.0560868543239519,+0000.3307797226999909,+0000.5642516647916707,+0000.0488817581843868,+0000.0000000000000000
+0000.0611110669262600,+0000.3293889790039409,+0000.5622637702228782,+0000.0472361838469209,+0000.0000000000000000
+0000.0663404393897879,+0000.3279417655230371,+0000.5600960505360950,+0000.0456217445510800,+0000.0000000000000000
+0000.0717729314020489,+0000.3264385937730389,+0000.5577499334784107,+0000.0440385413465013,+0000.0000000000000000
+0000.0774063843709542,+0000.3248799987161471,+0000.5552269601302100,+0000.0424866567826888,+0000.0000000000000000
+0000.0832385225257798,+0000.3232665385305097,+0000.5525287839278810,+0000.0409661550158296,+0000.0000000000000000
+0000.0892669540849434,+0000.3215987943677474,+0000.5496571696201780,+0000.0394770819271312,+0000.0000000000000000
+0000.0954891724920782,+0000.3198773700979542,+0000.5466139921579527,+0000.0380194652520148,+0000.0000000000000000
+0000.1019025577180507,+0000.3181028920431995,+0000.5434012355183810,+0000.0365933147203686,+0000.0000000000000000
+0000.1085043776287355,+0000.3162760086992659,+0000.5400209914643178,+0000.0351986222076808,+0000.0000000000000000
+0000.1152917894184760,+0000.3143973904453272,+0000.5364754582393212,+0000.0338353618968755,+0000.0000000000000000
+0000.1222618411064681,+0000.3124677292426918,+0000.5327669391998440,+0000.0325034904509964,+0000.0000000000000000
+0000.1294114730977169,+0000.3104877383219961,+0000.5288978413841778,+0000.0312029471961093,+0000.0000000000000000
+0000.1367375198059326,+0000.3084581518590297,+0000.5248706740202261,+0000.0299336543148117,+0000.0000000000000000
+0000.1442367113379030,+0000.3063797246398852,+0000.5206880469723212,+0000.0286955170498906,+0000.0000000000000000
+0000.1519056752391688,+0000.3042532317151507,+0000.5163526691277379,+0000.0274884239179427,+0000.0000000000000000
+0000.1597409382979968,+0000.3020794680434125,+0000.5118673467253251,+0000.0263122469332655,+0000.0000000000000000
+0000.1677389284092649,+0000.2998592481243495,+0000.5072349816252011,+0000.0251668418411846,+0000.0000000000000000
+0000.1758959764951900,+0000.2975934056216938,+0000.5024585695219889,+0000.0240520483611274,+0000.0000000000000000
+0000.1842083184825632,+0000.2952827929758159,+0000.4975411981024188,+0000.0229676904392019,+0000.0000000000000000
+0000.1926720973360034,+0000.2929282810065998,+0000.4924860451475419,+0000.0219135765098549,+0000.0000000000000000
+0000.2012833651438380,+0000.2905307585069776,+0000.4872963765823404,+0000.0208894997668439,+0000.0000000000000000
+0000.2100380852585743,+0000.2880911318263967,+0000.4819755444720908,+0000.0198952384429383,+0000.0000000000000000
+0000.2189321344882904,+0000.2856103244455330,+0000.4765269849678029,+0000.0189305560983737,+0000.0000000000000000
+0000.2279613053385199,+0000.2830892765420107,+0000.4709542162016599,+0000.0179952019178094,+0000.0000000000000000
+0000.2371213083042926,+0000.2805289445468664,+0000.4652608361332889,+0000.0170889110155518,+0000.0000000000000000
+0000.2464077742083495,+0000.2779303006931480,+0000.4594505203494938,+0000.0162114047490086,+0000.0000000000000000
+0000.2558162565876150,+0000.2752943325558626,+0000.4535270198166909,+0000.0153623910398315,+0000.0000000000000000
+0000.2653422341241575,+0000.2726220425837486,+0000.4474941585892140,+0000.0145415647028798,+0000.0000000000000000
+0000.2749811131198945,+0000.2699144476235589,+0000.4413558314739756,+0000.0137486077825711,+0000.0000000000000000
+0000.2847282300146180,+0000.2671725784365988,+0000.4351160016524133,+0000.0129831898963700,+0000.0000000000000000
+0000.2945788539433216,+0000.2643974792080676,+0000.4287786982631238,+0000.0122449685854871,+0000.0000000000000000
+0000.3045281893347451,+0000.2615902070492840,+0000.4223480139438582,+0000.0115335896721127,+0000.0000000000000000
+0000.3145713785470726,+0000.2587518314933466,+0000.4158281023363231,+0000.0108486876232579,+0000.0000000000000000
+0000.3247035045402560,+0000.2558834339840051,+0000.4092231755548236,+0000.0101898859209152,+0000.0000000000000000
+0000.3349195935841869,+0000.2529861073584038,+0000.4025375016192740,+0000.0095567974381352,+0000.0000000000000000
+0000.3452146179984533,+0000.2500609553243076,+0000.3957754018562104,+0000.0089490248210285,+0000.0000000000000000
+0000.3555834989259581,+0000.2471090919309460,+0000.3889412482668952,+0000.0083661608762005,+0000.0000000000000000
+0000.3660211091358066,+0000.2441316410349908,+0000.3820394608657124,+0000.0078077889634899,+0000.0000000000000000
+0000.3765222758548832,+0000.2411297357614439,+0000.3750745049899470,+0000.0072734833937257,+0000.0000000000000000
+0000.3870817836275786,+0000.2381045179592040,+0000.3680508885819967,+0000.0067628098312204,+0000.0000000000000000
+0000.3976943771989137,+0000.2350571376528746,+0000.3609731594473789,+0000.0062753257008327,+0000.0000000000000000
+0000.4083547644233844,+0000.2319887524898999,+0000.3538459024875713,+0000.0058105805991443,+0000.0000000000000000
+0000.4190576191950679,+0000.2289005271837236,+0000.3466737369115236,+0000.0053681167096845,+0000.0000000000000000
+0000.4297975843980551,+0000.2257936329536231,+0000.3394613134265161,+0000.0049474692218056,+0000.0000000000000000
+0000.4405692748766232,+0000.2226692469609844,+0000.3322133114094642,+0000.0045481667529281,+0000.0000000000000000
+0000.4513672804205841,+0000.2195285517427601,+0000.3249344360626104,+0000.0041697317740450,+0000.0000000000000000
+0000.4621861687678374,+0000.2163727346420279,+0000.3176294155521692,+0000.0038116810379651,+0000.0000000000000000
+0000.4730204886195435,+0000.2132029872363833,+0000.3103029981338848,+0000.0034735260101883,+0000.0000000000000000
+0000.4838647726672933,+0000.2100205047639623,+0000.3029599492666371,+0000.0031547733021071,+0000.0000000000000000
+0000.4947135406313106,+0000.2068264855477155,+0000.2956050487148043,+0000.0028549251061695,+0000.0000000000000000
+0000.5055613023050578,+0000.2036221304186975,+0000.2882430876433909,+0000.0025734796328534,+0000.0000000000000000
+0000.5164025606086141,+0000.2004086421374290,+0000.2808788657049067,+0000.0023099315490499,+0000.0000000000000000
+0000.5272318146458432,+0000.1971872248149286,+0000.2735171881215954,+0000.0020637724176323,+0000.0000000000000000
+0000.5380435627647122,+0000.1939590833332064,+0000.2661628627641667,+0000.0018344911379145,+0000.0000000000000000
+0000.5488323056201160,+0000.1907254227650084,+0000.2588206972281688,+0000.0016215743867064,+0000.0000000000000000
+0000.5595925492342343,+0000.1874874477944261,+0000.2514954959116195,+0000.0014245070597198,+0000.0000000000000000
+0000.5703188080567516,+0000.1842463621373959,+0000.2441920570928924,+0000.0012427727129595,+0000.0000000000000000
+0000.5810056080203321,+0000.1810033679629007,+0000.2369151700128616,+0000.0010758540039052,+0000.0000000000000000
+0000.5916474895903412,+0000.1777596653154618,+0000.2296696119620575,+0000.0009232331321390,+0000.0000000000000000
+0000.6022390108081654,+0000.1745164515387059,+0000.2224601453739876,+0000.0007843922791407,+0000.0000000000000000
+0000.6127747503235675,+0000.1712749207008360,+0000.2152915149285723,+0000.0006588140470239,+0000.0000000000000000
+0000.6232493104180081,+0000.1680362630218037,+0000.2081684446643467,+0000.0005459818958410,+0000.0000000000000000
+0000.6336573200143798,+0000.1648016643030005,+0000.2010956351033800,+0000.0004453805792393,+0000.0000000000000000
+0000.6439934376725371,+0000.1615723053592711,+0000.1940777603900137,+0000.0003564965781777,+0000.0000000000000000
+0000.6542523545695980,+0000.1583493614538011,+0000.1871194654442050,+0000.0002788185323956,+0000.0000000000000000
+0000.6644287974605769,+0000.1551340017366992,+0000.1802253631333240,+0000.0002118376693995,+0000.0000000000000000
+0000.6745175316215829,+0000.1519273886863060,+0000.1734000314614563,+0000.0001550482306543,+0000.0000000000000000
+0000.6845133637707803,+0000.1487306775547942,+0000.1666480107797020,+0000.0001079478947230,+0000.0000000000000000
+0000.6944111449665248,+0000.1455450158178498,+0000.1599738010185465,+0000.0000700381970787,+0000.0000000000000000
+0000.7042057734820368,+0000.1423715426282409,+0000.1533818589434025,+0000.0000408249463194,+0000.0000000000000000
+0000.7138921976519840,+0000.1392113882748145,+0000.1468765954366806,+0000.0000198186365206,+0000.0000000000000000
+0000.7234654186930940,+0000.1360656736459436,+0000.1404623728055122,+0000.0000065348554498,+0000.0000000000000000
+0000.7329204934945863,+0000.1329355096982553,+0000.1341435021187643,+0000.0000004946883938,+0000.0000000000000000
+0000.7422525373774800,+0000.1298219969311305,+0000.1279242405740602,+0000.0000012251173289,+0000.0000000000000000
+0000.7514567268221615,+0000.1267262248667730,+0000.1218087888958833,+0000.0000082594151818,+0000.0000000000000000
+0000.7605283021602214,+0000.1236492715366573,+0000.1158012887681950,+0000.0000211375349259,+0000.0000000000000000
+0000.7694625702321686,+0000.1205922029740787,+0000.1099058203004907,+0000.0000394064932614,+0000.0000000000000000
+0000.7782549070070587,+0000.1175560727136000,+0000.1041263995307061,+0000.0000626207486347,+0000.0000000000000000
+0000.7869007601635369,+0000.1145419212971974,+0000.0984669759659163,+0000.0000903425733486,+0000.0000000000000000
+0000.7953956516313229,+0000.1115507757875651,+0000.0929314301615805,+0000.0001221424195308,+0000.0000000000000000
+0000.8037351800894431,+0000.1085836492893444,+0000.0875235713424970,+0000.0001575992787150,+0000.0000000000000000
+0000.8119150234230736,+0000.1056415404773544,+0000.0822471350647617,+0000.0001963010348098,+0000.0000000000000000
+0000.8199309411347953,+0000.1027254331332775,+0000.0771057809217031,+0000.0002378448102237,+0000.0000000000000000
+0000.8277787767108292,+0000.0998362956902519,+0000.0721030902939877,+0000.0002818373049305,+0000.0000000000000000
+0000.8354544599386962,+0000.0969750807861760,+0000.0672425641468939,+0000.0003278951282335,+0000.0000000000000000
+0000.8429540091776109,+0000.0941427248254216,+0000.0625276208739237,+0000.0003756451230433,+0000.0000000000000000
+0000.8502735335782555,+0000.0913401475496918,+0000.0579615941896115,+0000.0004247246824409,+0000.0000000000000000
+0000.8574092352516672,+0000.0885682516177754,+0000.0535477310722383,+0000.0004747820583184,+0000.0000000000000000
+0000.8643574113854636,+0000.0858279221949062,+0000.0492891897577225,+0000.0005254766619073,+0000.0000000000000000
+0000.8711144563070630,+0000.0831200265514729,+0000.0451890377854613,+0000.0005764793560022,+0000.0000000000000000
+0000.8776768634909892,+0000.0804454136717817,+0000.0412502500985681,+0000.0006274727386605,+0000.0000000000000000
+0000.8840412275113402,+0000.0778049138725598,+0000.0374757071978656,+0000.0006781514182338,+0000.0000000000000000
+0000.8902042459364435,+0000.0751993384319179,+0000.0338681933521118,+0000.0007282222795262,+0000.0000000000000000
+0000.8961627211661619,+0000.0726294792282753,+0000.0304303948646545,+0000.0007774047409077,+0000.0000000000000000
+0000.9019135622087464,+0000.0700961083904719,+0000.0271648983985672,+0000.0008254310022140,+0000.0000000000000000
+0000.9074537863985721,+0000.0675999779582186,+0000.0240741893599232,+0000.0008720462832857,+0000.0000000000000000
+0000.9127805210522363,+0000.0651418195535361,+0000.0211606503412663,+0000.0009170090529608,+0000.0000000000000000
+0000.9178910050623846,+0000.0627223440634778,+0000.0184265596257423,+0000.0009600912483947,+0000.0000000000000000
+0000.9227825904289114,+0000.0603422413339331,+0000.0158740897525947,+0000.0010010784845601,+0000.0000000000000000
+0000.9274527437254431,+0000.0580021798751023,+0000.0135053061456976,+0000.0010397702537566,+0000.0000000000000000
+0000.9318990475018105,+0000.0557028065783322,+0000.0113221658048117,+0000.0010759801150448,+0000.0000000000000000
+0000.9361192016204786,+0000.0534447464448814,+0000.0093265160611925,+0000.0011095358734471,+0000.0000000000000000
+0000.9401110245267750,+0000.0512286023264061,+0000.0075200933980267,+0000.0011402797487915,+0000.0000000000000000
+0000.9438724544522625,+0000.0490549546774297,+0000.0059045223361970,+0000.0011680685341102,+0000.0000000000000000
+0000.9474015505496447,+0000.0469243613203003,+0000.0044813143865953,+0000.0011927737434591,+0000.0000000000000000
+0000.9506964939601211,+0000.0448373572218825,+0000.0032518670689299,+0000.0012142817490660,+0000.0000000000000000
+0000.9537555888111442,+0000.0427944542830306,+0000.0022174629980973,+0000.0012324939077272,+0000.0000000000000000
+0000.9565772631448430,+0000.0407961411402941,+0000.0013792690385289,+0000.0012473266763334,+0000.0000000000000000
+0000.9591600697764029,+0000.0388428829801984,+0000.0007383355269184,+0000.0012587117164795,+0000.0000000000000000
+0000.9615026870814631,+0000.0369351213664170,+0000.0002955955640677,+0000.0012665959880516,+0000.0000000000000000
+0000.9636039197128637,+0000.0350732740794438,+0000.0000518643759392,+0000.0012709418317525,+0000.0000000000000000
+0000.9654626992458611,+0000.0332577349690945,+0000.0000078387445702,+0000.0012717270404736,+0000.0000000000000000
+0000.9670780847513338,+0000.0314888738200970,+0000.0001640965090742,+0000.0012689449194943,+0000.0000000000000000
+0000.9684492632971966,+0000.0297670362302845,+0000.0005210961370904,+0000.0012626043354277,+0000.0000000000000000
+0000.9695755503769854,+0000.0280925435022276,+0000.0010791763668887,+0000.0012527297538973,+0000.0000000000000000
+0000.9704563902661361,+0000.0264656925475497,+0000.0018385559204142,+0000.0012393612658995,+0000.0000000000000000
+0000.9710913563051883,+0000.0248867558045517,+0000.0027993332874261,+0000.0012225546028334,+0000.0000000000000000
+0000.9714801511101737,+0000.0233559811688255,+0000.0039614865808385,+0000.0012023811401617,+0000.0000000000000000
+0000.9716226067096719,+0000.0218735919370693,+0000.0053248734635380,+0000.0011789278897200,+0000.0000000000000000
+0000.9715186846088741,+0000.0204397867641460,+0000.0068892311463449,+0000.0011522974806346,+0000.0000000000000000
+0000.9711684757802997,+0000.0190547396331947,+0000.0086541764576243,+0000.0011226081288809,+0000.0000000000000000
+0000.9705722005813815,+0000.0177185998389815,+0000.0106192059841646,+0000.0010899935954717,+0000.0000000000000000
+0000.9697302085988446,+0000.0164314919844842,+0000.0127836962833659,+0000.0010546031333047,+0000.0000000000000000
+0000.9686429784200810,+0000.0151935159904303,+0000.0151469041668160,+0000.0010166014226718,+0000.0000000000000000
+0000.9673111173316250,+0000.0140047471183343,+0000.0177079670545464,+0000.0009761684954938,+0000.0000000000000000
+0000.9657353609449055,+0000.0128652360063038,+0000.0204659034005124,+0000.0009334996482776,+0000.0000000000000000
+0000.9639165727494517,+0000.0117750087181398,+0000.0234196131885346,+0000.0008888053438730,+0000.0000000000000000
+0000.9618557435939723,+0000.0107340668054232,+0000.0265678784985428,+0000.0008423111020611,+0000.0000000000000000
+0000.9595539910952081,+0000.0097423873825627,+0000.0299093641431885,+0000.0007942573790400,+0000.0000000000000000
+0000.9570125589758036,+0000.0087999232148681,+0000.0334426183734626,+0000.0007448994358652,+0000.0000000000000000
+0000.9542328163303608,+0000.0079066028194453,+0000.0371660736542633,+0000.0006945071959300,+0000.0000000000000000
+0000.9512162568211618,+0000.0070623305788753,+0000.0410780475084186,+0000.0006433650915435,+0000.0000000000000000
+0000.9479644978034926,+0000.0062669868676997,+0000.0451767434290930,+0000.0005917718997142,+0000.0000000000000000
+0000.9444792793809516,+0000.0055204281914475,+0000.0494602518603907,+0000.0005400405672098,+0000.0000000000000000
+0000.9407624633921363,+0000.0048224873383823,+0000.0539265512444656,+0000.0004884980250150,+0000.0000000000000000
+0000.9368160323282090,+0000.0041729735435149,+0000.0585735091360135,+0000.0004374849922620,+0000.0000000000000000
+0000.9326420881826057,+0000.0035716726651162,+0000.0633988833824986,+0000.0003873557697789,+0000.0000000000000000
+0000.9282428512336658,+0000.0030183473733865,+0000.0684003233696012,+0000.0003384780233460,+0000.0000000000000000
+0000.9236206587600795,+0000.0025127373512589,+0000.0735753713318610,+0000.0002912325568000,+0000.0000000000000000
+0000.9187779636914463,+0000.0020545595072580,+0000.0789214637261770,+0000.0002460130751180,+0000.0000000000000000
+0000.9137173331928349,+0000.0016435082001534,+0000.0844359326694033,+0000.0002032259376078,+0000.0000000000000000
+0000.9084414471856779,+0000.0012792554753468,+0000.0901160074376211,+0000.0001632899013536,+0000.0000000000000000
+0000.9029530968051405,+0000.0009614513128812,+0000.0959588160269051,+0000.0001266358550726,+0000.0000000000000000
+0000.8972551827946595,+0000.0006897238868078,+0000.1019613867750085,+0000.0000937065435235,+0000.0000000000000000
+0000.8913507138398962,+0000.0004636798359035,+0000.1081206500415535,+0000.0000649562826462,+0000.0000000000000000
+0000.8852428048411252,+0000.0002829045454256,+0000.1144334399478642,+0000.0000408506655843,+0000.0000000000000000
+0000.8789346751265309,+0000.0001469624398360,+0000.1208964961738603,+0000.0000218662597725,+0000.0000000000000000
+0000.8724296466071344,+0000.0000553972862643,+0000.1275064658113377,+0000.0000084902952632,+0000.0000000000000000
+0000.8657311418734673,+0000.0000077325085569,+0000.1342599052734955,+0000.0000012203444797,+0000.0000000000000000
+0000.8588426822373495,+0000.0000034715117116,+0000.1411532822573541,+0000.0000005639935839,+0000.0000000000000000
+0000.8517678857170806,+0000.0000420980164986,+0000.1481829777607682,+0000.0000070385056520,+0000.0000000000000000
+0000.8445104649692963,+0000.0001230764040790,+0000.1553452881507619,+0000.0000211704758621,+0000.0000000000000000
+0000.8370742251679604,+0000.0002458520704034,+0000.1626364272827421,+0000.0000434954788937,+0000.0000000000000000
+0000.8294630618311527,+0000.0004098517902075,+0000.1700525286698822,+0000.0000745577087568,+0000.0000000000000000
+0000.8216809585988082,+0000.0006144840903339,+0000.1775896476996025,+0000.0001149096112550,+0000.0000000000000000
+0000.8137319849601390,+0000.0008591396322305,+0000.1852437638983164,+0000.0001651115093137,+0000.0000000000000000
+0000.8056202939339324,+0000.0011431916033407,+0000.1930107832413368,+0000.0002257312213897,+0000.0000000000000000
+0000.7973501197025551,+0000.0014659961171819,+0000.2008865405070693,+0000.0002973436731932,+0000.0000000000000000
+0000.7889257752000888,+0000.0018268926218842,+0000.2088668016750660,+0000.0003805305029603,+0000.0000000000000000
+0000.7803516496585771,+0000.0022252043169159,+0000.2169472663640054,+0000.0004758796605012,+0000.0000000000000000
+0000.7716322061103391,+0000.0026602385777793,+0000.2251235703116038,+0000.0005839850002772,+0000.0000000000000000
+0000.7627719788505054,+0000.0031312873884435,+0000.2333912878923000,+0000.0007054458687506,+0000.0000000000000000
+0000.7537755708601886,+0000.0036376277811998,+0000.2417459346723660,+0000.0008408666862451,+0000.0000000000000000
+0000.7446476511910846,+0000.0041785222837842,+0000.2501829700015371,+0000.0009908565235937,+0000.0000000000000000
+0000.7353929523154901,+0000.0047532193733360,+0000.2586977996373881,+0000.0011560286737854,+0000.0000000000000000
+0000.7260162674399875,+0000.0053609539371685,+0000.2672857784039115,+0000.0013370002189320,+0000.0000000000000000
+0000.7165224477866837,+0000.0060009477398376,+0000.2759422128807199,+0000.0015343915927585,+0000.0000000000000000
+0000.7069163998430197,+0000.0066724098964250,+0000.2846623641216329,+0000.0017488261389221,+0000.0000000000000000
+0000.6972030825805602,+0000.0073745373516818,+0000.2934414504023355,+0000.0019809296654220,+0000.0000000000000000
+0000.6873875046473006,+0000.0081065153646865,+0000.3022746499926793,+0000.0022313299953332,+0000.0000000000000000
+0000.6774747215313208,+0000.0088675179988765,+0000.3111571039556049,+0000.0025006565141974,+0000.0000000000000000
+0000.6674698327003427,+0000.0096567086171244,+0000.3200839189682188,+0000.0027895397143139,+0000.0000000000000000
+0000.6573779787177007,+0000.0104732403814463,+0000.3290501701646609,+0000.0030986107361918,+0000.0000000000000000
+0000.6472043383356902,+0000.0113162567573286,+0000.3380509039994690,+0000.0034285009075119,+0000.0000000000000000
+0000.6369541255706365,+0000.0121848920220060,+0000.3470811411275926,+0000.0037798412797645,+0000.0000000000000000
+0000.6266325867576714,+0000.0130782717767760,+0000.3561358793025748,+0000.0041532621629774,+0000.0000000000000000
+0000.6162449975897049,+0000.0139955134627704,+0000.3652100962888020,+0000.0045493926587225,+0000.0000000000000000
+0000.6057966601414950,+0000.0149357268800934,+0000.3742987527866731,+0000.0049688601917383,+0000.0000000000000000
+0000.5952928998793077,+0000.0158980147098765,+0000.3833967953703620,+0000.0054122900404535,+0000.0000000000000000
+0000.5847390626611454,+0000.0168814730389990,+0000.3924991594332141,+0000.0058803048666411,+0000.0000000000000000
+0000.5741405117250669,+0000.0178851918872274,+0000.4016007721431128,+0000.0063735242445926,+0000.0000000000000000
+0000.5635026246704693,+0000.0189082557364138,+0000.4106965554030904,+0000.0068925641900262,+0000.0000000000000000
+0000.5528307904329942,+0000.0199497440614002,+0000.4197814288165760,+0000.0074380366890292,+0000.0000000000000000
+0000.5421304062539041,+0000.0210087318625869,+0000.4288503126560964,+0000.0080105492274124,+0000.0000000000000000
+0000.5314068746485427,+0000.0220842901993441,+0000.4378981308315433,+0000.0086107043205695,+0000.0000000000000000
+0000.5206656003717816,+0000.0231754867246047,+0000.4469198138592257,+0000.0092390990443876,+0000.0000000000000000
+0000.5099119873850588,+0000.0242813862198111,+0000.4559103018278274,+0000.0098963245673022,+0000.0000000000000000
+0000.4991514358258786,+0000.0254010511301787,+0000.4648645473600731,+0000.0105829656838693,+0000.0000000000000000
+0000.4883893389803983,+0000.0265335420999167,+0000.4737775185695035,+0000.0112996003501811,+0000.0000000000000000
+0000.4776310802640495,+0000.0276779185070561,+0000.4826442020076194,+0000.0120467992212746,+0000.0000000000000000
+0000.4668820302076493,+0000.0288332389976001,+0000.4914596056037508,+0000.0128251251909995,+0000.0000000000000000
+0000.4561475434540236,+0000.0299985620188117,+0000.5002187615926360,+0000.0136351329345281,+0000.0000000000000000
+0000.4454329557656701,+0000.0311729463510964,+0000.5089167294294480,+0000.0144773684537852,+0000.0000000000000000
+0000.4347435810442775,+0000.0323554516384806,+0000.5175485986910366,+0000.0153523686262049,+0000.0000000000000000
+0000.4240847083668060,+0000.0335451389169669,+0000.5261094919593855,+0000.0162606607568413,+0000.0000000000000000
+0000.4134615990358570,+0000.0347410711410496,+0000.5345945676886310,+0000.0172027621344624,+0000.0000000000000000
+0000.4028794836489303,+0000.0359423137074723,+0000.5429990230519891,+0000.0181791795916080,+0000.0000000000000000
+0000.3923435591874215,+0000.0371479349764382,+0000.5513180967670892,+0000.0191904090690510,+0000.0000000000000000
+0000.3818589861258700,+0000.0383570067897028,+0000.5595470718994751,+0000.0202369351849519,+0000.0000000000000000
+0000.3714308855662367,+0000.0395686049852335,+0000.5676812786397660,+0000.0213192308087635,+0000.0000000000000000
+0000.3610643363947759,+0000.0407818099083249,+0000.5757160970564228,+0000.0224377566404761,+0000.0000000000000000
+0000.3507643724662407,+0000.0419957069188775,+0000.5836469598196219,+0000.0235929607952599,+0000.0000000000000000
+0000.3405359798158866,+0000.0432093868942437,+0000.5914693548960988,+0000.0247852783937708,+0000.0000000000000000
+0000.3303840939000779,+0000.0444219467279122,+0000.5991788282134193,+0000.0260151311585903,+0000.0000000000000000
+0000.3203135968698488,+0000.0456324898230858,+0000.6067709862904116,+0000.0272829270166536,+0000.0000000000000000
+0000.3103293148751939,+0000.0468401265814922,+0000.6142414988349095,+0000.0285890597084041,+0000.0000000000000000
+0000.3004360154044883,+0000.0480439748867006,+0000.6215861013052451,+0000.0299339084035658,+0000.0000000000000000
+0000.2906384046596654,+0000.0492431605820471,+0000.6288005974343401,+0000.0313178373239473,+0000.0000000000000000
+0000.2809411249676136,+0000.0504368179425480,+0000.6358808617162817,+0000.0327411953735566,+0000.0000000000000000
+0000.2713487522322059,+0000.0516240901407991,+0000.6428228418509930,+0000.0342043157760017,+0000.0000000000000000
+0000.2618657934245775,+0000.0528041297064912,+0000.6496225611491131,+0000.0357075157198182,+0000.0000000000000000
+0000.2524966841159638,+0000.0539760989793326,+0000.6562761208930582,+0000.0372510960116453,+0000.0000000000000000
+0000.2432457860535135,+0000.0551391705549998,+0000.6627797026539309,+0000.0388353407375557,+0000.0000000000000000
+0000.2341173847796710,+0000.0562925277242545,+0000.6691295705631010,+0000.0404605169329734,+0000.0000000000000000
+0000.2251156872990114,+0000.0574353649042821,+0000.6753220735358353,+0000.0421268742608712,+0000.0000000000000000
+0000.2162448197904719,+0000.0585668880628726,+0000.6813536474475071,+0000.0438346446991482,+0000.0000000000000000
+0000.2075088253688204,+0000.0596863151345021,+0000.6872208172598083,+0000.0455840422368692,+0000.0000000000000000
+0000.1989116618958112,+0000.0607928764284796,+0000.6929201990959336,+0000.0473752625797752,+0000.0000000000000000
+0000.1904571998414339,+0000.0618858150287827,+0000.6984485022644003,+0000.0492084828653829,+0000.0000000000000000
+0000.1821492201989739,+0000.0629643871854753,+0000.7038025312281002,+0000.0510838613874505,+0000.0000000000000000
+0000.1739914124517216,+0000.0640278626972813,+0000.7089791875204590,+0000.0530015373305380,+0000.0000000000000000
+0000.1659873725950412,+0000.0650755252854737,+0000.7139754716049984,+0000.0549616305144866,+0000.0000000000000000
+0000.1581406012139994,+0000.0661066729584445,+0000.7187884846785142,+0000.0569642411490421,+0000.0000000000000000
+0000.1504545016169823,+0000.0671206183671531,+0000.7234154304168118,+0000.0590094495990526,+0000.0000000000000000
+0000.1429323780285441,+0000.0681166891508378,+0000.7278536166608078,+0000.0610973161598102,+0000.0000000000000000
+0000.1355774338395865,+0000.0690942282733981,+0000.7321004570435203,+0000.0632278808434947,+0000.0000000000000000
+0000.1283927699180251,+0000.0700525943495554,+0000.7361534725562000,+0000.0654011631762193,+0000.0000000000000000
+0000.1213813829802145,+0000.0709911619612940,+0000.7400102930523593,+0000.0676171620061322,+0000.0000000000000000
+0000.1145461640233394,+0000.0719093219639342,+0000.7436686586899183,+0000.0698758553228082,+0000.0000000000000000
+0000.1078898968216871,+0000.0728064817818707,+0000.7471264213089046,+0000.0721772000875377,+0000.0000000000000000
+0000.1014152564849592,+0000.0736820656937794,+0000.7503815457458718,+0000.0745211320753898,+0000.0000000000000000
+0000.0951248080814753,+0000.0745355151073484,+0000.7534321110825263,+0000.0769075657286498,+0000.0000000000000000
+0000.0890210053262903,+0000.0753662888228932,+0000.7562763118289924,+0000.0793363940218241,+0000.0000000000000000
+0000.0831061893344743,+0000.0761738632863989,+0000.7589124590404427,+0000.0818074883386840,+0000.0000000000000000
+0000.0773825874419208,+0000.0769577328311823,+0000.7613389813662269,+0000.0843206983606699,+0000.0000000000000000
+0000.0718523120920624,+0000.0777174099085814,+0000.7635544260316456,+0000.0868758519677106,+0000.0000000000000000
+0000.0665173597908324,+0000.0784524253071713,+0000.7655574597511634,+0000.0894727551508329,+0000.0000000000000000
+0000.0613796101298756,+0000.0791623283608162,+0000.7673468695723706,+0000.0921111919369376,+0000.0000000000000000
+0000.0564408248780403,+0000.0798466871449091,+0000.7689215636511106,+0000.0947909243259400,+0000.0000000000000000
+0000.0517026471431532,+0000.0805050886612788,+0000.7702805719558036,+0000.0975116922397644,+0000.0000000000000000
+0000.0471666006025435,+0000.0811371390112193,+0000.7714230469021481,+0000.1002732134840889,+0000.0000000000000000
+0000.0428340888042299,+0000.0817424635568468,+0000.7723482639166636,+0000.1030751837222595,+0000.0000000000000000
+0000.0387063945386135,+0000.0823207070704766,+0000.7730556219293139,+0000.1059172764615958,+0000.0000000000000000
+0000.0347846792806707,+0000.0828715338723463,+0000.7735446437945076,+0000.1087991430524753,+0000.0000000000000000
+0000.0310699827040696,+0000.0833946279559935,+0000.7738149766406111,+0000.1117204126993257,+0000.0000000000000000
+0000.0275632222659341,+0000.0838896931019743,+0000.7738663921473609,+0000.1146806924847306,+0000.0000000000000000
+0000.0242651928636166,+0000.0843564529792429,+0000.7736987867513745,+0000.1176795674057661,+0000.0000000000000000
+0000.0211765665632470,+0000.0847946512345542,+0000.7733121817792821,+0000.1207166004229168,+0000.0000000000000000
+0000.0182978923999086,+0000.0852040515695864,+0000.7727067235087075,+0000.1237913325217975,+0000.0000000000000000
+0000.0156295962504059,+0000.0855844378061416,+0000.7718826831565244,+0000.1269032827869281,+0000.0000000000000000
+0000.0131719807774767,+0000.0859356139388193,+0000.7708404567951718,+0000.1300519484885323,+0000.0000000000000000
+0000.0109252254463574,+0000.0862574041758349,+0000.7695805651961480,+0000.1332368051816597,+0000.0000000000000000
+0000.0088893866133182,+0000.0865496529673878,+0000.7681036536015430,+0000.1364573068177509,+0000.0000000000000000
+0000.0070643976859337,+0000.0868122250219586,+0000.7664104914231128,+0000.1397128858689948,+0000.0000000000000000
+0000.0054500693555218,+0000.0870450053103078,+0000.7645019718696735,+0000.1430029534644968,+0000.0000000000000000
+0000.0040460899008218,+0000.0872478990575409,+0000.7623791115021662,+0000.1463268995394711,+0000.0000000000000000
+0000.0028520255632779,+0000.0874208317226946,+0000.7600430497176343,+0000.1496840929963932,+0000.0000000000000000
+0000.0018673209934651,+0000.0875637489665705,+0000.7574950481614739,+0000.1530738818784904,+0000.0000000000000000
+0000.0010912997682921,+0000.0876766166072152,+0000.7547364900688046,+0000.1564955935556882,+0000.0000000000000000
+0000.0005231649789229,+0000.0877594205635770,+0000.7517688795354135,+0000.1599485349220865,+0000.0000000000000000
+0000.0001619998886636,+0000.0878121667870008,+0000.7485938407182657,+0000.1634319926060696,+0000.0000000000000000
+0000.0000067686606924,+0000.0878348811811042,+0000.7452131169660928,+0000.1669452331921107,+0000.0000000000000000
+0000.0000563171550478,+0000.0878276095094667,+0000.7416285698811302,+0000.1704875034543553,+0000.0000000000000000
+0000.0003093737944157,+0000.0877904172918688,+0000.7378421783113608,+0000.1740580306023549,+0000.0000000000000000
+0000.0007645504981514,+0000.0877233896886747,+0000.7338560372754365,+0000.1776560225377375,+0000.0000000000000000
+0000.0014203436839791,+0000.0876266313736844,+0000.7296723568192537,+0000.1812806681230828,+0000.0000000000000000
+0000.0022751353367470,+0000.0875002663953883,+0000.7252934608060220,+0000.1849311374618426,+0000.0000000000000000
+0000.0033271941435587,+0000.0873444380270918,+0000.7207217856397665,+0000.1886065821895830,+0000.0000000000000000
+0000.0045746766947145,+0000.0871593086053458,+0000.7159598789233146,+0000.1923061357766252,+0000.0000000000000000
+0000.0060156287494198,+0000.0869450593576723,+0000.7110103980518360,+0000.1960289138410718,+0000.0000000000000000
+0000.0076479865658917,+0000.0867018902188740,+0000.7058761087419397,+0000.1997740144732944,+0000.0000000000000000
+0000.0094695782947629,+0000.0864300196366213,+0000.7005598834978197,+0000.2035405185707960,+0000.0000000000000000
+0000.0114781254350139,+0000.0861296843661161,+0000.6950647000153072,+0000.2073274901835626,+0000.0000000000000000
+0000.0136712443517630,+0000.0858011392543032,+0000.6893936395237679,+0000.2111339768701660,+0000.0000000000000000
+0000.0160464478544279,+0000.0854446570133696,+0000.6835498850689262,+0000.2149590100632758,+0000.0000000000000000
+0000.0186011468350552,+0000.0850605279841171,+0000.6775367197348963,+0000.2188016054459314,+0000.0000000000000000
+0000.0213326519652781,+0000.0846490598889609,+0000.6713575248085371,+0000.2226607633372238,+0000.0000000000000000
+0000.0242381754510407,+0000.0842105775750531,+0000.6650157778862882,+0000.2265354690876180,+0000.0000000000000000
+0000.0273148328443374,+0000.0837454227473367,+0000.6585150509243047,+0000.2304246934840211,+0000.0000000000000000
+0000.0305596449100383,+0000.0832539536923475,+0000.6518590082342155,+0000.2343273931633985,+0000.0000000000000000
+0000.0339695395477949,+0000.0827365449920161,+0000.6450514044241495,+0000.2382425110360394,+0000.0000000000000000
+0000.0375413537669696,+0000.0821935872286155,+0000.6380960822871689,+0000.2421689767172456,+0000.0000000000000000
+0000.0412718357141577,+0000.0816254866802383,+0000.6309969706376284,+0000.2461057069679757,+0000.0000000000000000
+0000.0451576467510034,+0000.0810326650076828,+0000.6237580820981844,+0000.2500516061431293,+0000.0000000000000000
+0000.0491953635824257,+0000.0804155589323162,+0000.6163835108366140,+0000.2540055666486439,+0000.0000000000000000
+0000.0533814804329646,+0000.0797746199057776,+0000.6088774302551064,+0000.2579664694061514,+0000.0000000000000000
+0000.0577124112702830,+0000.0791103137710580,+0000.6012440906334522,+0000.2619331843252067,+0000.0000000000000000
+0000.0621844920749055,+0000.0784231204157512,+0000.5934878167260063,+0000.2659045707833371,+0000.0000000000000000
+0000.0667939831536245,+0000.0777135334174123,+0000.5856130053165082,+0000.2698794781124549,+0000.0000000000000000
+0000.0715370714968192,+0000.0769820596812330,+0000.5776241227290301,+0000.2738567460929175,+0000.0000000000000000
+0000.0764098731770706,+0000.0762292190702954,+0000.5695257022988052,+0000.2778352054538288,+0000.0000000000000000
+0000.0814084357880209,+0000.0754555440289220,+0000.5613223418033074,+0000.2818136783797495,+0000.0000000000000000
+0000.0865287409225367,+0000.0746615791986701,+0000.5530187008549653,+0000.2857909790238279,+0000.0000000000000000
+0000.0917667066872549,+0000.0738478810282107,+0000.5446194982584538,+0000.2897659140260804,+0000.0000000000000000
+0000.0971181902539257,+0000.0730150173763234,+0000.5361295093318187,+0000.2937372830379322,+0000.0000000000000000
+0000.1025789904446115,+0000.0721635671089626,+0000.5275535631947300,+0000.2977038792516959,+0000.0000000000000000
+0000.1081448503496694,+0000.0712941196902795,+0000.5188965400250141,+0000.3016644899350371,+0000.0000000000000000
+0000.1138114599774925,+0000.0704072747681046,+0000.5101633682838366,+0000.3056178969705661,+0000.0000000000000000
+0000.1195744589328725,+0000.0695036417539479,+0000.5013590219140966,+0000.3095628773990828,+0000.0000000000000000
+0000.1254294391244736,+0000.0685838393979482,+0000.4924885175098230,+0000.3134982039677550,+0000.0000000000000000
+0000.1313719474982599,+0000.0676484953588405,+0000.4835569114611485,+0000.3174226456817508,+0000.0000000000000000
+0000.1373974887957523,+0000.0666982457694532,+0000.4745692970753395,+0000.3213349683594549,+0000.0000000000000000
+0000.1435015283360708,+0000.0657337347976292,+0000.4655308016750009,+0000.3252339351912988,+0000.0000000000000000
+0000.1496794948183880,+0000.0647556142035744,+0000.4564465836771708,+0000.3291183073008666,+0000.0000000000000000
+0000.1559267831454300,+0000.0637645428928697,+0000.4473218296523476,+0000.3329868443093527,+0000.0000000000000000
+0000.1622387572646223,+0000.0627611864664201,+0000.4381617513668888,+0000.3368383049020685,+0000.0000000000000000
+0000.1686107530257810,+0000.0617462167669626,+0000.4289715828102724,+0000.3406714473969839,+0000.0000000000000000
+0000.1750380810542479,+0000.0607203114226308,+0000.4197565772077227,+0000.3444850303153985,+0000.0000000000000000
+0000.1815160296359775,+0000.0596841533880098,+0000.4105220040226719,+0000.3482778129533404,+0000.0000000000000000
+0000.1880398676152550,+0000.0586384304827818,+0000.4012731459471116,+0000.3520485559548516,+0000.0000000000000000
+0000.1946048473015496,+0000.0575838349281255,+0000.3920152958846113,+0000.3557960218857132,+0000.0000000000000000
+0000.2012062073843582,+0000.0565210628816175,+0000.3827537539262817,+0000.3595189758077423,+0000.0000000000000000
+0000.2078391758549575,+0000.0554508139702796,+0000.3734938243211392,+0000.3632161858536236,+0000.0000000000000000
+0000.2144989729314581,+0000.0543737908227921,+0000.3642408124447788,+0000.3668864238009708,+0000.0000000000000000
+0000.2211808139879291,+0000.0532906986004000,+0000.3550000217650017,+0000.3705284656466687,+0000.0000000000000000
+0000.2278799124839820,+0000.0522022445275203,+0000.3457767508083212,+0000.3741410921801762,+0000.0000000000000000
+0000.2345914828937181,+0000.0511091374217197,+0000.3365762901287817,+0000.3777230895557802,+0000.0000000000000000
+0000.2413107436329271,+0000.0500120872237790,+0000.3274039192794154,+0000.3812732498638784,+0000.0000000000000000
+0000.2480329199809203,+0000.0489118045280508,+0000.3182649037910971,+0000.3847903716999316,+0000.0000000000000000
+0000.2547532469977965,+0000.0478090001131797,+0000.3091644921568799,+0000.3882732607321436,+0000.0000000000000000
+0000.2614669724335223,+0000.0467043844736561,+0000.3001079128262832,+0000.3917207302665380,+0000.0000000000000000
+0000.2681693596277351,+0000.0455986673526606,+0000.2911003712101164,+0000.3951316018094877,+0000.0000000000000000
+0000.2748556903991984,+0000.0444925572758928,+0000.2821470466972409,+0000.3985047056276678,+0000.0000000000000000
+0000.2815212679212946,+0000.0433867610875979,+0000.2732530896868923,+0000.4018388813042147,+0000.0000000000000000
+0000.2881614195843977,+0000.0422819834880870,+0000.2644236186354851,+0000.4051329782920300,+0000.0000000000000000
+0000.2947714998415281,+0000.0411789265737310,+0000.2556637171217532,+0000.4083858564629874,+0000.0000000000000000
+0000.3013468930362558,+0000.0400782893793725,+0000.2469784309313121,+0000.4115963866530593,+0000.0000000000000000
+0000.3078830162117878,+0000.0389807674235835,+0000.2383727651612555,+0000.4147634512033729,+0000.0000000000000000
+0000.3143753218977341,+0000.0378870522570188,+0000.2298516813492690,+0000.4178859444959776,+0000.0000000000000000
+0000.3208193008753803,+0000.0367978310140994,+0000.2214200946252585,+0000.4209627734852614,+0000.0000000000000000
+0000.3272104849179766,+0000.0357137859682773,+0000.2130828708899488,+0000.4239928582237970,+0000.0000000000000000
+0000.3335444495050535,+0000.0346355940912919,+0000.2048448240210010,+0000.4269751323826533,+0000.0000000000000000
+0000.3398168165097517,+0000.0335639266163740,+0000.1967107131077203,+0000.4299085437661537,+0000.0000000000000000
+0000.3460232568557936,+0000.0324994486063020,+0000.1886852397179407,+0000.4327920548199634,+0000.0000000000000000
+0000.3521594931449163,+0000.0314428185256757,+0000.1807730451960610,+0000.4356246431333467,+0000.0000000000000000
+0000.3582213022514256,+0000.0303946878184946,+0000.1729787079956021,+0000.4384053019344774,+0000.0000000000000000
+0000.3642045178829448,+0000.0293557004907878,+0000.1653067410474502,+0000.4411330405788167,+0000.0000000000000000
+0000.3701050331064043,+0000.0283264926986762,+0000.1577615891643782,+0000.4438068850305411,+0000.0000000000000000
+0000.3759188028360931,+0000.0273076923423127,+0000.1503476264856065,+0000.4464258783359874,+0000.0000000000000000
+0000.3816418462845659,+0000.0262999186656931,+0000.1430691539598606,+0000.4489890810898799,+0000.0000000000000000
+0000.3872702493732568,+0000.0253037818625944,+0000.1359303968708294,+0000.4514955718933191,+0000.0000000000000000
+0000.3928001671019671,+0000.0243198826891572,+0000.1289355024053480,+0000.4539444478035272,+0000.0000000000000000
+0000.3982278258763286,+0000.0233488120828918,+0000.1220885372654313,+0000.4563348247753478,+0000.0000000000000000
+0000.4035495257903192,+0000.0223911507889019,+0000.1153934853272316,+0000.4586658380935468,+0000.0000000000000000
+0000.4087616428645653,+0000.0214474689929459,+0000.1088542453458688,+0000.4609366427966196,+0000.0000000000000000
+0000.4138606312375523,+0000.0205183259621071,+0000.1024746287091921,+0000.4631464140911482,+0000.0000000000000000
+0000.4188430253089763,+0000.0196042696928605,+0000.0962583572414069,+0000.4652943477567558,+0000.0000000000000000
+0000.4237054418344435,+0000.0187058365670039,+0000.0902090610569599,+0000.4673796605415922,+0000.0000000000000000
+0000.4284445819688687,+0000.0178235510156708,+0000.0843302764679077,+0000.4694015905475523,+0000.0000000000000000
+0000.4330572332592530,+0000.0169579251914027,+0000.0786254439435287,+0000.4713593976058152,+0000.0000000000000000
+0000.4375402715842498,+0000.0161094586486640,+0000.0730979061251909,+0000.4732523636418947,+0000.0000000000000000
+0000.4418906630398755,+0000.0152786380330639,+0000.0677509058968764,+0000.4750797930301839,+0000.0000000000000000
+0000.4461054657706234,+0000.0144659367791073,+0000.0625875845122579,+0000.4768410129380110,+0000.0000000000000000
+0000.4501818317437115,+0000.0136718148172525,+0000.0576109797805965,+0000.4785353736584388,+0000.0000000000000000
+0000.4541170084670290,+0000.0128967182898055,+0000.0528240243107926,+0000.4801622489323723,+0000.0000000000000000
+0000.4579083406485534,+0000.0121410792762791,+0000.0482295438159327,+0000.4817210362592343,+0000.0000000000000000
+0000.4615532717966825,+0000.0114053155281698,+0000.0438302554788983,+0000.4832111571962489,+0000.0000000000000000
+0000.4650493457608737,+0000.0106898302133832,+0000.0396287663794835,+0000.4846320576462593,+0000.0000000000000000
+0000.4683942082106422,+0000.0099950116704822,+0000.0356275719853208,+0000.4859832081335544,+0000.0000000000000000
+0000.4715856080534463,+0000.0093212331728308,+0000.0318290547056678,+0000.4872641040680546,+0000.0000000000000000
+0000.4746213987895643,+0000.0086688527028046,+0000.0282354825102919,+0000.4884742659973383,+0000.0000000000000000
+0000.4774995398035513,+0000.0080382127362588,+0000.0248490076137098,+0000.4896132398464795,+0000.0000000000000000
+0000.4802180975917435,+0000.0074296400372192,+0000.0216716652253359,+0000.4906805971457009,+0000.0000000000000000
+0000.4827752469243204,+0000.0068434454632581,+0000.0187053723670955,+0000.4916759352453254,+0000.0000000000000000
+0000.4851692719422732,+0000.0062799237811965,+0000.0159519267580856,+0000.4925988775184444,+0000.0000000000000000
+0000.4873985671878677,+0000.0057393534936700,+0000.0134130057677180,+0000.4934490735507436,+0000.0000000000000000
+0000.4894616385682511,+0000.0052219966764064,+0000.0110901654377435,+0000.4942261993175985,+0000.0000000000000000
+0000.4913571042518251,+0000.0047280988263705,+0000.0089848395734611,+0000.4949299573483428,+0000.0000000000000000
+0000.4930836954962812,+0000.0042578887209673,+0000.0070983389053172,+0000.4955600768774336,+0000.0000000000000000
+0000.4946402574085992,+0000.0038115782882470,+0000.0054318503204775,+0000.4961163139826757,+0000.0000000000000000
+0000.4960257496359410,+0000.0033893624882213,+0000.0039864361655463,+0000.4965984517102907,+0000.0000000000000000
+0000.4972392469873000,+0000.0029914192054611,+0000.0027630336205099,+0000.4970063001867284,+0000.0000000000000000
+0000.4982799399855832,+0000.0026179091528573,+0000.0017624541442593,+0000.4973396967172999,+0000.0000000000000000
+0000.4991471353495079,+0000.0022689757868248,+0000.0009853829922976,+0000.4975985058713693,+0000.0000000000000000
+0000.4998402564054545,+0000.0019447452337598,+0000.0004323788064895,+0000.4977826195542956,+0000.0000000000000000
+0000.5003588434287227,+0000.0016453262279987,+0000.0001038732774182,+0000.4978919570658598,+0000.0000000000000000
+0000.5007025539140801,+0000.0013708100611634,+0000.0000001708794329,+0000.4979264651453231,+0000.0000000000000000
+0000.5008711627755078,+0000.0011212705430044,+0000.0001214486785383,+0000.4978861180029489,+0000.0000000000000000
+0000.5008645624748977,+0000.0008967639737631,+0000.0004677562132764,+0000.4977709173380624,+0000.0000000000000000
+0000.5006827630797754,+0000.0006973291279986,+0000.0010390154486261,+0000.4975808923435993,+0000.0000000000000000
+0000.5003258922499007,+0000.0005229872499478,+0000.0018350208029870,+0000.4973160996971641,+0000.0000000000000000
+0000.4997941951528411,+0000.0003737420604203,+0000.0028554392482088,+0000.4969766235385294,+0000.0000000000000000
+0000.4990880343084380,+0000.0002495797751547,+0000.0040998104827090,+0000.4965625754336978,+0000.0000000000000000
+0000.4982078893624963,+0000.0001504691347278,+0000.0055675471773270,+0000.4960740943254483,+0000.0000000000000000
+0000.4971543567895534,+0000.0000763614458827,+0000.0072579352941143,+0000.4955113464704490,+0000.0000000000000000
+0000.4959281495251037,+0000.0000271906343257,+0000.0091701344776344,+0000.4948745253629359,+0000.0000000000000000
+0000.4945300965274343,+0000.0000028733089236,+0000.0113031785185857,+0000.4941638516450560,+0000.0000000000000000
+0000.4929611422692169,+0000.0000033088372683,+0000.0136559758897580,+0000.4933795730037560,+0000.0000000000000000
+0000.4912223461595067,+0000.0000283794325575,+0000.0162273103533383,+0000.4925219640545966,+0000.0000000000000000
+0000.4893148818960238,+0000.0000779502517295,+0000.0190158416400967,+0000.4915913262121496,+0000.0000000000000000
+0000.4872400367484314,+0000.0001518695047986,+0000.0220201061993972,+0000.4905879875473723,+0000.0000000000000000
+0000.4849992107729725,+0000.0002499685753099,+0000.0252385180198311,+0000.4895123026318859,+0000.0000000000000000
+0000.4825939159586544,+0000.0003720621518631,+0000.0286693695202694,+0000.4883646523692126,+0000.0000000000000000
+0000.4800257753061851,+0000.0005179483705633,+0000.0323108325100194,+0000.4871454438132317,+0000.0000000000000000
+0000.4772965218392803,+0000.0006874089683898,+0000.0361609592185701,+0000.4858551099737593,+0000.0000000000000000
+0000.4744079975496390,+0000.0008802094473101,+0000.0402176833936250,+0000.4844941096094255,+0000.0000000000000000
+0000.4713621522759514,+0000.0010960992490819,+0000.0444788214669097,+0000.4830629270080566,+0000.0000000000000000
+0000.4681610425173346,+0000.0013348119406350,+0000.0489420737875983,+0000.4815620717544314,+0000.0000000000000000
+0000.4648068301827434,+0000.0015960654098663,+0000.0536050259213934,+0000.4799920784859966,+0000.0000000000000000
+0000.4613017812759786,+0000.0018795620717778,+0000.0584651500161900,+0000.4783535066360531,+0000.0000000000000000
+0000.4576482645178642,+0000.0021849890848306,+0000.0635198062321870,+0000.4766469401651178,+0000.0000000000000000
+0000.4538487499062216,+0000.0025120185773087,+0000.0687662442362079,+0000.4748729872802614,+0000.0000000000000000
+0000.4499058072140323,+0000.0028603078836757,+0000.0742016047596776,+0000.4730322801426141,+0000.0000000000000000
+0000.4458221044278231,+0000.0032294997906060,+0000.0798229212180419,+0000.4711254745635287,+0000.0000000000000000
+0000.4416004061257069,+0000.0036192227927335,+0000.0856271213925120,+0000.4691532496890469,+0000.0000000000000000
+0000.4372435717971733,+0000.0040290913577708,+0000.0916110291718911,+0000.4671163076731643,+0000.0000000000000000
+0000.4327545541051934,+0000.0044587062009876,+0000.0977713663536867,+0000.4650153733401317,+0000.0000000000000000
+0000.4281363970913181,+0000.0049076545687882,+0000.1041047545043469,+0000.4628511938355465,+0000.0000000000000000
+0000.4233922343260320,+0000.0053755105311876,+0000.1106077168755952,+0000.4606245382671847,+0000.0000000000000000
+0000.4185252870038018,+0000.0058618352831181,+0000.1172766803781797,+0000.4583361973348998,+0000.0000000000000000
+0000.4135388619851793,+0000.0063661774542958,+0000.1241079776100904,+0000.4559869829504340,+0000.0000000000000000
+0000.4084363497867649,+0000.0068880734274003,+0000.1310978489388033,+0000.4535777278470308,+0000.0000000000000000
+0000.4032212225196271,+0000.0074270476645907,+0000.1382424446367174,+0000.4511092851790645,+0000.0000000000000000
+0000.3978970317789566,+0000.0079826130417873,+0000.1455378270669725,+0000.4485825281122833,+0000.0000000000000000
+0000.3924674064841777,+0000.0085542711909154,+0000.1529799729206400,+0000.4459983494042665,+0000.0000000000000000
+0000.3869360506722933,+0000.0091415128496100,+0000.1605647755022858,+0000.4433576609758105,+0000.0000000000000000
+0000.3813067412452610,+0000.0097438182183054,+0000.1682880470630563,+0000.4406613934733768,+0000.0000000000000000
+0000.3755833256722373,+0000.0103606573244310,+0000.1761455211808879,+0000.4379104958224436,+0000.0000000000000000
+0000.3697697196495683,+0000.0109914903934766,+0000.1841328551840007,+0000.4351059347729541,+0000.0000000000000000
+0000.3638699047178709,+0000.0116357682267437,+0000.1922456326194997,+0000.4322486944358853,+0000.0000000000000000
+0000.3578879258391243,+0000.0122929325855414,+0000.2004793657631976,+0000.4293397758121363,+0000.0000000000000000
+0000.3518278889347379,+0000.0129624165815228,+0000.2088294981701307,+0000.4263801963136081,+0000.0000000000000000
+0000.3456939583854197,+0000.0136436450730994,+0000.2172914072649044,+0000.4233709892765761,+0000.0000000000000000
+0000.3394903544961173,+0000.0143360350673000,+0000.2258604069683350,+0000.4203132034682473,+0000.0000000000000000
+0000.3332213509251279,+0000.0150389961273735,+0000.2345317503615265,+0000.4172079025859717,+0000.0000000000000000
+0000.3268912720807312,+0000.0157519307853725,+0000.2433006323840233,+0000.4140561647498726,+0000.0000000000000000
+0000.3205044904862211,+0000.0164742349597790,+0000.2521621925648286,+0000.4108590819891709,+0000.0000000000000000
+0000.3140654241143408,+0000.0172052983778388,+0000.2611115177857959,+0000.4076177597220241,+0000.0000000000000000
+0000.3075785336944796,+0000.0179445050021954,+0000.2701436450732002,+0000.4043333162301243,+0000.0000000000000000
+0000.3010483199918284,+0000.0186912334617959,+0000.2792535644192670,+0000.4010068821271083,+0000.0000000000000000
+0000.2944793210619057,+0000.0194448574865952,+0000.2884362216295368,+0000.3976395998219618,+0000.0000000000000000
+0000.2878761094814566,+0000.0202047463459259,+0000.2976865211951294,+0000.3942326229774878,+0000.0000000000000000
+0000.2812432895567593,+0000.0209702652902601,+0000.3069993291892547,+0000.3907871159637257,+0000.0000000000000000
+0000.2745854945128627,+0000.0217407759958539,+0000.3163694761837064,+0000.3873042533075767,+0000.0000000000000000
+0000.2679073836628881,+0000.0225156370124084,+0000.3257917601869470,+0000.3837852191377560,+0000.0000000000000000
+0000.2612136395609851,+0000.0232942042130959,+0000.3352609495997286,+0000.3802312066261903,+0000.0000000000000000
+0000.2545089651399802,+0000.0240758312468111,+0000.3447717861872952,+0000.3766434174259132,+0000.0000000000000000
+0000.2477980808347568,+0000.0248598699925260,+0000.3543189880672218,+0000.3730230611054951,+0000.0000000000000000
+0000.2410857216950079,+0000.0256456710150736,+0000.3638972527087437,+0000.3693713545811744,+0000.0000000000000000
+0000.2343766344865091,+0000.0264325840224988,+0000.3735012599452278,+0000.3656895215457639,+0000.0000000000000000
+0000.2276755747845227,+0000.0272199583244621,+0000.3831256749953776,+0000.3619787918956373,+0000.0000000000000000
+0000.2209873040604462,+0000.0280071432913872,+0000.3927651514924682,+0000.3582404011556982,+0000.0000000000000000
+0000.2143165867627782,+0000.0287934888142267,+0000.4024143345206422,+0000.3544755899023527,+0000.0000000000000000
+0000.2076681873960167,+0000.0295783457643333,+0000.4120678636537960,+0000.3506856031858539,+0000.0000000000000000
+0000.2010468675967068,+0000.0303610664534192,+0000.4217203759989732,+0000.3468716899509005,+0000.0000000000000000
+0000.1944573832102649,+0000.0311410050930777,+0000.4313665092398173,+0000.3430351024568399,+0000.0000000000000000
+0000.1879044813696540,+0000.0319175182537302,+0000.4410009046791118,+0000.3391770956975039,+0000.0000000000000000
+0000.1813928975770541,+0000.0326899653226864,+0000.4506182102797173,+0000.3352989268205420,+0000.0000000000000000
+0000.1749273527921050,+0000.0334577089608049,+0000.4602130836994358,+0000.3314018545476540,+0000.0000000000000000
+0000.1685125505259379,+0000.0342201155579280,+0000.4697801953214276,+0000.3274871385947062,+0000.0000000000000000
+0000.1621531739446171,+0000.0349765556863887,+0000.4793142312760127,+0000.3235560390929813,+0000.0000000000000000
+0000.1558538829830670,+0000.0357264045524555,+0000.4888098964529077,+0000.3196098160115695,+0000.0000000000000000
+0000.1496193114705885,+0000.0364690424455870,+0000.4982619175029224,+0000.3156497285809018,+0000.0000000000000000
+0000.1434540642714930,+0000.0372038551847956,+0000.5076650458250209,+0000.3116770347186905,+0000.0000000000000000
+0000.1373627144401355,+0000.0379302345622919,+0000.5170140605403424,+0000.3076929904572303,+0000.0000000000000000
+0000.1313498003938201,+0000.0386475787839204,+0000.5263037714487822,+0000.3036988493734773,+0000.0000000000000000
+0000.1254198231046728,+0000.0393552929060707,+0000.5355290219674976,+0000.2996958620217587,+0000.0000000000000000
+0000.1195772433115813,+0000.0400527892689383,+0000.5446846920503797,+0000.2956852753691004,+0000.0000000000000000
+0000.1138264787555339,+0000.0407394879256459,+0000.5537657010842288,+0000.2916683322345912,+0000.0000000000000000
+0000.1081719014377677,+0000.0414148170671865,+0000.5627670107634953,+0000.2876462707315504,+0000.0000000000000000
+0000.1026178349040366,+0000.0420782134427154,+0000.5716836279393251,+0000.2836203237139227,+0000.0000000000000000
+0000.0971685515560185,+0000.0427291227750982,+0000.5805106074419903,+0000.2795917182268927,+0000.0000000000000000
+0000.0918282699909828,+0000.0433670001713981,+0000.5892430548760704,+0000.2755616749615484,+0000.0000000000000000
+0000.0866011523728344,+0000.0439913105278363,+0000.5978761293843217,+0000.2715314077150076,+0000.0000000000000000
+0000.0814913018340164,+0000.0446015289293892,+0000.6064050463816990,+0000.2675021228548952,+0000.0000000000000000
+0000.0765027599113985,+0000.0451971410433551,+0000.6148250802558124,+0000.2634750187894340,+0000.0000000000000000
+0000.0716395040171281,+0000.0457776435068079,+0000.6231315670329415,+0000.2594512854431223,+0000.0000000000000000
+0000.0669054449454913,+0000.0463425443078563,+0000.6313199070086799,+0000.2554321037379724,+0000.0000000000000000
+0000.0623044244186732,+0000.0468913631600663,+0000.6393855673397045,+0000.2514186450815561,+0000.0000000000000000
+0000.0578402126710177,+0000.0474236318702054,+0000.6473240845980417,+0000.2474120708607350,+0000.0000000000000000
+0000.0535165060746112,+0000.0479388946988881,+0000.6551310672840382,+0000.2434135319424626,+0000.0000000000000000
+0000.0493369248071443,+0000.0484367087138261,+0000.6628021982975749,+0000.2394241681814545,+0000.0000000000000000
+0000.0453050105630528,+0000.0489166441356112,+0000.6703332373666477,+0000.2354451079346883,+0000.0000000000000000
+0000.0414242243104785,+0000.0493782846756646,+0000.6777200234297522,+0000.2314774675841047,+0000.0000000000000000
+0000.0376979440938187,+0000.0498212278662866,+0000.6849584769736607,+0000.2275223510662338,+0000.0000000000000000
+0000.0341294628844336,+0000.0502450853824151,+0000.6920446023229780,+0000.2235808494101732,+0000.0000000000000000
+0000.0307219864799061,+0000.0506494833551280,+0000.6989744898816170,+0000.2196540402833490,+0000.0000000000000000
+0000.0274786314542165,+0000.0510340626763062,+0000.7057443183231544,+0000.2157429875463229,+0000.0000000000000000
+0000.0244024231586943,+0000.0513984792946202,+0000.7123503567311679,+0000.2118487408155177,+0000.0000000000000000
+0000.0214962937759599,+0000.0517424045025243,+0000.7187889666863186,+0000.2079723350351970,+0000.0000000000000000
+0000.0187630804276755,+0000.0520655252139843,+0000.7250566042998743,+0000.2041147900584656,+0000.0000000000000000
+0000.0162055233369981,+0000.0523675442328811,+0000.7311498221929190,+0000.2002771102372015,+0000.0000000000000000
+0000.0138262640476030,+0000.0526481805118025,+0000.7370652714183891,+0000.1964602840222055,+0000.0000000000000000
+0000.0116278436993221,+0000.0529071694011329,+0000.7427997033272529,+0000.1926652835722922,+0000.0000000000000000
+0000.0096127013622132,+0000.0531442628881790,+0000.7483499713759995,+0000.1888930643736083,+0000.0000000000000000
+0000.0077831724297743,+0000.0533592298263224,+0000.7537130328748300,+0000.1851445648690732,+0000.0000000000000000
+0000.0061414870721341,+0000.0535518561539302,+0000.7588859506762367,+0000.1814207060976990,+0000.0000000000000000
+0000.0046897687506596,+0000.0537219451027971,+0000.7638658948015314,+0000.1777223913450117,+0000.0000000000000000
+0000.0034300327941823,+0000.0538693173962447,+0000.7686501440061215,+0000.1740505058034515,+0000.0000000000000000
+0000.0023641850382408,+0000.0539938114364314,+0000.7732360872815021,+0000.1704059162438257,+0000.0000000000000000
+0000.0014940205279614,+0000.0540952834808830,+0000.7776212252934657,+0000.1667894706976899,+0000.0000000000000000
+0000.0008212222853060,+0000.0541736078082434,+0000.7818031717559070,+0000.1632019981505438,+0000.0000000000000000
+0000.0003473601416838,+0000.0542286768728508,+0000.7857796547386061,+0000.1596443082468592,+0000.0000000000000000
+0000.0000738896363054,+0000.0542604014482571,+0000.7895485179096042,+0000.1561171910058334,+0000.0000000000000000
+0000.0000021509812098,+0000.0542687107595344,+0000.7931077217102457,+0000.1526214165490101,+0000.0000000000000000
+0000.0001333680934928,+0000.0542535526041555,+0000.7964553444628752,+0000.1491577348394763,+0000.0000000000000000
+0000.0004686476953696,+0000.0542148934614690,+0000.7995895834106594,+0000.1457268754325018,+0000.0000000000000000
+0000.0010089784825841,+0000.0541527185906877,+0000.8025087556880178,+0000.1423295472387105,+0000.0000000000000000
+0000.0017552303617312,+0000.0540670321172667,+0000.8052112992224396,+0000.1389664382985624,+0000.0000000000000000
+0000.0027081537569401,+0000.0539578571075853,+0000.8076957735662599,+0000.1356382155692146,+0000.0000000000000000
+0000.0038683789863398,+0000.0538252356319677,+0000.8099608606581115,+0000.1323455247235810,+0000.0000000000000000
+0000.0052364157088401,+0000.0536692288158424,+0000.8120053655140226,+0000.1290889899612949,+0000.0000000000000000
+0000.0068126524412394,+0000.0534899168790259,+0000.8138282168471505,+0000.1258692138325840,+0000.0000000000000000
+0000.0085973561464212,+0000.0532873991632442,+0000.8154284676163294,+0000.1226867770740050,+0000.0000000000000000
+0000.0105906718925829,+0000.0530617941476446,+0000.8168052955028817,+0000.1195422384568909,+0000.0000000000000000
+0000.0127926225838089,+0000.0528132394523584,+0000.8179580033155194,+0000.1164361346483135,+0000.0000000000000000
+0000.0152031087624223,+0000.0525418918301656,+0000.8188860193230372,+0000.1133689800843748,+0000.0000000000000000
+0000.0178219084826134,+0000.0522479271460712,+0000.8195888975147042,+0000.1103412668566111,+0000.0000000000000000
+0000.0206486772562906,+0000.0519315403448972,+0000.8200663177883230,+0000.1073534646104889,+0000.0000000000000000
+0000.0236829480706074,+0000.0515929454069560,+0000.8203180860655396,+0000.1044060204568969,+0000.0000000000000000
+0000.0269241314773546,+0000.0512323752916650,+0000.8203441343346926,+0000.1014993588962880,+0000.0000000000000000
+0000.0303715157545369,+0000.0508500818691769,+0000.8201445206210147,+0000.0986338817552715,+0000.0000000000000000
+0000.0340242671391462,+0000.0504463358401289,+0000.8197194288842582,+0000.0958099681364669,+0000.0000000000000000
+0000.0378814301322423,+0000.0500214266433663,+0000.8190691688438845,+0000.0930279743805069,+0000.0000000000000000
+0000.0419419278752854,+0000.0495756623517754,+0000.8181941757319382,+0000.0902882340410010,+0000.0000000000000000
+0000.0462045625978249,+0000.0491093695563469,+0000.8170950099736026,+0000.0875910578722253,+0000.0000000000000000
+0000.0506680161367278,+0000.0486228932383504,+0000.8157723567957200,+0000.0849367338292016,+0000.0000000000000000
+0000.0553308505254551,+0000.0481165966297904,+0000.8142270257638690,+0000.0823255270808855,+0000.0000000000000000
+0000.0601915086547076,+0000.0475908610622104,+0000.8124599502475768,+0000.0797576800355053,+0000.0000000000000000
+0000.0652483150028551,+0000.0470460858038117,+0000.8104721868146856,+0000.0772334123786478,+0000.0000000000000000
+0000.0704994764361387,+0000.0464826878850356,+0000.8082649145549886,+0000.0747529211238371,+0000.0000000000000000
+0000.0759430830787585,+0000.0459011019127444,+0000.8058394343331192,+0000.0723163806753777,+0000.0000000000000000
+0000.0815771092508286,+0000.0453017798730219,+0000.8031971679721762,+0000.0699239429039735,+0000.0000000000000000
+0000.0873994144756947,+0000.0446851909226562,+0000.8003396573674422,+0000.0675757372342068,+0000.0000000000000000
+0000.0934077445545809,+0000.0440518211695467,+0000.7972685635313819,+0000.0652718707444906,+0000.0000000000000000
+0000.0995997327084073,+0000.0434021734419807,+0000.7939856655705049,+0000.0630124282791070,+0000.0000000000000000
+0000.1059729007867747,+0000.0427367670469412,+0000.7904928595941975,+0000.0607974725720867,+0000.0000000000000000
+0000.1125246605416827,+0000.0420561375177508,+0000.7867921575571026,+0000.0586270443834636,+0000.0000000000000000
+0000.1192523149675929,+0000.0413608363509050,+0000.7828856860345740,+0000.0565011626469281,+0000.0000000000000000
+0000.1261530597053335,+0000.0406514307323965,+0000.7787756849328734,+0000.0544198246293966,+0000.0000000000000000
+0000.1332239845096430,+0000.0399285032537034,+0000.7744645061344518,+0000.0523830061022017,+0000.0000000000000000
+0000.1404620747801797,+0000.0391926516174094,+0000.7699546120788772,+0000.0503906615235335,+0000.0000000000000000
+0000.1478642131531238,+0000.0384444883328183,+0000.7652485742814841,+0000.0484427242325736,+0000.0000000000000000
+0000.1554271811551944,+0000.0376846404016267,+0000.7603490717886795,+0000.0465391066544991,+0000.0000000000000000
+0000.1631476609170830,+0000.0369137489938175,+0000.7552588895724146,+0000.0446797005166848,+0000.0000000000000000
+0000.1710222369460039,+0000.0361324691139684,+0000.7499809168642324,+0000.0428643770757952,+0000.0000000000000000
+0000.1790473979571499,+0000.0353414692581592,+0000.7445181454292101,+0000.0410929873554808,+0000.0000000000000000
+0000.1872195387607005,+0000.0345414310616852,+0000.7388736677826859,+0000.0393653623949284,+0000.0000000000000000
+0000.1955349622063408,+0000.0337330489376446,+0000.7330506753485224,+0000.0376813135074919,+0000.0000000000000000
+0000.2039898811819650,+0000.0329170297068100,+0000.7270524565614841,+0000.0360406325497407,+0000.0000000000000000
+0000.2125804206661051,+0000.0320940922188154,+0000.7208823949145627,+0000.0344430922005167,+0000.0000000000000000
+0000.2213026198337742,+0000.0312649669648663,+0000.7145439669516529,+0000.0328884462497064,+0000.0000000000000000
+0000.2301524342120824,+0000.0304303956824032,+0000.7080407402085384,+0000.0313764298969761,+0000.0000000000000000
+0000.2391257378876153,+0000.0295911309515963,+0000.7013763711011323,+0000.0299067600596560,+0000.0000000000000000
+0000.2482183257618885,+0000.0287479357841303,+0000.6945546027639574,+0000.0284791356900238,+0000.0000000000000000
+0000.2574259158544253,+0000.0279015832045112,+0000.6875792628394026,+0000.0270932381016609,+0000.0000000000000000
+0000.2667441516529742,+0000.0270528558239559,+0000.6804542612185702,+0000.0257487313044994,+0000.0000000000000000
+0000.2761686045069023,+0000.0262025454073286,+0000.6731835877370446,+0000.0244452623487244,+0000.0000000000000000
+0000.2856947760659392,+0000.0253514524331782,+0000.6657713098240339,+0000.0231824616768483,+0000.0000000000000000
+0000.2953181007601753,+0000.0245003856471904,+0000.6582215701085925,+0000.0219599434840415,+0000.0000000000000000
+0000.3050339483207870,+0000.0236501616093082,+0000.6505385839835134,+0000.0207773060863911,+0000.0000000000000000
+0000.3148376263410296,+0000.0228016042347692,+0000.6427266371274236,+0000.0196341322967774,+0000.0000000000000000
+0000.3247243828731622,+0000.0219555443293957,+0000.6347900829890563,+0000.0185299898083857,+0000.0000000000000000
+0000.3346894090635595,+0000.0211128191192041,+0000.6267333402320153,+0000.0174644315852206,+0000.0000000000000000
+0000.3447278418217471,+0000.0202742717748211,+0000.6185608901437312,+0000.0164369962597004,+0000.0000000000000000
+0000.3548347665226673,+0000.0194407509308189,+0000.6102772740095849,+0000.0154472085369287,+0000.0000000000000000
+0000.3650052197416371,+0000.0186131102002366,+0000.6018870904527942,+0000.0144945796053320,+0000.0000000000000000
+0000.3752341920175687,+0000.0177922076847933,+0000.5933949927439592,+0000.0135786075536786,+0000.0000000000000000
+0000.3855166306466453,+0000.0169789054807347,+0000.5848056860787860,+0000.0126987777938337,+0000.0000000000000000
+0000.3958474425019863,+0000.0161740691808190,+0000.5761239248279326,+0000.0118545634892619,+0000.0000000000000000
+0000.4062214968786662,+0000.0153785673727005,+0000.5673545097597017,+0000.0110454259889313,+0000.0000000000000000
+0000.4166336283633731,+0000.0145932711338515,+0000.5585022852365263,+0000.0102708152662488,+0000.0000000000000000
+0000.4270786397241062,+0000.0138190535235408,+0000.5495721363893756,+0000.0095301703629772,+0000.0000000000000000
+0000.4375513048222765,+0000.0130567890719591,+0000.5405689862681640,+0000.0088229198376001,+0000.0000000000000000
+0000.4480463715424609,+0000.0123073532668852,+0000.5314977929726252,+0000.0081484822180284,+0000.0000000000000000
+0000.4585585647391479,+0000.0115716220381610,+0000.5223635467643803,+0000.0075062664583103,+0000.0000000000000000
+0000.4690825891998278,+0000.0108504712402467,+0000.5131712671609028,+0000.0068956723990224,+0000.0000000000000000
+0000.4796131326195973,+0000.0101447761332488,+0000.5039260000159624,+0000.0063160912311912,+0000.0000000000000000
+0000.4901448685896458,+0000.0094554108625388,+0000.4946328145845605,+0000.0057669059632548,+0000.0000000000000000
+0000.5006724595949250,+0000.0087832479374615,+0000.4852968005766554,+0000.0052474918909578,+0000.0000000000000000
+0000.5111905600201843,+0000.0081291577093120,+0000.4759230652007008,+0000.0047572170698026,+0000.0000000000000000
+0000.5216938191636836,+0000.0074940078488614,+0000.4665167301977132,+0000.0042954427897414,+0000.0000000000000000
+0000.5321768842538611,+0000.0068786628239107,+0000.4570829288702775,+0000.0038615240519506,+0000.0000000000000000
+0000.5426344034711461,+0000.0062839833769112,+0000.4476268031047373,+0000.0034548100472051,+0000.0000000000000000
+0000.5530610289701994,+0000.0057108260031448,+0000.4381535003909557,+0000.0030746446356997,+0000.0000000000000000
+0000.5634514199018985,+0000.0051600424297364,+0000.4286681708403755,+0000.0027203668279892,+0000.0000000000000000
+0000.5738002454342159,+0000.0046324790957082,+0000.4191759642033698,+0000.0023913112667059,+0000.0000000000000000
+0000.5841021877672886,+0000.0041289766335318,+0000.4096820268903209,+0000.0020868087088582,+0000.0000000000000000
+0000.5943519451449838,+0000.0036503693523226,+0000.4001914989943871,+0000.0018061865083061,+0000.0000000000000000
+0000.6045442348581014,+0000.0031974847230658,+0000.3907095113206420,+0000.0015487690981903,+0000.0000000000000000
+0000.6146737962385478,+0000.0027711428661532,+0000.3812411824222962,+0000.0013138784730023,+0000.0000000000000000
+0000.6247353936437724,+0000.0023721560415188,+0000.3717916156447165,+0000.0011008346699918,+0000.0000000000000000
+0000.6347238194267041,+0000.0020013281417305,+0000.3623658961819018,+0000.0009089562496631,+0000.0000000000000000
+0000.6446338968934200,+0000.0016594541882193,+0000.3529690881433624,+0000.0007375607749980,+0000.0000000000000000
+0000.6544604832439516,+0000.0013473198310538,+0000.3436062316358144,+0000.0005859652891798,+0000.0000000000000000
+0000.6641984724953964,+0000.0010657008524864,+0000.3342823398606201,+0000.0004534867914967,+0000.0000000000000000
+0000.6738427983866293,+0000.0008153626745640,+0000.3250023962276699,+0000.0003394427111362,+0000.0000000000000000
+0000.6833884372601846,+0000.0005970598711663,+0000.3157713514900277,+0000.0002431513786209,+0000.0000000000000000
+0000.6928304109232737,+0000.0004115356846473,+0000.3065941208975285,+0000.0001639324945498,+0000.0000000000000000
+0000.7021637894835115,+0000.0002595215474441,+0000.2974755813736429,+0000.0001011075954009,+0000.0000000000000000
+0000.7113836941587118,+0000.0001417366089131,+0000.2884205687162693,+0000.0000540005161051,+0000.0000000000000000
+0000.7204853000598769,+0000.0000588872676548,+0000.2794338748233615,+0000.0000219378491064,+0000.0000000000000000
+0000.7294638389431592,+0000.0000116667096405,+0000.2705202449475508,+0000.0000042493996489,+0000.0000000000000000
+0000.7383146019328438,+0000.0000007544523780,+0000.2616843749777739,+0000.0000002686370039,+0000.0000000000000000
+0000.7470329422109525,+0000.0000268158954090,+0000.2529309087522618,+0000.0000093331413760,+0000.0000000000000000
+0000.7556142776728828,+0000.0000905018773956,+0000.2442644354035020,+0000.0000307850462190,+0000.0000000000000000
+0000.7640540935484038,+0000.0001924482400669,+0000.2356894867358287,+0000.0000639714757000,+0000.0000000000000000
+0000.7723479449838681,+0000.0003332753992708,+0000.2272105346398138,+0000.0001082449770469,+0000.0000000000000000
+0000.7804914595875374,+0000.0005135879234100,+0000.2188319885415215,+0000.0001629639475308,+0000.0000000000000000
+0000.7884803399341186,+0000.0007339741194920,+0000.2105581928905676,+0000.0002274930558211,+0000.0000000000000000
+0000.7963103660277683,+0000.0009950056270493,+0000.2023934246877125,+0000.0003012036574692,+0000.0000000000000000
+0000.8039773977229342,+0000.0012972370201993,+0000.1943418910525867,+0000.0003834742042790,+0000.0000000000000000
+0000.8114773770994084,+0000.0016412054180064,+0000.1864077268352806,+0000.0004736906473043,+0000.0000000000000000
+0000.8188063307931210,+0000.0020274301034846,+0000.1785949922701322,+0000.0005712468332615,+0000.0000000000000000
+0000.8259603722790998,+0000.0024564121514047,+0000.1709076706753859,+0000.0006755448941091,+0000.0000000000000000
+0000.8329357041061264,+0000.0029286340651261,+0000.1633496661991869,+0000.0007859956295599,+0000.0000000000000000
+0000.8397286200823160,+0000.0034445594227451,+0000.1559248016126163,+0000.0009020188823223,+0000.0000000000000000
+0000.8463355074083531,+0000.0040046325326487,+0000.1486368161531766,+0000.0010230439058211,+0000.0000000000000000
+0000.8527528487599563,+0000.0046092780988192,+0000.1414893634170134,+0000.0011485097242104,+0000.0000000000000000
+0000.8589772243161379,+0000.0052589008960161,+0000.1344860093033890,+0000.0012778654844566,+0000.0000000000000000
+0000.8650053137328717,+0000.0059538854550541,+0000.1276302300117868,+0000.0014105708002869,+0000.0000000000000000
+0000.8708338980616750,+0000.0066945957584046,+0000.1209254100921122,+0000.0015460960878079,+0000.0000000000000000
+0000.8764598616100465,+0000.0074813749461786,+0000.1143748405511937,+0000.0016839228925807,+0000.0000000000000000
+0000.8818801937451357,+0000.0083145450328848,+0000.1079817170139792,+0000.0018235442079997,+0000.0000000000000000
+0000.8870919906378503,+0000.0091944066349465,+0000.1017491379424501,+0000.0019644647847527,+0000.0000000000000000
+0000.8920924569468620,+0000.0101212387092487,+0000.0956801029126780,+0000.0021062014312107,+0000.0000000000000000
+0000.8968789074420789,+0000.0110952983029399,+0000.0897775109504037,+0000.0022482833045771,+0000.0000000000000000
+0000.9014487685652268,+0000.0121168203143782,+0000.0840441589278058,+0000.0023902521925887,+0000.0000000000000000
+0000.9057995799284801,+0000.0131860172657380,+0000.0784827400201158,+0000.0025316627856656,+0000.0000000000000000
+0000.9099289957488147,+0000.0143030790871709,+0000.0730958422246956,+0000.0026720829393184,+0000.0000000000000000
+0000.9138347862178476,+0000.0154681729127011,+0000.0678859469427878,+0000.0028110939266632,+0000.0000000000000000
+0000.9175148388065685,+0000.0166814428881539,+0000.0628554276243433,+0000.0029482906809337,+0000.0000000000000000
+0000.9209671595030990,+0000.0179430099909247,+0000.0580065484781618,+0000.0030832820278138,+0000.0000000000000000
+0000.9241898739844361,+0000.0192529718620413,+0000.0533414632460357,+0000.0032156909074864,+0000.0000000000000000
+0000.9271812287201237,+0000.0206114026504247,+0000.0488622140431833,+0000.0033451545862678,+0000.0000000000000000
+0000.9299395920077075,+0000.0220183528695111,+0000.0445707302650689,+0000.0034713248577120,+0000.0000000000000000
+0000.9324634549396883,+0000.0234738492664172,+0000.0404688275608241,+0000.0035938682330699,+0000.0000000000000000
+0000.9347514323003824,+0000.0249778947034748,+0000.0365582068751413,+0000.0037124661210010,+0000.0000000000000000
+0000.9368022633934102,+0000.0265304680526415,+0000.0328404535574900,+0000.0038268149964576,+0000.0000000000000000
+0000.9386148127985314,+0000.0281315241024642,+0000.0293170365403885,+0000.0039366265586152,+0000.0000000000000000
+0000.9401880710575361,+0000.0297809934778665,+0000.0259893075868005,+0000.0040416278777961,+0000.0000000000000000
+0000.9415211552890049,+0000.0314787825729295,+0000.0228585006067606,+0000.0041415615313045,+0000.0000000000000000
+0000.9426133097311119,+0000.0332247734962625,+0000.0199257310445493,+0000.0042361857280756,+0000.0000000000000000
+0000.9434639062127033,+0000.0350188240296600,+0000.0171919953355135,+0000.0043252744221226,+0000.0000000000000000
+0000.9440724445519014,+0000.0368607675996284,+0000.0146581704337756,+0000.0044086174146938,+0000.0000000000000000
+0000.9444385528823063,+0000.0387504132618823,+0000.0123250134107269,+0000.0044860204450839,+0000.0000000000000000
+0000.9445619879064518,+0000.0406875456991076,+0000.0101931611243573,+0000.0045573052700825,+0000.0000000000000000
+0000.9444426350762503,+0000.0426719252314969,+0000.0082631299602438,+0000.0046223097320085,+0000.0000000000000000
+0000.9440805087006441,+0000.0447032878406371,+0000.0065353156434216,+0000.0046808878152968,+0000.0000000000000000
+0000.9434757519800154,+0000.0467813452064084,+0000.0050099931219375,+0000.0047329096916380,+0000.0000000000000000
+0000.9426286369675121,+0000.0489057847569792,+0000.0036873165218626,+0000.0047782617536452,+0000.0000000000000000
+0000.9415395644573149,+0000.0510762697319981,+0000.0025673191736664,+0000.0048168466370200,+0000.0000000000000000
+0000.9402090637998801,+0000.0532924392585590,+0000.0016499137103071,+0000.0048485832312531,+0000.0000000000000000
+0000.9386377926441430,+0000.0555539084405663,+0000.0009348922364432,+0000.0048734066788469,+0000.0000000000000000
+0000.9368265366070192,+0000.0578602684608818,+0000.0004219265690341,+0000.0048912683630644,+0000.0000000000000000
+0000.9347762088702021,+0000.0602110866965169,+0000.0001105685490245,+0000.0049021358842560,+0000.0000000000000000
+0000.9324878497043770,+0000.0626059068469549,+0000.0000002504238990,+0000.0049059930247687,+0000.0000000000000000
+0000.9299626259217031,+0000.0650442490748819,+0000.0000902853009440,+0000.0049028397024703,+0000.0000000000000000
+0000.9272018302560548,+0000.0675256101601846,+0000.0003798676708164,+0000.0048926919129434,+0000.0000000000000000
+0000.9242068806719118,+0000.0700494636665031,+0000.0008680740011880,+0000.0048755816603966,+0000.0000000000000000
+0000.9209793196022397,+0000.0726152601203860,+0000.0015538634000417,+0000.0048515568773322,+0000.0000000000000000
+0000.9175208131153088,+0000.0752224272033317,+0000.0024360783483035,+0000.0048206813330554,+0000.0000000000000000
+0000.9138331500118434,+0000.0778703699559074,+0000.0035134455011488,+0000.0047830345311000,+0000.0000000000000000
+0000.9099182408520187,+0000.0805584709946107,+0000.0047845765577702,+0000.0047387115956000,+0000.0000000000000000
+0000.9057781169134940,+0000.0832860907408871,+0000.0062479691988754,+0000.0046878231467430,+0000.0000000000000000
+0000.9014149290808999,+0000.0860525676623364,+0000.0079020080913887,+0000.0046304951653747,+0000.0000000000000000
+0000.8968309466670850,+0000.0888572185261463,+0000.0097449659599427,+0000.0045668688468256,+0000.0000000000000000
+0000.8920285561677577,+0000.0916993386641068,+0000.0117750047240075,+0000.0044971004441274,+0000.0000000000000000
+0000.8870102599488177,+0000.0945782022499007,+0000.0139901767006153,+0000.0044213611006657,+0000.0000000000000000
+0000.8817786748683427,+0000.0974930625877516,+0000.0163884258715024,+0000.0043398366724027,+0000.0000000000000000
+0000.8763365308334973,+0000.1004431524126755,+0000.0189675892140158,+0000.0042527275398111,+0000.0000000000000000
+0000.8706866692927483,+0000.1034276842023633,+0000.0217253980952672,+0000.0041602484096206,+0000.0000000000000000
+0000.8648320416657800,+0000.1064458504997206,+0000.0246594797279597,+0000.0040626281065391,+0000.0000000000000000
+0000.8587757077099022,+0000.1094968242470551,+0000.0277673586879765,+0000.0039601093550655,+0000.0000000000000000
+0000.8525208338254211,+0000.1125797591309154,+0000.0310464584920989,+0000.0038529485515641,+0000.0000000000000000
+0000.8460706913005771,+0000.1156937899375401,+0000.0344941032351567,+0000.0037414155267256,+0000.0000000000000000
+0000.8394286544962837,+0000.1188380329191784,+0000.0381075192859523,+0000.0036257932985852,+0000.0000000000000000
+0000.8325981989735066,+0000.1220115861702425,+0000.0418838370399527,+0000.0035063778162977,+0000.0000000000000000
+0000.8255828995621421,+0000.1252135300140379,+0000.0458200927290557,+0000.0033834776947638,+0000.0000000000000000
+0000.8183864283741631,+0000.1284429273992398,+0000.0499132302862339,+0000.0032574139403628,+0000.0000000000000000
+0000.8110125527608085,+0000.1316988243064365,+0000.0541601032648379,+0000.0031285196679165,+0000.0000000000000000
+0000.8034651332171384,+0000.1349802501635610,+0000.0585574768101889,+0000.0029971398091112,+0000.0000000000000000
+0000.7957481212323954,+0000.1382862182712603,+0000.0631020296838142,+0000.0028636308125295,+0000.0000000000000000
+0000.7878655570894156,+0000.1416157262370939,+0000.0677903563379641,+0000.0027283603355261,+0000.0000000000000000
+0000.7798215676137989,+0000.1449677564185057,+0000.0726189690395730,+0000.0025917069281219,+0000.0000000000000000
+0000.7716203638732121,+0000.1483412763748214,+0000.0775843000428331,+0000.0024540597091329,+0000.0000000000000000
+0000.7632662388304161,+0000.1517352393270940,+0000.0826827038077091,+0000.0023158180347803,+0000.0000000000000000
+0000.7547635649485653,+0000.1551485846265395,+0000.0879104592649772,+0000.0021773911599174,+0000.0000000000000000
+0000.7461167917521407,+0000.1585802382307002,+0000.0932637721249882,+0000.0020391978921704,+0000.0000000000000000
+0000.7373304433442942,+0000.1620291131872640,+0000.0987387772292533,+0000.0019016662391880,+0000.0000000000000000
+0000.7284091158812818,+0000.1654941101254750,+0000.1043315409440375,+0000.0017652330492053,+0000.0000000000000000
+0000.7193574750076607,+0000.1689741177542388,+0000.1100380635928742,+0000.0016303436452259,+0000.0000000000000000
+0000.7101802532506346,+0000.1724680133676765,+0000.1158542819287084,+0000.0014974514529800,+0000.0000000000000000
+0000.7008822473775136,+0000.1759746633568834,+0000.1217760716426632,+0000.0013670176229392,+0000.0000000000000000
+0000.6914683157168595,+0000.1794929237281244,+0000.1277992499083786,+0000.0012395106466371,+0000.0000000000000000
+0000.6819433754440576,+0000.1830216406273825,+0000.1339195779610421,+0000.0011154059675175,+0000.0000000000000000
+0000.6723123998355152,+0000.1865596508700166,+0000.1401327637078646,+0000.0009951855866033,+0000.0000000000000000
+0000.6625804154894783,+0000.1901057824766236,+0000.1464344643707036,+0000.0008793376631938,+0000.0000000000000000
+0000.6527524995177142,+0000.1936588552138354,+0000.1528202891575638,+0000.0007683561108862,+0000.0000000000000000
+0000.6428337767089182,+0000.1972176811399157,+0000.1592858019620086,+0000.0006627401891572,+0000.0000000000000000
+0000.6328294166643997,+0000.2007810651553886,+0000.1658265240894385,+0000.0005629940907730,+0000.0000000000000000
+0000.6227446309104714,+0000.2043478055574349,+0000.1724379370067713,+0000.0004696265253220,+0000.0000000000000000
+0000.6125846699856611,+0000.2079166945988118,+0000.1791154851164406,+0000.0003831502990861,+0000.0000000000000000
+0000.6023548205069634,+0000.2114865190503648,+0000.1858545785511022,+0000.0003040818915693,+0000.0000000000000000
+0000.5920604022160130,+0000.2150560607669935,+0000.1926505959880577,+0000.0002329410289356,+0000.0000000000000000
+0000.5817067650060139,+0000.2186240972569184,+0000.1994988874824471,+0000.0001702502546204,+0000.0000000000000000
+0000.5712992859337926,+0000.2221894022533210,+0000.2063947773154606,+0000.0001165344974253,+0000.0000000000000000
+0000.5608433662150080,+0000.2257507462890985,+0000.2133335668585568,+0000.0000723206373365,+0000.0000000000000000
+0000.5503444282071204,+0000.2293068972734495,+0000.2203105374500596,+0000.0000381370693704,+0000.0000000000000000
+0000.5398079123807735,+0000.2328566210705176,+0000.2273209532829864,+0000.0000145132657221,+0000.0000000000000000
+0000.5292392742804400,+0000.2363986820799334,+0000.2343600643031317,+0000.0000019793364944,+0000.0000000000000000
+0000.5186439814790513,+0000.2399318438179430,+0000.2414231091137091,+0000.0000010655892963,+0000.0000000000000000
+0000.5080275105243581,+0000.2434548695002073,+0000.2485053178874472,+0000.0000123020879871,+0000.0000000000000000
+0000.4973953438817277,+0000.2469665226249920,+0000.2556019152824218,+0000.0000362182108581,+0000.0000000000000000
+0000.4867529668742430,+0000.2504655675566046,+0000.2627081233606210,+0000.0000733422085311,+0000.0000000000000000
+0000.4761058646207300,+0000.2539507701093031,+0000.2698191645081011,+0000.0001242007618657,+0000.0000000000000000
+0000.4654595189764827,+0000.2574208981303818,+0000.2769302643529907,+0000.0001893185401443,+0000.0000000000000000
+0000.4548194054746248,+0000.2608747220830955,+0000.2840366546824382,+0000.0002692177598414,+0000.0000000000000000
+0000.4441909902726345,+0000.2643110156285263,+0000.2911335763545931,+0000.0003644177442459,+0000.0000000000000000
+0000.4335797271048865,+0000.2677285562062522,+0000.2982162822046389,+0000.0004754344842223,+0000.0000000000000000
+0000.4229910542420396,+0000.2711261256136523,+0000.3052800399438926,+0000.0006027802004152,+0000.0000000000000000
+0000.4124303914618026,+0000.2745025105829906,+0000.3123201350480747,+0000.0007469629071317,+0000.0000000000000000
+0000.4019031370289959,+0000.2778565033569098,+0000.3193318736358570,+0000.0009084859782370,+0000.0000000000000000
+0000.3914146646896436,+0000.2811869022610578,+0000.3263105853339824,+0000.0010878477153161,+0000.0000000000000000
+0000.3809703206797025,+0000.2844925122740853,+0000.3332516261278347,+0000.0012855409183773,+0000.0000000000000000
+0000.3705754207492555,+0000.2877721455948428,+0000.3401503811964954,+0000.0015020524594060,+0000.0000000000000000
+0000.3602352472068039,+0000.2910246222055770,+0000.3470022677286324,+0000.0017378628589865,+0000.0000000000000000
+0000.3499550459813939,+0000.2942487704321307,+0000.3538027377201394,+0000.0019934458663356,+0000.0000000000000000
+0000.3397400237072099,+0000.2974434274999204,+0000.3605472807499048,+0000.0022692680429650,+0000.0000000000000000
+0000.3295953448314135,+0000.3006074400854982,+0000.3672314267328149,+0000.0025657883502732,+0000.0000000000000000
+0000.3195261287458346,+0000.3037396648639235,+0000.3738507486488890,+0000.0028834577413527,+0000.0000000000000000
+0000.3095374469470085,+0000.3068389690507878,+0000.3804008652450196,+0000.0032227187571840,+0000.0000000000000000
+0000.2996343202225122,+0000.3099042309394681,+0000.3868774437103944,+0000.0035840051276253,+0000.0000000000000000
+0000.2898217158678932,+0000.3129343404328520,+0000.3932762023219202,+0000.0039677413773343,+0000.0000000000000000
+0000.2801045449349097,+0000.3159281995693548,+0000.3995929130588162,+0000.0043743424369192,+0000.0000000000000000
+0000.2704876595118416,+0000.3188847230430087,+0000.4058234041855066,+0000.0048042132596432,+0000.0000000000000000
+0000.2609758500399877,+0000.3218028387169440,+0000.4119635627993022,+0000.0052577484437660,+0000.0000000000000000
+0000.2515738426643695,+0000.3246814881307773,+0000.4180093373438919,+0000.0057353318609611,+0000.0000000000000000
+0000.2422862966228871,+0000.3275196270008224,+0000.4239567400853517,+0000.0062373362909388,+0000.0000000000000000
+0000.2331178016744053,+0000.3303162257133718,+0000.4298018495497057,+0000.0067641230625171,+0000.0000000000000000
+0000.2240728755664794,+0000.3330702698108357,+0000.4355408129212257,+0000.0073160417014592,+0000.0000000000000000
+0000.2151559615467489,+0000.3357807604696920,+0000.4411698483984005,+0000.0078934295851583,+0000.0000000000000000
+0000.2063714259159438,+0000.3384467149711153,+0000.4466852475083501,+0000.0084966116045907,+0000.0000000000000000
+0000.1977235556264881,+0000.3410671671632765,+0000.4520833773766318,+0000.0091258998336037,+0000.0000000000000000
+0000.1892165559272548,+0000.3436411679151580,+0000.4573606829517511,+0000.0097815932058362,+0000.0000000000000000
+0000.1808545480549546,+0000.3461677855621075,+0000.4625136891834231,+0000.0104639771995150,+0000.0000000000000000
+0000.1726415669758770,+0000.3486461063421761,+0000.4675390031518042,+0000.0111733235301427,+0000.0000000000000000
+0000.1645815591761940,+0000.3510752348235998,+0000.4724333161486008,+0000.0119098898516053,+0000.0000000000000000
+0000.1566783805043468,+0000.3534542943229194,+0000.4771934057071028,+0000.0126739194656309,+0000.0000000000000000
+0000.1489357940659885,+0000.3557824273135829,+0000.4818161375805424,+0000.0134656410398860,+0000.0000000000000000
+0000.1413574681720275,+0000.3580587958248481,+0000.4862984676681047,+0000.0142852683350195,+0000.0000000000000000
+0000.1339469743429867,+0000.3602825818305666,+0000.4906374438859287,+0000.0151329999405180,+0000.0000000000000000
+0000.1267077853680166,+0000.3624529876281444,+0000.4948302079839096,+0000.0160090190199292,+0000.0000000000000000
+0000.1196432734218553,+0000.3645692362068262,+0000.4988739973059094,+0000.0169134930654090,+0000.0000000000000000
+0000.1127567082399899,+0000.3666305716055653,+0000.5027661464926667,+0000.0178465736617781,+0000.0000000000000000
+0000.1060512553524854,+0000.3686362592602976,+0000.5065040891268315,+0000.0188083962603854,+0000.0000000000000000
+0000.0995299743794092,+0000.3705855863398959,+0000.5100853593180324,+0000.0197990799626627,+0000.0000000000000000
+0000.0931958173862115,+0000.3724778620714712,+0000.5135075932284617,+0000.0208187273138554,+0000.0000000000000000
+0000.0870516273019468,+0000.3743124180542739,+0000.5167685305369681,+0000.0218674241068110,+0000.0000000000000000
+0000.0811001364006134,+0000.3760886085620169,+0000.5198660158412649,+0000.0229452391961045,+0000.0000000000000000
+0000.0753439648458757,+0000.3778058108338583,+0000.5227979999975836,+0000.0240522243226826,+0000.0000000000000000
+0000.0697856193016569,+0000.3794634253534609,+0000.5255625413960626,+0000.0251884139488193,+0000.0000000000000000
+0000.0644274916072673,+0000.3810608761160855,+0000.5281578071725630,+0000.0263538251040843,+0000.0000000000000000
+0000.0592718575192653,+0000.3825976108841967,+0000.5305820743547425,+0000.0275484572417953,+0000.0000000000000000
+0000.0543208755204588,+0000.3840731014302979,+0000.5328337309426810,+0000.0287722921065622,+0000.0000000000000000
+0000.0495765856960830,+0000.3854868437678997,+0000.5349112769231448,+0000.0300252936128726,+0000.0000000000000000
+0000.0450409086792255,+0000.3868383583698800,+0000.5368133252163656,+0000.0313074077345291,+0000.0000000000000000
+0000.0407156446642447,+0000.3881271903745835,+0000.5385386025556561,+0000.0326185624055157,+0000.0000000000000000
+0000.0366024724901704,+0000.3893529097789246,+0000.5400859502987934,+0000.0339586674321118,+0000.0000000000000000
+0000.0327029487939567,+0000.3905151116194448,+0000.5414543251704755,+0000.0353276144161232,+0000.0000000000000000
+0000.0290185072339385,+0000.3916134161400080,+0000.5426427999361600,+0000.0367252766898935,+0000.0000000000000000
+0000.0255504577848306,+0000.3926474689468469,+0000.5436505640059429,+0000.0381515092623797,+0000.0000000000000000
+0000.0222999861032833,+0000.3936169411507221,+0000.5444769239689242,+0000.0396061487770706,+0000.0000000000000000
+0000.0192681529654135,+0000.3945215294960886,+0000.5451213040571925,+0000.0410890134813053,+0000.0000000000000000
+0000.0164558937762701,+0000.3953609564768912,+0000.5455832465395131,+0000.0425999032073260,+0000.0000000000000000
+0000.0138640181511582,+0000.3961349704399038,+0000.5458624120440478,+0000.0441385993648902,+0000.0000000000000000
+0000.0114932095699621,+0000.3968433456742294,+0000.5459585798103327,+0000.0457048649454756,+0000.0000000000000000
+0000.0093440251034953,+0000.3974858824879706,+0000.5458716478701547,+0000.0472984445383792,+0000.0000000000000000
+0000.0074168952128507,+0000.3980624072715840,+0000.5456016331571859,+0000.0489190643583794,+0000.0000000000000000
+0000.0057121236215450,+0000.3985727725480558,+0000.5451486715453245,+0000.0505664322850748,+0000.0000000000000000
+0000.0042298872604087,+0000.3990168570094896,+0000.5445130178158532,+0000.0522402379142486,+0000.0000000000000000
+0000.0029702362856319,+0000.3993945655410623,+0000.5436950455530167,+0000.0539401526202891,+0000.0000000000000000
+0000.0019330941693918,+0000.3997058292310664,+0000.5426952469686144,+0000.0556658296309277,+0000.0000000000000000
+0000.0011182578634059,+0000.3999506053680014,+0000.5415142326552772,+0000.0574169041133153,+0000.0000000000000000
+0000.0005253980351336,+0000.4001288774243573,+0000.5401527312687596,+0000.0591929932717495,+0000.0000000000000000
+0000.0001540593764398,+0000.4002406550271865,+0000.5386115891392217,+0000.0609936964571520,+0000.0000000000000000
+0000.0000036609846806,+0000.4002859739152370,+0000.5368917698122231,+0000.0628185952878594,+0000.0000000000000000
+0000.0000734968157378,+0000.4002648958834637,+0000.5349943535188175,+0000.0646672537819809,+0000.0000000000000000
+0000.0003627362089115,+0000.4001775087138297,+0000.5329205365759515,+0000.0665392185013074,+0000.0000000000000000
+0000.0008704244832478,+0000.4000239260933490,+0000.5306716307169715,+0000.0684340187064317,+0000.0000000000000000
+0000.0015954836050172,+0000.3998042875189814,+0000.5282490623525993,+0000.0703511665234021,+0000.0000000000000000
+0000.0025367129257900,+0000.3995187581897717,+0000.5256543717632931,+0000.0722901571211452,+0000.0000000000000000
+0000.0036927899908306,+0000.3991675288856692,+0000.5228892122228965,+0000.0742504689006036,+0000.0000000000000000
+0000.0050622714172297,+0000.3987508158342228,+0000.5199553490541845,+0000.0762315636943631,+0000.0000000000000000
+0000.0066435938412150,+0000.3982688605639579,+0000.5168546586172710,+0000.0782328869775564,+0000.0000000000000000
+0000.0084350749342806,+0000.3977219297453372,+0000.5135891272307326,+0000.0802538680896497,+0000.0000000000000000
+0000.0104349144870663,+0000.3971103150193368,+0000.5101608500270555,+0000.0822939204665415,+0000.0000000000000000
+0000.0126411955609297,+0000.3964343328134725,+0000.5065720297419342,+0000.0843524418836636,+0000.0000000000000000
+0000.0150518857060604,+0000.3956943241453255,+0000.5028249754390905,+0000.0864288147095237,+0000.0000000000000000
+0000.0176648382456171,+0000.3948906544144921,+0000.4989221011706775,+0000.0885224061692133,+0000.0000000000000000
+0000.0204777936252743,+0000.3940237131817567,+0000.4948659245742471,+0000.0906325686187218,+0000.0000000000000000
+0000.0234883808267348,+0000.3930939139369013,+0000.4906590654077010,+0000.0927586398286632,+0000.0000000000000000
+0000.0266941188452947,+0000.3921016938544256,+0000.4863042440218753,+0000.0948999432784043,+0000.0000000000000000
+0000.0300924182298900,+0000.3910475135378233,+0000.4818042797726118,+0000.0970557884596749,+0000.0000000000000000
+0000.0336805826848691,+0000.3899318567520959,+0000.4771620893730711,+0000.0992254711899638,+0000.0000000000000000
+0000.0374558107330390,+0000.3887552301453799,+0000.4723806851864146,+0000.1014082739351665,+0000.0000000000000000
+0000.0414151974378230,+0000.3875181629591500,+0000.4674631734616255,+0000.1036034661414016,+0000.0000000000000000
+0000.0455557361849647,+0000.3862212067274299,+0000.4624127525114409,+0000.1058103045761647,+0000.0000000000000000
+0000.0498743205216952,+0000.3848649349652977,+0000.4572327108348473,+0000.1080280336781598,+0000.0000000000000000
+0000.0543677460526041,+0000.3834499428468406,+0000.4519264251847868,+0000.1102558859157684,+0000.0000000000000000
+0000.0590327123914578,+0000.3819768468722175,+0000.4464973585818533,+0000.1124930821544713,+0000.0000000000000000
+0000.0638658251667597,+0000.3804462845254236,+0000.4409490582761935,+0000.1147388320316232,+0000.0000000000000000
+0000.0688635980812713,+0000.3788589139210964,+0000.4352851536573984,+0000.1169923343402338,+0000.0000000000000000
+0000.0740224550232385,+0000.3772154134419659,+0000.4295093541146474,+0000.1192527774201482,+0000.0000000000000000
+0000.0793387322283985,+0000.3755164813666419,+0000.4236254468480441,+0000.1215193395569154,+0000.0000000000000000
+0000.0848086804920341,+0000.3737628354878564,+0000.4176372946318224,+0000.1237911893882872,+0000.0000000000000000
+0000.0904284674282097,+0000.3719552127216749,+0000.4115488335324745,+0000.1260674863176411,+0000.0000000000000000
+0000.0961941797770518,+0000.3700943687079014,+0000.4053640705806392,+0000.1283473809344074,+0000.0000000000000000
+0000.1021018257569469,+0000.3681810774014274,+0000.3990870814001874,+0000.1306300154414384,+0000.0000000000000000
+0000.1081473374609803,+0000.3662161306553849,+0000.3927220077950024,+0000.1329145240886323,+0000.0000000000000000
+0000.1143265732966900,+0000.3642003377957801,+0000.3862730552944231,+0000.1352000336131067,+0000.0000000000000000
+0000.1206353204660705,+0000.3621345251886542,+0000.3797444906604741,+0000.1374856636848011,+0000.0000000000000000
+0000.1270692974864756,+0000.3600195357987767,+0000.3731406393561592,+0000.1397705273585886,+0000.0000000000000000
+0000.1336241567495725,+0000.3578562287416174,+0000.3664658829776908,+0000.1420537315311192,+0000.0000000000000000
+0000.1402954871170040,+0000.3556454788275625,+0000.3597246566520452,+0000.1443343774033882,+0000.0000000000000000
+0000.1470788165521508,+0000.3533881760991783,+0000.3529214464003911,+0000.1466115609482797,+0000.0000000000000000
+0000.1539696147845034,+0000.3510852253622271,+0000.3460607864709273,+0000.1488843733823420,+0000.0000000000000000
+0000.1609632960075669,+0000.3487375457097977,+0000.3391472566401788,+0000.1511519016424564,+0000.0000000000000000
+0000.1680552216067586,+0000.3463460700402721,+0000.3321854794863007,+0000.1534132288666684,+0000.0000000000000000
+0000.1752407029166356,+0000.3439117445699251,+0000.3251801176350630,+0000.1556674348783762,+0000.0000000000000000
+0000.1825150040060639,+0000.3414355283391296,+0000.3181358709799012,+0000.1579135966749051,+0000.0000000000000000
+0000.1898733444880593,+0000.3389183927140425,+0000.3110574738792679,+0000.1601507889186302,+0000.0000000000000000
+0000.1973109023551506,+0000.3363613208826505,+0000.3039496923304892,+0000.1623780844317095,+0000.0000000000000000
+0000.2048228168366930,+0000.3337653073463838,+0000.2968173211236633,+0000.1645945546932597,+0000.0000000000000000
+0000.2124041912769506,+0000.3311313574070213,+0000.2896651809767450,+0000.1667992703392830,+0000.0000000000000000
+0000.2200500960333541,+0000.3284604866496214,+0000.2824981156525475,+0000.1689913016644768,+0000.0000000000000000
+0000.2277555713906532,+0000.3257537204216599,+0000.2753209890617068,+0000.1711697191259801,+0000.0000000000000000
+0000.2355156304924099,+0000.3230120933082463,+0000.2681386823503893,+0000.1733335938489543,+0000.0000000000000000
+0000.2433252622858976,+0000.3202366486042901,+0000.2609560909765373,+0000.1754819981332747,+0000.0000000000000000
+0000.2511794344794239,+0000.3174284377837243,+0000.2537781217756724,+0000.1776140059611790,+0000.0000000000000000
+0000.2590730965109056,+0000.3145885199654954,+0000.2466096900174229,+0000.1797286935061757,+0000.0000000000000000
+0000.2670011825242391,+0000.3117179613782402,+0000.2394557164562212,+0000.1818251396412994,+0000.0000000000000000
+0000.2749586143540276,+0000.3088178348217919,+0000.2323211243756084,+0000.1839024264485720,+0000.0000000000000000
+0000.2829403045152029,+0000.3058892191274382,+0000.2252108366296007,+0000.1859596397277579,+0000.0000000000000000
+0000.2909411591963413,+0000.3029331986166467,+0000.2181297726822979,+0000.1879958695047138,+0000.0000000000000000
+0000.2989560812557182,+0000.2999508625583375,+0000.2110828456467862,+0000.1900102105391578,+0000.0000000000000000
+0000.3069799732159875,+0000.2969433046256871,+0000.2040749593271277,+0000.1920017628311973,+0000.0000000000000000
+0000.3150077402591153,+0000.2939116223521712,+0000.1971110052623283,+0000.1939696321263848,+0000.0000000000000000
+0000.3230342932170208,+0000.2908569165872066,+0000.1901958597762910,+0000.1959129304194813,+0000.0000000000000000
+0000.3310545515573756,+0000.2877802909520516,+0000.1833343810345991,+0000.1978307764559734,+0000.0000000000000000
+0000.3390634463634357,+0000.2846828512956373,+0000.1765314061092599,+0000.1997222962316670,+0000.0000000000000000
+0000.3470559233034759,+0000.2815657051519663,+0000.1697917480555048,+0000.2015866234890528,+0000.0000000000000000
+0000.3550269455927585,+0000.2784299611969270,+0000.1631201929982276,+0000.2034229002120864,+0000.0000000000000000
+0000.3629714969410905,+0000.2752767287080555,+0000.1565214972345327,+0000.2052302771163210,+0000.0000000000000000
+0000.3708845844879303,+0000.2721071170247266,+0000.1500003843506003,+0000.2070079141367425,+0000.0000000000000000
+0000.3787612417225987,+0000.2689222350102596,+0000.1435615423554625,+0000.2087549809116790,+0000.0000000000000000
+0000.3865965313860520,+0000.2657231905167541,+0000.1372096208348287,+0000.2104706572623649,+0000.0000000000000000
+0000.3943855483553910,+0000.2625110898517318,+0000.1309492281242617,+0000.2121541336686152,+0000.0000000000000000
+0000.4021234225066432,+0000.2592870372478402,+0000.1247849285055940,+0000.2138046117399222,+0000.0000000000000000
+0000.4098053215565494,+0000.2560521343356417,+0000.1187212394265154,+0000.2154213046812933,+0000.0000000000000000
+0000.4174264538801865,+0000.2528074796193427,+0000.1127626287458697,+0000.2170034377546007,+0000.0000000000000000
+0000.4249820713031358,+0000.2495541679564559,+0000.1069135120062656,+0000.2185502487341423,+0000.0000000000000000
+0000.4324674718666408,+0000.2462932900413040,+0000.1011782497354412,+0000.2200609883566136,+0000.0000000000000000
+0000.4398780025645594,+0000.2430259318925547,+0000.0955611447776948,+0000.2215349207651906,+0000.0000000000000000
+0000.4472090620495415,+0000.2397531743452161,+0000.0900664396576071,+0000.2229713239476351,+0000.0000000000000000
+0000.4544561033085710,+0000.2364760925473548,+0000.0846983139765816,+0000.2243694901674923,+0000.0000000000000000
+0000.4616146363035158,+0000.2331957554621106,+0000.0794608818455156,+0000.2257287263888575,+0000.0000000000000000
+0000.4686802305782911,+0000.2299132253745188,+0000.0743581893529798,+0000.2270483546942097,+0000.0000000000000000
+0000.4756485178292993,+0000.2266295574039961,+0000.0693942120717160,+0000.2283277126949883,+0000.0000000000000000
+0000.4825151944375228,+0000.2233457990229626,+0000.0645728526050418,+0000.2295661539344722,+0000.0000000000000000
+0000.4892760239620297,+0000.2200629895808159,+0000.0598979381735602,+0000.2307630482835938,+0000.0000000000000000
+0000.4959268395922824,+0000.2167821598352155,+0000.0553732182448747,+0000.2319177823276270,+0000.0000000000000000
+0000.5024635465585380,+0000.2135043314887730,+0000.0510023622065258,+0000.2330297597461629,+0000.0000000000000000
+0000.5088821244983515,+0000.2102305167336205,+0000.0467889570846598,+0000.2340984016833679,+0000.0000000000000000
+0000.5151786297787392,+0000.2069617178021940,+0000.0427365053086217,+0000.2351231471104445,+0000.0000000000000000
+0000.5213491977714282,+0000.2036989265259213,+0000.0388484225239303,+0000.2361034531787199,+0000.0000000000000000
+0000.5273900450805642,+0000.2004431239010683,+0000.0351280354542103,+0000.2370387955641567,+0000.0000000000000000
+0000.5332974717225804,+0000.1971952796624700,+0000.0315785798131592,+0000.2379286688017902,+0000.0000000000000000
+0000.5390678632544835,+0000.1939563518651221,+0000.0282031982687429,+0000.2387725866116512,+0000.0000000000000000
+0000.5446976928512618,+0000.1907272864744488,+0000.0250049384601912,+0000.2395700822140978,+0000.0000000000000000
+0000.5501835233318140,+0000.1875090169640432,+0000.0219867510683117,+0000.2403207086358308,+0000.0000000000000000
+0000.5555220091290823,+0000.1843024639232970,+0000.0191514879422065,+0000.2410240390054136,+0000.0000000000000000
+0000.5607098982073648,+0000.1811085346726035,+0000.0165019002811167,+0000.2416796668389146,+0000.0000000000000000
+0000.5657440339223608,+0000.1779281228884361,+0000.0140406368744221,+0000.2422872063147807,+0000.0000000000000000
+0000.5706213568245413,+0000.1747621082374785,+0000.0117702423998824,+0000.2428462925380974,+0000.0000000000000000
+0000.5753389064046257,+0000.1716113560196993,+0000.0096931557811521,+0000.2433565817945223,+0000.0000000000000000
+0000.5798938227795870,+0000.1684767168219609,+0000.0078117086061310,+0000.2438177517923205,+0000.0000000000000000
+0000.5842833483191794,+0000.1653590261803002,+0000.0061281236062438,+0000.2442295018942761,+0000.0000000000000000
+0000.5885048292108803,+0000.1622591042529429,+0000.0046445131984140,+0000.2445915533377624,+0000.0000000000000000
+0000.5925557169631344,+0000.1591777555032302,+0000.0033628780900943,+0000.2449036494435406,+0000.0000000000000000
+0000.5964335698462330,+0000.1561157683925237,+0000.0022851059482085,+0000.2451655558130344,+0000.0000000000000000
+0000.6001360542687080,+0000.1530739150840185,+0000.0014129701331638,+0000.2453770605141092,+0000.0000000000000000
+0000.6036609460906601,+0000.1500529511566084,+0000.0007481284981736,+0000.2455379742545574,+0000.0000000000000000
+0000.6070061318708468,+0000.1470536153298062,+0000.0002921222551347,+0000.2456481305442118,+0000.0000000000000000
+0000.6101696100483779,+0000.1440766291994744,+0000.0000463749074180,+0000.2457073858447290,+0000.0000000000000000
+0000.6131494920581220,+0000.1411226969841877,+0000.0000121912503050,+0000.2457156197073849,+0000.0000000000000000
+0000.6159440033785191,+0000.1381925052833047,+0000.0001907564397382,+0000.2456727348984375,+0000.0000000000000000
+0000.6185514845120520,+0000.1352867228453587,+0000.0005831351298852,+0000.2455786575127037,+0000.0000000000000000
+0000.6209703918974188,+0000.1324060003485968,+0000.0011902706801017,+0000.2454333370738821,+0000.0000000000000000
+0000.6231992987525926,+0000.1295509701925161,+0000.0020129844317179,+0000.2452367466231731,+0000.0000000000000000
+0000.6252368958490288,+0000.1267222463007000,+0000.0030519750552326,+0000.2449888827950382,+0000.0000000000000000
+0000.6270819922157062,+0000.1239204239359562,+0000.0043078179680122,+0000.2446897658803248,+0000.0000000000000000
+0000.6287335157737174,+0000.1211460795260168,+0000.0057809648234526,+0000.2443394398768127,+0000.0000000000000000
+0000.6301905138996428,+0000.1183997705018046,+0000.0074717430712671,+0000.2439379725272852,+0000.0000000000000000
+0000.6314521539187671,+0000.1156820351477277,+0000.0093803555893466,+0000.2434854553441581,+0000.0000000000000000
+0000.6325177235271177,+0000.1129933924624980,+0000.0115068803882398,+0000.2429820036221439,+0000.0000000000000000
+0000.6333866311419944,+0000.1103343420336182,+0000.0138512703867652,+0000.2424277564376216,+0000.0000000000000000
+0000.6340584061814407,+0000.1077053639221524,+0000.0164133532610375,+0000.2418228766353692,+0000.0000000000000000
+0000.6345326992718938,+0000.1051069185605937,+0000.0191928313651951,+0000.2411675508023169,+0000.0000000000000000
+0000.6348092823840422,+0000.1025394466626223,+0000.0221892817244726,+0000.2404619892288626,+0000.0000000000000000
+0000.6348880488973792,+0000.1000033691440620,+0000.0254021561019417,+0000.2397064258566167,+0000.0000000000000000
+0000.6347690135925719,+0000.0974990870572423,+0000.0288307811361164,+0000.2389011182140689,+0000.0000000000000000
+0000.6344523125722017,+0000.0950269815359753,+0000.0324743585527688,+0000.2380463473390535,+0000.0000000000000000
+0000.6339382031098714,+0000.0925874137536020,+0000.0363319654479939,+0000.2371424176885324,+0000.0000000000000000
+0000.6332270634279245,+0000.0901807248930881,+0000.0404025546433934,+0000.2361896570355935,+0000.0000000000000000
+0000.6323193924030955,+0000.0878072361280942,+0000.0446849551148091,+0000.2351884163540006,+0000.0000000000000000
+0000.6312158092020418,+0000.0854672486177093,+0000.0491778724907298,+0000.2341390696895184,+0000.0000000000000000
+0000.6299170528447078,+0000.0831610435115454,+0000.0538798896245633,+0000.2330420140191831,+0000.0000000000000000
+0000.6284239816976753,+0000.0808888819678461,+0000.0587894672366926,+0000.2318976690977853,+0000.0000000000000000
+0000.6267375728971987,+0000.0786510051834690,+0000.0639049446273462,+0000.2307064772919854,+0000.0000000000000000
+0000.6248589217014601,+0000.0764476344348465,+0000.0692245404619309,+0000.2294689034017619,+0000.0000000000000000
+0000.6227892407741099,+0000.0742789711320326,+0000.0747463536236574,+0000.2281854344701995,+0000.0000000000000000
+0000.6205298593978523,+0000.0721451968833192,+0000.0804683641388032,+0000.2268565795800247,+0000.0000000000000000
+0000.6180822226196395,+0000.0700464735722628,+0000.0863884341691582,+0000.2254828696389392,+0000.0000000000000000
+0000.6154478903280317,+0000.0679829434463712,+0000.0925043090729936,+0000.2240648571526028,+0000.0000000000000000
+0000.6126285362617245,+0000.0659547292164592,+0000.0988136185363236,+0000.2226031159854921,+0000.0000000000000000
+0000.6096259469527792,+0000.0639619341686993,+0000.1053138777682012,+0000.2210982411103199,+0000.0000000000000000
+0000.6064420206014332,+0000.0620046422866944,+0000.1120024887661743,+0000.2195508483456976,+0000.0000000000000000
+0000.6030787658868439,+0000.0600829183857511,+0000.1188767416455584,+0000.2179615740818460,+0000.0000000000000000
+0000.5995383007124505,+0000.0581968082581008,+0000.1259338160338041,+0000.2163310749956442,+0000.0000000000000000
+0000.5958228508858342,+0000.0563463388284343,+0000.1331707825320314,+0000.2146600277536996,+0000.0000000000000000
+0000.5919347487372774,+0000.0545315183214460,+0000.1405846042363392,+0000.2129491287049370,+0000.0000000000000000
+0000.5878764316734464,+0000.0527523364390109,+0000.1481721383259394,+0000.2111990935616026,+0000.0000000000000000
+0000.5836504406705740,+0000.0510087645486678,+0000.1559301377105456,+0000.2094106570702119,+0000.0000000000000000
+0000.5792594187073584,+0000.0493007558826768,+0000.1638552527387502,+0000.2075845726712141,+0000.0000000000000000
+0000.5747061091356375,+0000.0476282457465857,+0000.1719440329693069,+0000.2057216121484695,+0000.0000000000000000
+0000.5699933539950311,+0000.0459911517390680,+0000.1801929289971080,+0000.2038225652687922,+0000.0000000000000000
+0000.5651240922668170,+0000.0443893739807383,+0000.1885982943416332,+0000.2018882394108111,+0000.0000000000000000
+0000.5601013580727613,+0000.0428227953535068,+0000.1971563873893860,+0000.1999194591843453,+0000.0000000000000000
+0000.5549282788179707,+0000.0412912817495293,+0000.2058633733920289,+0000.1979170660404709,+0000.0000000000000000
+0000.5496080732773688,+0000.0397946823291485,+0000.2147153265225636,+0000.1958819178709185,+0000.0000000000000000
+0000.5441440496312351,+0000.0383328297889687,+0000.2237082319801239,+0000.1938148885996720,+0000.0000000000000000
+0000.5385396034453440,+0000.0369055406381998,+0000.2328379881520628,+0000.1917168677643928,+0000.0000000000000000
+0000.5327982156019471,+0000.0355126154845372,+0000.2421004088238960,+0000.1895887600896191,+0000.0000000000000000
+0000.5269234501808790,+0000.0341538393287629,+0000.2514912254390325,+0000.1874314850513252,+0000.0000000000000000
+0000.5209189522893237,+0000.0328289818672863,+0000.2610060894105229,+0000.1852459764328665,+0000.0000000000000000
+0000.5147884458481055,+0000.0315377978039304,+0000.2706405744749550,+0000.1830331818730085,+0000.0000000000000000
+0000.5085357313277904,+0000.0302800271689245,+0000.2803901790974382,+0000.1807940624058466,+0000.0000000000000000
+0000.5021646834425916,+0000.0290553956463826,+0000.2902503289176809,+0000.1785295919933445,+0000.0000000000000000
+0000.4956792488008669,+0000.0278636149094233,+0000.3002163792391417,+0000.1762407570505677,+0000.0000000000000000
+0000.4890834435110242,+0000.0267043829622635,+0000.3102836175636348,+0000.1739285559630771,+0000.0000000000000000
+0000.4823813507504457,+0000.0255773844902121,+0000.3204472661606188,+0000.1715939985987228,+0000.0000000000000000
+0000.4755771182917517,+0000.0244822912160178,+0000.3307024846810143,+0000.1692381058112157,+0000.0000000000000000
+0000.4686749559935003,+0000.0234187622633527,+0000.3410443728045114,+0000.1668619089386350,+0000.0000000000000000
+0000.4616791332549355,+0000.0223864445268161,+0000.3514679729226946,+0000.1644664492955533,+0000.0000000000000000
+0000.4545939764331773,+0000.0213849730477683,+0000.3619682728603184,+0000.1620527776587354,+0000.0000000000000000
+0000.4474238662314081,+0000.0204139713968039,+0000.3725402086235121,+0000.1596219537482754,+0000.0000000000000000
+0000.4401732350509900,+0000.0194730520613286,+0000.3831786671849224,+0000.1571750457027585,+0000.0000000000000000
+0000.4328465643167098,+0000.0185618168391122,+0000.3938784892946438,+0000.1547131295495340,+0000.0000000000000000
+0000.4254483817731315,+0000.0176798572369877,+0000.4046344723189395,+0000.1522372886709409,+0000.0000000000000000
+0000.4179832587513247,+0000.0168267548742045,+0000.4154413731093570,+0000.1497486132651134,+0000.0000000000000000
+0000.4104558074146284,+0000.0160020818910202,+0000.4262939108905140,+0000.1472481998038369,+0000.0000000000000000
+0000.4028706779763805,+0000.0152054013612163,+0000.4371867701769507,+0000.1447371504854520,+0000.0000000000000000
+0000.3952325558983504,+0000.0144362677091088,+0000.4481146037072632,+0000.1422165726852769,+0000.0000000000000000
+0000.3875461590692454,+0000.0136942271304965,+0000.4590720353980151,+0000.1396875784022427,+0000.0000000000000000
+0000.3798162349610690,+0000.0129788180168777,+0000.4700536633195905,+0000.1371512837024623,+0000.0000000000000000
+0000.3720475577732010,+0000.0122895713834985,+0000.4810540626822721,+0000.1346088081610282,+0000.0000000000000000
+0000.3642449255565375,+0000.0116260113000254,+0000.4920677888429983,+0000.1320612743004382,+0000.0000000000000000
+0000.3564131573270688,+0000.0109876553243101,+0000.5030893803208920,+0000.1295098070277288,+0000.0000000000000000
+0000.3485570901673448,+0000.0103740149386253,+0000.5141133618238236,+0000.1269555330702059,+0000.0000000000000000
+0000.3406815763153220,+0000.0097845959879498,+0000.5251342472881821,+0000.1243995804085457,+0000.0000000000000000
+0000.3327914802470869,+0000.0092188991203896,+0000.5361465429224459,+0000.1218430777100773,+0000.0000000000000000
+0000.3248916757529955,+0000.0086764202292665,+0000.5471447502567095,+0000.1192871537610281,+0000.0000000000000000
+0000.3169870430056145,+0000.0081566508963592,+0000.5581233692004273,+0000.1167329368975986,+0000.0000000000000000
+0000.3090824656290153,+0000.0076590788365711,+0000.5690769010964019,+0000.1141815544380115,+0000.0000000000000000
+0000.3011828277616372,+0000.0071831883430622,+0000.5799998517814726,+0000.1116341321138277,+0000.0000000000000000
+0000.2932930111227472,+0000.0067284607331531,+0000.5908867346421025,+0000.1090917935019969,+0000.0000000000000000
+0000.2854178920803939,+0000.0062943747944098,+0000.6017320736669669,+0000.1065556594582292,+0000.0000000000000000
+0000.2775623387200482,+0000.0058804072305169,+0000.6125304064990088,+0000.1040268475504259,+0000.0000000000000000
+0000.2697312079231584,+0000.0054860331070749,+0000.6232762874750205,+0000.1015064714947459,+0000.0000000000000000
+0000.2619293424481625,+0000.0051107262965179,+0000.6339642906631432,+0000.0989956405921762,+0000.0000000000000000
+0000.2541615680231842,+0000.0047539599222798,+0000.6445890128863763,+0000.0964954591681593,+0000.0000000000000000
+0000.2464326904495217,+0000.0044152068017835,+0000.6551450767346322,+0000.0940070260140623,+0000.0000000000000000
+0000.2387474927139638,+0000.0040939398877872,+0000.6656271335672368,+0000.0915314338310118,+0000.0000000000000000
+0000.2311107321197067,+0000.0037896327081951,+0000.6760298664945097,+0000.0890697686775885,+0000.0000000000000000
+0000.2235271374282975,+0000.0035017598036256,+0000.6863479933484099,+0000.0866231094196668,+0000.0000000000000000
+0000.2160014060218974,+0000.0032297971627998,+0000.6965762696307679,+0000.0841925271845346,+0000.0000000000000000
+0000.2085382010842967,+0000.0029732226553114,+0000.7067094914413046,+0000.0817790848190870,+0000.0000000000000000
+0000.2011421487999183,+0000.0027315164614435,+0000.7167424983876799,+0000.0793838363509581,+0000.0000000000000000
+0000.1938178355791534,+0000.0025041614989788,+0000.7266701764661774,+0000.0770078264556903,+0000.0000000000000000
+0000.1865698053033873,+0000.0022906438464510,+0000.7364874609228785,+0000.0746520899272829,+0000.0000000000000000
+0000.1794025565984188,+0000.0020904531628125,+0000.7461893390841985,+0000.0723176511545699,+0000.0000000000000000
+0000.1723205401349756,+0000.0019030831031421,+0000.7557708531590197,+0000.0700055236028624,+0000.0000000000000000
+0000.1653281559550411,+0000.0017280317300518,+0000.7652271030142348,+0000.0677167093006720,+0000.0000000000000000
+0000.1584297508328993,+0000.0015648019207497,+0000.7745532489133582,+0000.0654521983329926,+0000.0000000000000000
+0000.1516296156636326,+0000.0014129017692391,+0000.7837445142270532,+0000.0632129683400750,+0000.0000000000000000
+0000.1449319828878964,+0000.0012718449836106,+0000.7927961881053393,+0000.0609999840231536,+0000.0000000000000000
+0000.1383410239515025,+0000.0011411512780811,+0000.8017036281135063,+0000.0588141966569100,+0000.0000000000000000
+0000.1318608467988508,+0000.0010203467594886,+0000.8104622628334783,+0000.0566565436081818,+0000.0000000000000000
+0000.1254954934079915,+0000.0009089643081274,+0000.8190675944207428,+0000.0545279478631382,+0000.0000000000000000
+0000.1192489373614325,+0000.0008065439525378,+0000.8275152011254827,+0000.0524293175605470,+0000.0000000000000000
+0000.1131250814600294,+0000.0007126332381216,+0000.8358007397679855,+0000.0503615455338632,+0000.0000000000000000
+0000.1071277553790858,+0000.0006267875893079,+0000.8439199481704860,+0000.0483255088611203,+0000.0000000000000000
+0000.1012607133656372,+0000.0005485706650028,+0000.8518686475468967,+0000.0463220684224630,+0000.0000000000000000
+0000.0955276319841896,+0000.0004775547071905,+0000.8596427448415005,+0000.0443520684671192,+0000.0000000000000000
+0000.0899321079051250,+0000.0004133208823551,+0000.8672382350242129,+0000.0424163361883069,+0000.0000000000000000
+0000.0844776557431764,+0000.0003554596156025,+0000.8746512033338018,+0000.0405156813074190,+0000.0000000000000000
+0000.0791677059444233,+0000.0003035709172170,+0000.8818778274706383,+0000.0386508956677215,+0000.0000000000000000
+0000.0740056027213758,+0000.0002572647014406,+0000.8889143797404808,+0000.0368227528367026,+0000.0000000000000000
+0000.0689946020424457,+0000.0002161610973231,+0000.8957572291412410,+0000.0350320077189902,+0000.0000000000000000
+0000.0641378696708353,+0000.0001798907513824,+0000.9024028433995799,+0000.0332793961782022,+0000.0000000000000000
+0000.0594384792590204,+0000.0001480951219334,+0000.9088477909494570,+0000.0315656346695892,+0000.0000000000000000
+0000.0548994104980438,+0000.0001204267648801,+0000.9150887428544550,+0000.0298914198826210,+0000.0000000000000000
+0000.0505235473207032,+0000.0000965496107733,+0000.9211224746747430,+0000.0282574283937804,+0000.0000000000000000
+0000.0463136761643992,+0000.0000761392329948,+0000.9269458682719464,+0000.0266643163306595,+0000.0000000000000000
+0000.0422724842892818,+0000.0000588831068594,+0000.9325559135577435,+0000.0251127190461153,+0000.0000000000000000
+0000.0384025581570764,+0000.0000444808595007,+0000.9379497101794865,+0000.0236032508039364,+0000.0000000000000000
+0000.0347063818696051,+0000.0000326445103645,+0000.9431244691442460,+0000.0221365044757843,+0000.0000000000000000
+0000.0311863356667856,+0000.0000230987021601,+0000.9480775143822990,+0000.0207130512487551,+0000.0000000000000000
+0000.0278446944883665,+0000.0000155809221289,+0000.9528062842441045,+0000.0193334403454001,+0000.0000000000000000
+0000.0246836265961463,+0000.0000098417134807,+0000.9573083329357971,+0000.0179981987545759,+0000.0000000000000000
+0000.0217051922609450,+0000.0000056448768698,+0000.9615813318876011,+0000.0167078309745841,+0000.0000000000000000
+0000.0189113425135856,+0000.0000027676617802,+0000.9656230710564291,+0000.0154628187682054,+0000.0000000000000000
+0000.0163039179595876,+0000.0000010009476949,+0000.9694314601632185,+0000.0142636209294989,+0000.0000000000000000
+0000.0138846476611790,+0000.0000001494149395,+0000.9730045298606755,+0000.0131106730632061,+0000.0000000000000000
+0000.0116551480838468,+0000.0000000317050843,+0000.9763404328349889,+0000.0120043873760798,+0000.0000000000000000
+0000.0096169221108485,+0000.0000004805708069,+0000.9794374448374080,+0000.0109451524809362,+0000.0000000000000000
+0000.0077713581250164,+0000.0000013430151168,+0000.9822939656466307,+0000.0099333332132362,+0000.0000000000000000
+0000.0061197291578037,+0000.0000024804198522,+0000.9849085199623898,+0000.0089692704599543,+0000.0000000000000000
+0000.0046631921078956,+0000.0000037686633675,+0000.9872797582269931,+0000.0080532810017436,+0000.0000000000000000
+0000.0034027870277783,+0000.0000050982273336,+0000.9894064573776129,+0000.0071856573672752,+0000.0000000000000000
+0000.0023394364803162,+0000.0000063742925825,+0000.9912875215261611,+0000.0063666677009401,+0000.0000000000000000
+0000.0014739449649710,+0000.0000075168239331,+0000.9929219825676949,+0000.0055965556434008,+0000.0000000000000000
+0000.0008069984137495,+0000.0000084606439435,+0000.9943090007173810,+0000.0048755402249260,+0000.0000000000000000
+0000.0003391637580829,+0000.0000091554955387,+0000.9954478649742111,+0000.0042038157721670,+0000.0000000000000000
+0000.0000708885658832,+0000.0000095660934743,+0000.9963379935128962,+0000.0035815518277463,+0000.0000000000000000
+0000.0000025007497969,+0000.0000096721645986,+0000.9969789340024598,+0000.0030088930831443,+0000.0000000000000000
+0000.0001342083463480,+0000.0000094684768878,+0000.9973703638518994,+0000.0024859593248648,+0000.0000000000000000
+0000.0004660993662978,+0000.0000089648572302,+0000.9975120903828790,+0000.0020128453935930,+0000.0000000000000000
+0000.0009981417162322,+0000.0000081861979483,+0000.9974040509289512,+0000.0015896211568681,+0000.0000000000000000
+0000.0017301831915808,+0000.0000071724520490,+0000.9970463128616136,+0000.0012163314947565,+0000.0000000000000000
+0000.0026619515409048,+0000.0000059786172040,+0000.9964390735429155,+0000.0008929962989754,+0000.0000000000000000
+0000.0037930546013185,+0000.0000046747084656,+0000.9955826602050357,+0000.0006196104851802,+0000.0000000000000000
+0000.0051229805055708,+0000.0000033457197334,+0000.9944775297562318,+0000.0003961440184637,+0000.0000000000000000
+0000.0066510979595990,+0000.0000020915739918,+0000.9931242685142228,+0000.0002225419521863,+0000.0000000000000000
+0000.0083766565917222,+0000.0000010270623461,+0000.9915235918660454,+0000.0000987244798863,+0000.0000000000000000
+0000.0102987873721116,+0000.0000002817718931,+0000.9896763438555573,+0000.0000245870004383,+0000.0000000000000000
+0000.0124165031026592,+0000.0000000000024675,+0000.9875834966985623,+0000.0000000001963113,+0000.0000000000000000
+0000.0147286989778007,+0000.0000003406723125,+0000.9852461502250057,+0000.0000248101248809,+0000.0000000000000000
+0000.0172341532140984,+0000.0000014772127304,+0000.9826655312503767,+0000.0000988383227946,+0000.0000000000000000
+0000.0199315277505880,+0000.0000035974517771,+0000.9798429928743504,+0000.0002218819232847,+0000.0000000000000000
+0000.0228193690174085,+0000.0000069034870677,+0000.9767800137091475,+0000.0003937137863760,+0000.0000000000000000
+0000.0258961087729629,+0000.0000116115477707,+0000.9734781970373840,+0000.0006140826418822,+0000.0000000000000000
+0000.0291600650104897,+0000.0000179518458740,+0000.9699392698984579,+0000.0008827132451786,+0000.0000000000000000
+0000.0326094429304318,+0000.0000261684168107,+0000.9661650821072071,+0000.0011993065455504,+0000.0000000000000000
+0000.0362423359818237,+0000.0000365189495438,+0000.9621576052014731,+0000.0015635398671593,+0000.0000000000000000
+0000.0400567269688943,+0000.0000492746062094,+0000.9579189313225092,+0000.0019750671023868,+0000.0000000000000000
+0000.0440504892233905,+0000.0000647198314284,+0000.9534512720277120,+0000.0024335189174687,+0000.0000000000000000
+0000.0482213878435688,+0000.0000831521514079,+0000.9487569570345361,+0000.0029385029704872,+0000.0000000000000000
+0000.0525670809953947,+0000.0001048819629420,+0000.9438384329004800,+0000.0034896041411832,+0000.0000000000000000
+0000.0570851212796257,+0000.0001302323124582,+0000.9386982616348887,+0000.0040863847730274,+0000.0000000000000000
+0000.0617729571603323,+0000.0001595386652287,+0000.9333391192475747,+0000.0047283849268640,+0000.0000000000000000
+0000.0666279344552640,+0000.0001931486648900,+0000.9277637942336154,+0000.0054151226462306,+0000.0000000000000000
+0000.0716472978892588,+0000.0002314218834341,+0000.9219751859929111,+0000.0061460942343958,+0000.0000000000000000
+0000.0768281927050897,+0000.0002747295617935,+0000.9159763031906789,+0000.0069207745424377,+0000.0000000000000000
+0000.0821676663365719,+0000.0003234543412155,+0000.9097702620534325,+0000.0077386172687799,+0000.0000000000000000
+0000.0876626701379139,+0000.0003779899855608,+0000.9033602846068771,+0000.0085990552696478,+0000.0000000000000000
+0000.0933100611704588,+0000.0004387410947034,+0000.8967496968546255,+0000.0095015008802123,+0000.0000000000000000
+0000.0991066040477887,+0000.0005061228092341,+0000.8899419268962423,+0000.0104453462467347,+0000.0000000000000000
+0000.1050489728327743,+0000.0005805605065960,+0000.8829405029918879,+0000.0114299636687418,+0000.0000000000000000
+0000.1111337529920043,+0000.0006624894889048,+0000.8757490515671636,+0000.0124547059519270,+0000.0000000000000000
+0000.1173574434010498,+0000.0007523546625885,+0000.8683712951656182,+0000.0135189067707432,+0000.0000000000000000
+0000.1237164584011713,+0000.0008506102100647,+0000.8608110503477496,+0000.0146218810410143,+0000.0000000000000000
+0000.1302071299092621,+0000.0009577192536940,+0000.8530722255346700,+0000.0157629253023736,+0000.0000000000000000
+0000.1368257095733185,+0000.0010741535121314,+0000.8451588188048437,+0000.0169413181097062,+0000.0000000000000000
+0000.1435683709797237,+0000.0012003929493970,+0000.8370749156365586,+0000.0181563204343206,+0000.0000000000000000
+0000.1504312119047806,+0000.0013369254167890,+0000.8288246866046530,+0000.0194071760737772,+0000.0000000000000000
+0000.1574102566117301,+0000.0014842462878903,+0000.8204123850300375,+0000.0206931120703418,+0000.0000000000000000
+0000.1645014581943178,+0000.0016428580869580,+0000.8118423445801399,+0000.0220133391385841,+0000.0000000000000000
+0000.1717007009592836,+0000.0018132701107883,+0000.8031189768294975,+0000.0233670521004303,+0000.0000000000000000
+0000.1790038028541485,+0000.0019959980444576,+0000.7942467687724225,+0000.0247534303289714,+0000.0000000000000000
+0000.1864065179321976,+0000.0021915635710388,+0000.7852302802971403,+0000.0261716381996230,+0000.0000000000000000
+0000.1939045388558171,+0000.0024004939755819,+0000.7760741416197789,+0000.0276208255488219,+0000.0000000000000000
+0000.2014934994398799,+0000.0026233217436884,+0000.7667830506761202,+0000.0291001281403114,+0000.0000000000000000
+0000.2091689772259709,+0000.0028605841547421,+0000.7573617704812671,+0000.0306086681380195,+0000.0000000000000000
+0000.2169264960952891,+0000.0031128228702779,+0000.7478151264483313,+0000.0321455545861015,+0000.0000000000000000
+0000.2247615289109223,+0000.0033805835175512,+0000.7381480036764018,+0000.0337098838951244,+0000.0000000000000000
+0000.2326695001909649,+0000.0036644152686339,+0000.7283653442059626,+0000.0353007403344383,+0000.0000000000000000
+0000.2406457888142071,+0000.0039648704154136,+0000.7184721442395673,+0000.0369171965308119,+0000.0000000000000000
+0000.2486857307486361,+0000.0042825039405039,+0000.7084734513385950,+0000.0385583139722650,+0000.0000000000000000
+0000.2567846218110411,+0000.0046178730846480,+0000.6983743615866013,+0000.0402231435177094,+0000.0000000000000000
+0000.2649377204478877,+0000.0049715369106193,+0000.6881800167301836,+0000.0419107259113090,+0000.0000000000000000
+0000.2731402505390712,+0000.0053440558639860,+0000.6778956012953616,+0000.0436200923015811,+0000.0000000000000000
+0000.2813874042261187,+0000.0057359913311657,+0000.6675263396771978,+0000.0453502647655176,+0000.0000000000000000
+0000.2896743447551371,+0000.0061479051947020,+0000.6570774932140138,+0000.0471002568361471,+0000.0000000000000000
+0000.2979962093426738,+0000.0065803593864607,+0000.6465543572362425,+0000.0488690740346226,+0000.0000000000000000
+0000.3063481120542371,+0000.0070339154386754,+0000.6359622581013586,+0000.0506557144057286,+0000.0000000000000000
+0000.3147251466976845,+0000.0075091340332469,+0000.6253065502127293,+0000.0524591690563391,+0000.0000000000000000
+0000.3231223897325545,+0000.0080065745497740,+0000.6145926130200652,+0000.0542784226976060,+0000.0000000000000000
+0000.3315349031856074,+0000.0085267946121586,+0000.6038258480132114,+0000.0561124541890224,+0000.0000000000000000
+0000.3399577375809023,+0000.0090703496346064,+0000.5930116756989640,+0000.0579602370855269,+0000.0000000000000000
+0000.3483859348739010,+0000.0096377923668591,+0000.5821555325727162,+0000.0598207401865234,+0000.0000000000000000
+0000.3568145313919094,+0000.0102296724391074,+0000.5712628680826788,+0000.0616929280863041,+0000.0000000000000000
+0000.3652385607818867,+0000.0108465359071106,+0000.5603391415842933,+0000.0635757617267089,+0000.0000000000000000
+0000.3736530569558331,+0000.0114889247972605,+0000.5493898192968389,+0000.0654681989500671,+0000.0000000000000000
+0000.3820530570419194,+0000.0121573766525450,+0000.5384203712516781,+0000.0673691950538569,+0000.0000000000000000
+0000.3904336043313065,+0000.0128524240791381,+0000.5274362682441618,+0000.0692777033453932,+0000.0000000000000000
+0000.3987897512224825,+0000.0135745942941102,+0000.5164429787868579,+0000.0711926756965491,+0000.0000000000000000
+0000.4071165621640588,+0000.0143244086748330,+0000.5054459660616942,+0000.0731130630994137,+0000.0000000000000000
+0000.4154091165868851,+0000.0151023823096944,+0000.4944506848831221,+0000.0750378162202980,+0000.0000000000000000
+0000.4236625118330052,+0000.0159090235512274,+0000.4834625786616305,+0000.0769658859541367,+0000.0000000000000000
+0000.4318718660717185,+0000.0167448335712471,+0000.4724870763797003,+0000.0788962239773339,+0000.0000000000000000
+0000.4400323212045603,+0000.0176103059185413,+0000.4615295895778019,+0000.0808277832990962,+0000.0000000000000000
+0000.4481390457600474,+0000.0185059260797333,+0000.4505955093480276,+0000.0827595188121913,+0000.0000000000000000
+0000.4561872377692777,+0000.0194321710427984,+0000.4396902033474199,+0000.0846903878405034,+0000.0000000000000000
+0000.4641721276297116,+0000.0203895088644902,+0000.4288190128203333,+0000.0866193506854645,+0000.0000000000000000
+0000.4720889809476594,+0000.0213783982411307,+0000.4179872496418409,+0000.0885453711693685,+0000.0000000000000000
+0000.4799331013610193,+0000.0223992880833507,+0000.4072001933797431,+0000.0904674171758867,+0000.0000000000000000
+0000.4876998333436356,+0000.0234526170954575,+0000.3964630883728155,+0000.0923844611880910,+0000.0000000000000000
+0000.4953845649821045,+0000.0245388133587509,+0000.3857811408371458,+0000.0942954808219985,+0000.0000000000000000
+0000.5029827307320259,+0000.0256582939202046,+0000.3751595159900211,+0000.0961994593577479,+0000.0000000000000000
+0000.5104898141452474,+0000.0268114643858224,+0000.3646033352031784,+0000.0980953862657515,+0000.0000000000000000
+0000.5179013505689537,+0000.0279987185192867,+0000.3541176731829326,+0000.0999822577288265,+0000.0000000000000000
+0000.5252129298181560,+0000.0292204378466384,+0000.3437075551748929,+0000.1018590771603121,+0000.0000000000000000
+0000.5324201988128271,+0000.0304769912661320,+0000.3333779542047581,+0000.1037248557162822,+0000.0000000000000000
+0000.5395188641862707,+0000.0317687346648606,+0000.3231337883449164,+0000.1055786128039521,+0000.0000000000000000
+0000.5465046948567847,+0000.0330960105412870,+0000.3129799180182865,+0000.1074193765836415,+0000.0000000000000000
+0000.5533735245633969,+0000.0344591476343446,+0000.3029211433369264,+0000.1092461844653316,+0000.0000000000000000
+0000.5601212543671638,+0000.0358584605598975,+0000.2929622014732005,+0000.1110580835997377,+0000.0000000000000000
+0000.5667438551095797,+0000.0372942494535157,+0000.2831077640744942,+0000.1128541313624101,+0000.0000000000000000
+0000.5732373698348651,+0000.0387667996213556,+0000.2733624347116060,+0000.1146333958321729,+0000.0000000000000000
+0000.5795979161681417,+0000.0402763811980852,+0000.2637307463717159,+0000.1163949562620566,+0000.0000000000000000
+0000.5858216886501687,+0000.0418232488125512,+0000.2542171589934822,+0000.1181379035437975,+0000.0000000000000000
+0000.5919049610307059,+0000.0434076412620613,+0000.2448260570422016,+0000.1198613406650307,+0000.0000000000000000
+0000.5978440885120687,+0000.0450297811940118,+0000.2355617471353569,+0000.1215643831585621,+0000.0000000000000000
+0000.6036355099493407,+0000.0466898747968533,+0000.2264284557091912,+0000.1232461595446144,+0000.0000000000000000
+0000.6092757499999488,+0000.0483881114991334,+0000.2174303267365559,+0000.1249058117643614,+0000.0000000000000000
+0000.6147614212231547,+0000.0501246636773547,+0000.2085714194936460,+0000.1265424956058441,+0000.0000000000000000
+0000.6200892261314115,+0000.0518996863735809,+0000.1998557063736821,+0000.1281553811213248,+0000.0000000000000000
+0000.6252559591859455,+0000.0537133170213065,+0000.1912870707571106,+0000.1297436530356370,+0000.0000000000000000
+0000.6302585087424153,+0000.0555656751817824,+0000.1828693049295612,+0000.1313065111462407,+0000.0000000000000000
+0000.6350938589398788,+0000.0574568622893138,+0000.1746061080570261,+0000.1328431707137808,+0000.0000000000000000
+0000.6397590915342275,+0000.0593869614063458,+0000.1665010842159890,+0000.1343528628434374,+0000.0000000000000000
+0000.6442513876771665,+0000.0613560369892922,+0000.1585577404766736,+0000.1358348348568671,+0000.0000000000000000
+0000.6485680296339945,+0000.0633641346633930,+0000.1507794850481220,+0000.1372883506544900,+0000.0000000000000000
+0000.6527064024460298,+0000.0654112810090424,+0000.1431696254770632,+0000.1387126910678639,+0000.0000000000000000
+0000.6566639955311072,+0000.0674974833578405,+0000.1357313669091241,+0000.1401071542019275,+0000.0000000000000000
+0000.6604384042234875,+0000.0696227295992479,+0000.1284678104102330,+0000.1414710557670308,+0000.0000000000000000
+0000.6640273312540452,+0000.0717869879988480,+0000.1213819513465409,+0000.1428037294005653,+0000.0000000000000000
+0000.6674285881649706,+0000.0739902070262701,+0000.1144766778306052,+0000.1441045269781533,+0000.0000000000000000
+0000.6706400966640380,+0000.0762323151954294,+0000.1077547692265770,+0000.1453728189139551,+0000.0000000000000000
+0000.6736598899128550,+0000.0785132209151015,+0000.1012188947219615,+0000.1466079944500813,+0000.0000000000000000
+0000.6764861137503614,+0000.0808328123507677,+0000.0948716119639379,+0000.1478094619349322,+0000.0000000000000000
+0000.6791170278519311,+0000.0831909572987527,+0000.0887153657587135,+0000.1489766490906023,+0000.0000000000000000
+0000.6815510068201432,+0000.0855875030705417,+0000.0827524868406497,+0000.1501090032686649,+0000.0000000000000000
+0000.6837865412106511,+0000.0880222763900779,+0000.0769851907047079,+0000.1512059916945624,+0000.0000000000000000
+0000.6858222384886289,+0000.0904950833018205,+0000.0714155765087370,+0000.1522671017008131,+0000.0000000000000000
+0000.6876568239176779,+0000.0930057090906185,+0000.0660456260437553,+0000.1532918409479479,+0000.0000000000000000
+0000.6892891413806017,+0000.0955539182143919,+0000.0608772027708588,+0000.1542797376341468,+0000.0000000000000000
+0000.6907181541295699,+0000.0981394542473146,+0000.0559120509303883,+0000.1552303406927266,+0000.0000000000000000
+0000.6919429454681160,+0000.1007620398364922,+0000.0511517947178075,+0000.1561432199775838,+0000.0000000000000000
+0000.6929627193615974,+0000.1034213766696782,+0000.0465979375316914,+0000.1570179664370326,+0000.0000000000000000
+0000.6937768009778235,+0000.1061171454551443,+0000.0422518612921380,+0000.1578541922748936,+0000.0000000000000000
+0000.6943846371570782,+0000.1088490059147189,+0000.0381148258284231,+0000.1586515310997794,+0000.0000000000000000
+0000.6947857968102712,+0000.1116165967874829,+0000.0341879683403675,+0000.1594096380618778,+0000.0000000000000000
+0000.6949799712463991,+0000.1144195358472624,+0000.0304723029288075,+0000.1601281899775305,+0000.0000000000000000
+0000.6949669744278645,+0000.1172574199313260,+0000.0269687201994220,+0000.1608068854413872,+0000.0000000000000000
+0000.6947467431544301,+0000.1201298249813662,+0000.0236779869383763,+0000.1614454449258267,+0000.0000000000000000
+0000.6943193371748417,+0000.1230363060977922,+0000.0206007458587988,+0000.1620436108685668,+0000.0000000000000000
+0000.6936849392268081,+0000.1259763976047213,+0000.0177375154213818,+0000.1626011477470883,+0000.0000000000000000
+0000.6928438550047926,+0000.1289496131288792,+0000.0150886897254527,+0000.1631178421408749,+0000.0000000000000000
+0000.6917965130556764,+0000.1319554456896515,+0000.0126545384735805,+0000.1635935027810911,+0000.0000000000000000
+0000.6905434646028352,+0000.1349933678013962,+0000.0104352070083543,+0000.1640279605874138,+0000.0000000000000000
+0000.6890853832974841,+0000.1380628315890611,+0000.0084307164205531,+0000.1644210686929010,+0000.0000000000000000
+0000.6874230648991677,+0000.1411632689143115,+0000.0066409637307717,+0000.1647727024557485,+0000.0000000000000000
+0000.6855574268838807,+0000.1442940915155238,+0000.0050657221418540,+0000.1650827594587412,+0000.0000000000000000
+0000.6834895079811296,+0000.1474546911587030,+0000.0037046413639780,+0000.1653511594961888,+0000.0000000000000000
+0000.6812204676399604,+0000.1506444398004149,+0000.0025572480112182,+0000.1655778445484060,+0000.0000000000000000
+0000.6787515854234002,+0000.1538626897639131,+0000.0016229460690112,+0000.1657627787436749,+0000.0000000000000000
+0000.6760842603335911,+0000.1571087739253745,+0000.0009010174333586,+0000.1659059483076753,+0000.0000000000000000
+0000.6732200100651675,+0000.1603820059137193,+0000.0003906225201218,+0000.1660073615009911,+0000.0000000000000000
+0000.6701604701901057,+0000.1636816803210346,+0000.0000908009450473,+0000.1660670485438118,+0000.0000000000000000
+0000.6669073932731332,+0000.1670070729245821,+0000.0000004722735374,+0000.1660850615287469,+0000.0000000000000000
+0000.6634626479173044,+0000.1703574409216456,+0000.0001184368397856,+0000.1660614743212640,+0000.0000000000000000
+0000.6598282177431039,+0000.1737320231739545,+0000.0004433766349106,+0000.1659963824480306,+0000.0000000000000000
+0000.6560062002977195,+0000.1771300404652740,+0000.0009738562634376,+0000.1658899029735684,+0000.0000000000000000
+0000.6519988058988350,+0000.1805506957690337,+0000.0017083239675631,+0000.1657421743645678,+0000.0000000000000000
+0000.6478083564118557,+0000.1839931745269789,+0000.0026451127184251,+0000.1655533563427398,+0000.0000000000000000
+0000.6434372839600802,+0000.1874566449401325,+0000.0037824413741804,+0000.1653236297256065,+0000.0000000000000000
+0000.6388881295719328,+0000.1909402582685815,+0000.0051184159033608,+0000.1650531962561246,+0000.0000000000000000
+0000.6341635417617921,+0000.1944431491439411,+0000.0066510306738163,+0000.1647422784204499,+0000.0000000000000000
+0000.6292662750490763,+0000.1979644358910755,+0000.0083781698055244,+0000.1643911192543234,+0000.0000000000000000
+0000.6241991884143478,+0000.2015032208600473,+0000.0102976085867015,+0000.1639999821389029,+0000.0000000000000000
+0000.6189652436925391,+0000.2050585907697839,+0000.0124070149531707,+0000.1635691505845058,+0000.0000000000000000
+0000.6135675039077021,+0000.2086296170596548,+0000.0147039510283665,+0000.1630989280042759,+0000.0000000000000000
+0000.6080091315453159,+0000.2122153562529857,+0000.0171858747251966,+0000.1625896374765015,+0000.0000000000000000
+0000.6022933867677630,+0000.2158148503289449,+0000.0198501414069388,+0000.1620416214963527,+0000.0000000000000000
+0000.5964236255715986,+0000.2194271271037742,+0000.0226940056068162,+0000.1614552417178105,+0000.0000000000000000
+0000.5904032978865514,+0000.2230512006228737,+0000.0257146228063544,+0000.1608308786842199,+0000.0000000000000000
+0000.5842359456216382,+0000.2266860715598077,+0000.0289090512688689,+0000.1601689315496849,+0000.0000000000000000
+0000.5779252006537040,+0000.2303307276263444,+0000.0322742539301653,+0000.1594698177897857,+0000.0000000000000000
+0000.5714747827646356,+0000.2339841439897744,+0000.0358071003426131,+0000.1587339729029765,+0000.0000000000000000
+0000.5648884975264227,+0000.2376452836986792,+0000.0395043686724020,+0000.1579618501024957,+0000.0000000000000000
+0000.5581702341331847,+0000.2413130981184743,+0000.0433627477502545,+0000.1571539199980863,+0000.0000000000000000
+0000.5513239631864145,+0000.2449865273726686,+0000.0473788391709964,+0000.1563106702699200,+0000.0000000000000000
+0000.5443537344287656,+0000.2486645007942425,+0000.0515491594448285,+0000.1554326053321631,+0000.0000000000000000
+0000.5372636744327615,+0000.2523459373830749,+0000.0558701421955546,+0000.1545202459886087,+0000.0000000000000000
+0000.5300579842437751,+0000.2560297462706917,+0000.0603381404057403,+0000.1535741290797925,+0000.0000000000000000
+0000.5227409369762379,+0000.2597148271936347,+0000.0649494287092098,+0000.1525948071209171,+0000.0000000000000000
+0000.5153168753701043,+0000.2634000709713163,+0000.0697002057254311,+0000.1515828479331478,+0000.0000000000000000
+0000.5077902093022747,+0000.2670843599928083,+0000.0745865964393429,+0000.1505388342655737,+0000.0000000000000000
+0000.5001654132601149,+0000.2707665687084174,+0000.0796046546210441,+0000.1494633634104231,+0000.0000000000000000
+0000.4924470237763204,+0000.2744455641273444,+0000.0847503652854849,+0000.1483570468108499,+0000.0000000000000000
+0000.4846396368237459,+0000.2781202063225955,+0000.0900196471927028,+0000.1472205096609556,+0000.0000000000000000
+0000.4767479051785094,+0000.2817893489392302,+0000.0954083553823537,+0000.1460543904999063,+0000.0000000000000000
+0000.4687765357449176,+0000.2854518397101461,+0000.1009122837467729,+0000.1448593407981630,+0000.0000000000000000
+0000.4607302868499823,+0000.2891065209752020,+0000.1065271676362674,+0000.1436360245385481,+0000.0000000000000000
+0000.4526139655072898,+0000.2927522302052479,+0000.1122486864968645,+0000.1423851177905974,+0000.0000000000000000
+0000.4444324246481725,+0000.2963878005319306,+0000.1180724665412275,+0000.1411073082786692,+0000.0000000000000000
+0000.4361905603292563,+0000.3000120612794737,+0000.1239940834458196,+0000.1398032949454501,+0000.0000000000000000
+0000.4278933089094972,+0000.3036238385025849,+0000.1300090650791013,+0000.1384737875088162,+0000.0000000000000000
+0000.4195456442049814,+0000.3072219555262755,+0000.1361128942538572,+0000.1371195060148854,+0000.0000000000000000
+0000.4111525746211200,+0000.3108052334891739,+0000.1423010115040020,+0000.1357411803857038,+0000.0000000000000000
+0000.4027191402601978,+0000.3143724918911420,+0000.1485688178866690,+0000.1343395499619908,+0000.0000000000000000
+0000.3942504100137439,+0000.3179225491414605,+0000.1549116778021419,+0000.1329153630426536,+0000.0000000000000000
+0000.3857514786323105,+0000.3214542231115346,+0000.1613249218368930,+0000.1314693764192616,+0000.0000000000000000
+0000.3772274637818785,+0000.3249663316882452,+0000.1678038496222606,+0000.1300023549076155,+0000.0000000000000000
+0000.3686835030858294,+0000.3284576933292103,+0000.1743437327093071,+0000.1285150708756530,+0000.0000000000000000
+0000.3601247511505001,+0000.3319271276207004,+0000.1809398174607439,+0000.1270083037680553,+0000.0000000000000000
+0000.3515563765845384,+0000.3353734558348683,+0000.1875873279519997,+0000.1254828396285934,+0000.0000000000000000
+0000.3429835590039444,+0000.3387955014898325,+0000.1942814688871322,+0000.1239394706190905,+0000.0000000000000000
+0000.3344114860324527,+0000.3421920909089335,+0000.2010174285217210,+0000.1223789945368927,+0000.0000000000000000
+0000.3258453502960905,+0000.3455620537803952,+0000.2077903815933905,+0000.1208022143301235,+0000.0000000000000000
+0000.3172903464099994,+0000.3489042237180545,+0000.2145954922609036,+0000.1192099376110425,+0000.0000000000000000
+0000.3087516679677524,+0000.3522174388199525,+0000.2214279170436382,+0000.1176029761686566,+0000.0000000000000000
+0000.3002345045250703,+0000.3555005422281746,+0000.2282828077673986,+0000.1159821454793562,+0000.0000000000000000
+0000.2917440385876475,+0000.3587523826863994,+0000.2351553145084590,+0000.1143482642174940,+0000.0000000000000000
+0000.2832854426016954,+0000.3619718150961944,+0000.2420405885366290,+0000.1127021537654810,+0000.0000000000000000
+0000.2748638759458518,+0000.3651577010730169,+0000.2489337852581927,+0000.1110446377229385,+0000.0000000000000000
+0000.2664844819340828,+0000.3683089094985058,+0000.2558300671505251,+0000.1093765414168861,+0000.0000000000000000
+0000.2581523848216134,+0000.3714243170722641,+0000.2627246066944879,+0000.1076986914116345,+0000.0000000000000000
+0000.2498726868239599,+0000.3745028088601192,+0000.2696125892962777,+0000.1060119150196430,+0000.0000000000000000
+0000.2416504651471956,+0000.3775432788394733,+0000.2764892161997177,+0000.1043170398136134,+0000.0000000000000000
+0000.2334907690283810,+0000.3805446304427998,+0000.2833497073897859,+0000.1026148931390330,+0000.0000000000000000
+0000.2253986167955146,+0000.3835057770960164,+0000.2901893044792289,+0000.1009063016292401,+0000.0000000000000000
+0000.2173789929392867,+0000.3864256427547282,+0000.2970032735843766,+0000.0991920907216084,+0000.0000000000000000
+0000.2094368452064169,+0000.3893031624355249,+0000.3037869081818825,+0000.0974730841761753,+0000.0000000000000000
+0000.2015770817127660,+0000.3921372827428687,+0000.3105355319474321,+0000.0957501035969331,+0000.0000000000000000
+0000.1938045680752645,+0000.3949269623926011,+0000.3172445015771795,+0000.0940239679549547,+0000.0000000000000000
+0000.1861241245714706,+0000.3976711727288144,+0000.3239092095839979,+0000.0922954931157171,+0000.0000000000000000
+0000.1785405233198002,+0000.4003688982372732,+0000.3305250870744152,+0000.0905654913685113,+0000.0000000000000000
+0000.1710584854893643,+0000.4030191370523777,+0000.3370876064982879,+0000.0888347709599701,+0000.0000000000000000
+0000.1636826785377142,+0000.4056209014581122,+0000.3435922843723050,+0000.0871041356318683,+0000.0000000000000000
+0000.1564177134760069,+0000.4081732183843838,+0000.3500346839778746,+0000.0853743841617347,+0000.0000000000000000
+0000.1492681421695245,+0000.4106751298952747,+0000.3564104180259396,+0000.0836463099092613,+0000.0000000000000000
+0000.1422384546671962,+0000.4131256936723550,+0000.3627151512943275,+0000.0819207003661212,+0000.0000000000000000
+0000.1353330765684880,+0000.4155239834902367,+0000.3689446032300173,+0000.0801983367112580,+0000.0000000000000000
+0000.1285563664260756,+0000.4178690896847366,+0000.3750945505174327,+0000.0784799933717551,+0000.0000000000000000
+0000.1219126131838870,+0000.4201601196149993,+0000.3811608296132415,+0000.0767664375878724,+0000.0000000000000000
+0000.1154060336578623,+0000.4223961981163304,+0000.3871393392406550,+0000.0750584289851521,+0000.0000000000000000
+0000.1090407700536287,+0000.4245764679466696,+0000.3930260428485037,+0000.0733567191511980,+0000.0000000000000000
+0000.1028208875286590,+0000.4267000902239394,+0000.3988169710280005,+0000.0716620512194008,+0000.0000000000000000
+0000.0967503717977664,+0000.4287662448550210,+0000.4045082238881191,+0000.0699751594590936,+0000.0000000000000000
+0000.0908331267813042,+0000.4307741309571809,+0000.4100959733901525,+0000.0682967688713624,+0000.0000000000000000
+0000.0850729723027345,+0000.4327229672689455,+0000.4155764656350253,+0000.0666275947932947,+0000.0000000000000000
+0000.0794736418306528,+0000.4346119925535625,+0000.4209460231080235,+0000.0649683425077611,+0000.0000000000000000
+0000.0740387802717933,+0000.4364404659920799,+0000.4262010468746288,+0000.0633197068614981,+0000.0000000000000000
+0000.0687719418140983,+0000.4382076675669212,+0000.4313380187282585,+0000.0616823718907218,+0000.0000000000000000
+0000.0636765878193506,+0000.4399128984366764,+0000.4363535032904061,+0000.0600570104535669,+0000.0000000000000000
+0000.0587560847712123,+0000.4415554812993672,+0000.4412441500574232,+0000.0584442838719972,+0000.0000000000000000
+0000.0540137022744288,+0000.4431347607470641,+0000.4460066953981069,+0000.0568448415804000,+0000.0000000000000000
+0000.0494526111108826,+0000.4446501036091597,+0000.4506379644964632,+0000.0552593207834945,+0000.0000000000000000
+0000.0450758813517104,+0000.4461008992851418,+0000.4551348732403815,+0000.0536883461227662,+0000.0000000000000000
+0000.0408864805250676,+0000.4474865600672784,+0000.4594944300567013,+0000.0521325293509525,+0000.0000000000000000
+0000.0368872718446518,+0000.4488065214512916,+0000.4637137376874712,+0000.0505924690165857,+0000.0000000000000000
+0000.0330810124952964,+0000.4500602424370851,+0000.4677899949111859,+0000.0490687501564326,+0000.0000000000000000
+0000.0294703519804059,+0000.4512472058171292,+0000.4717204982041749,+0000.0475619439982900,+0000.0000000000000000
+0000.0260578305307407,+0000.4523669184537880,+0000.4755026433425735,+0000.0460726076728976,+0000.0000000000000000
+0000.0228458775741527,+0000.4534189115453940,+0000.4791339269454705,+0000.0446012839349827,+0000.0000000000000000
+0000.0198368102704148,+0000.4544027408796921,+0000.4826119479547866,+0000.0431485008951066,+0000.0000000000000000
+0000.0170328321082993,+0000.4553179870763661,+0000.4859344090550428,+0000.0417147717602920,+0000.0000000000000000
+0000.0144360315686627,+0000.4561642558165561,+0000.4890991180290599,+0000.0403005945857213,+0000.0000000000000000
+0000.0120483808531427,+0000.4569411780606041,+0000.4921039890499250,+0000.0389064520363280,+0000.0000000000000000
+0000.0098717346783154,+0000.4576484102537043,+0000.4949470439097075,+0000.0375328111582727,+0000.0000000000000000
+0000.0079078291383221,+0000.4582856345184835,+0000.4976264131813804,+0000.0361801231618141,+0000.0000000000000000
+0000.0061582806340059,+0000.4588525588356428,+0000.5001403373165073,+0000.0348488232138439,+0000.0000000000000000
+0000.0046245848713150,+0000.4593489172114618,+0000.5024871676754361,+0000.0335393302417873,+0000.0000000000000000
+0000.0033081159285974,+0000.4597744698327732,+0000.5046653674904631,+0000.0322520467481665,+0000.0000000000000000
+0000.0022101253929090,+0000.4601290032089714,+0000.5066735127623417,+0000.0309873586357779,+0000.0000000000000000
+0000.0013317415672038,+0000.4604123303010084,+0000.5085102930873142,+0000.0297456350444735,+0000.0000000000000000
+0000.0006739687473620,+0000.4606242906375898,+0000.5101745124167318,+0000.0285272281983165,+0000.0000000000000000
+0000.0002376865706614,+0000.4607647504179716,+0000.5116650897468837,+0000.0273324732644832,+0000.0000000000000000
+0000.0000236494354792,+0000.4608336026018414,+0000.5129810597394090,+0000.0261616882232703,+0000.0000000000000000
+0000.0000324859925987,+0000.4608307669857312,+0000.5141215732725356,+0000.0250151737491347,+0000.0000000000000000
+0000.0002646987087095,+0000.4607561902663032,+0000.5150858979213396,+0000.0238932131036475,+0000.0000000000000000
+0000.0007206635021135,+0000.4606098460903495,+0000.5158734183683232,+0000.0227960720392137,+0000.0000000000000000
+0000.0014006294510026,+0000.4603917350913147,+0000.5164836367429279,+0000.0217239987147550,+0000.0000000000000000
+0000.0023047185742874,+0000.4601018849124820,+0000.5169161728903534,+0000.0206772236228774,+0000.0000000000000000
+0000.0034329256855748,+0000.4597403502167581,+0000.5171707645695443,+0000.0196559595281229,+0000.0000000000000000
+0000.0047851183196044,+0000.4593072126831884,+0000.5172472675798256,+0000.0186604014173818,+0000.0000000000000000
+0000.0063610367322433,+0000.4588025809896602,+0000.5171456558167027,+0000.0176907264613939,+0000.0000000000000000
+0000.0081602939730984,+0000.4582265907825880,+0000.5168660212562272,+0000.0167470939880865,+0000.0000000000000000
+0000.0101823760309715,+0000.4575794046330171,+0000.5164085738684263,+0000.0158296454675853,+0000.0000000000000000
+0000.0124266420529397,+0000.4568612119792449,+0000.5157736414594268,+0000.0149385045083885,+0000.0000000000000000
+0000.0148923246351184,+0000.4560722290564199,+0000.5149616694428193,+0000.0140737768656423,+0000.0000000000000000
+0000.0175785301872733,+0000.4552126988122064,+0000.5139732205399817,+0000.0132355504605386,+0000.0000000000000000
+0000.0204842393690398,+0000.4542828908096910,+0000.5128089744098077,+0000.0124238954114616,+0000.0000000000000000
+0000.0236083075982256,+0000.4532831011168587,+0000.5114697272082178,+0000.0116388640766979,+0000.0000000000000000
+0000.0269494656321454,+0000.4522136521826962,+0000.5099563910769320,+0000.0108804911082262,+0000.0000000000000000
+0000.0305063202188669,+0000.4510748927004767,+0000.5082699935632133,+0000.0101487935174432,+0000.0000000000000000
+0000.0342773548214496,+0000.4498671974575796,+0000.5064116769692344,+0000.0094437707517366,+0000.0000000000000000
+0000.0382609304117813,+0000.4485909671727700,+0000.5043826976328252,+0000.0087654047826235,+0000.0000000000000000
+0000.0424552863347585,+0000.4472466283201550,+0000.5021844251398494,+0000.0081136602052369,+0000.0000000000000000
+0000.0468585412437610,+0000.4458346329404252,+0000.4998183414672938,+0000.0074884843485202,+0000.0000000000000000
+0000.0514686941032687,+0000.4443554584396510,+0000.4972860400600733,+0000.0068898073970071,+0000.0000000000000000
+0000.0562836252626142,+0000.4428096073749209,+0000.4945892248393177,+0000.0063175425231471,+0000.0000000000000000
+0000.0613010975962859,+0000.4411976072280486,+0000.4917297091449193,+0000.0057715860307463,+0000.0000000000000000
+0000.0665187577117724,+0000.4395200101664705,+0000.4887094146124664,+0000.0052518175092907,+0000.0000000000000000
+0000.0719341372260078,+0000.4377773927918610,+0000.4855303699835386,+0000.0047580999985927,+0000.0000000000000000
+0000.0775446541051727,+0000.4359703558770784,+0000.4821947098533338,+0000.0042902801644150,+0000.0000000000000000
+0000.0833476140727433,+0000.4340995240904308,+0000.4787046733526436,+0000.0038481884841824,+0000.0000000000000000
+0000.0893402120801610,+0000.4321655457085648,+0000.4750626027680352,+0000.0034316394432390,+0000.0000000000000000
+0000.0955195338411136,+0000.4301690923176421,+0000.4712709420999668,+0000.0030404317412774,+0000.0000000000000000
+0000.1018825574308112,+0000.4281108585026152,+0000.4673322355579819,+0000.0026743485085917,+0000.0000000000000000
+0000.1084261549440086,+0000.4259915615255286,+0000.4632491259978815,+0000.0023331575325813,+0000.0000000000000000
+0000.1151470942172550,+0000.4238119409921710,+0000.4590243532969137,+0000.0020166114936602,+0000.0000000000000000
+0000.1220420406089454,+0000.4215727585080571,+0000.4546607526720245,+0000.0017244482109728,+0000.0000000000000000
+0000.1291075588382382,+0000.4192747973235916,+0000.4501612529406575,+0000.0014563908975126,+0000.0000000000000000
+0000.1363401148843640,+0000.4169188619681038,+0000.4455288747231820,+0000.0012121484243504,+0000.0000000000000000
+0000.1437360779391328,+0000.4145057778739855,+0000.4407667285926932,+0000.0009914155941886,+0000.0000000000000000
+0000.1512917224188606,+0000.4120363909899610,+0000.4358780131675911,+0000.0007938734235873,+0000.0000000000000000
+0000.1590032300283646,+0000.4095115673847651,+0000.4308660131528138,+0000.0006191894340564,+0000.0000000000000000
+0000.1668666918782173,+0000.4069321928410533,+0000.4257340973290761,+0000.0004670179516531,+0000.0000000000000000
+0000.1748781106570399,+0000.4042991724388688,+0000.4204857164892505,+0000.0003370004148408,+0000.0000000000000000
+0000.1830334028504544,+0000.4016134301308515,+0000.4151244013281025,+0000.0002287656905914,+0000.0000000000000000
+0000.1913284010139094,+0000.3988759083072739,+0000.4096537602805113,+0000.0001419303983053,+0000.0000000000000000
+0000.1997588560912105,+0000.3960875673524624,+0000.4040774773147904,+0000.0000760992415366,+0000.0000000000000000
+0000.2083204397797333,+0000.3932493851930091,+0000.3983993096800778,+0000.0000308653471797,+0000.0000000000000000
+0000.2170087469445443,+0000.3903623568363712,+0000.3926230856071579,+0000.0000058106119266,+0000.0000000000000000
+0000.2258192980721279,+0000.3874274939025901,+0000.3867527019694662,+0000.0000005060558158,+0000.0000000000000000
+0000.2347475417715658,+0000.3844458241469041,+0000.3807921218989464,+0000.0000145121825835,+0000.0000000000000000
+0000.2437888573142777,+0000.3814183909750784,+0000.3747453723640123,+0000.0000473793466317,+0000.0000000000000000
+0000.2529385572133898,+0000.3783462529517756,+0000.3686165417084963,+0000.0000986481263384,+0000.0000000000000000
+0000.2621918898450687,+0000.3752304833005061,+0000.3624097771509125,+0000.0001678497035124,+0000.0000000000000000
+0000.2715440421018215,+0000.3720721693981781,+0000.3561292822513083,+0000.0002545062486921,+0000.0000000000000000
+0000.2809901420862930,+0000.3688724122614895,+0000.3497793143401052,+0000.0003581313121119,+0000.0000000000000000
+0000.2905252618356579,+0000.3656323260278940,+0000.3433641819164293,+0000.0004782302200184,+0000.0000000000000000
+0000.3001444200781476,+0000.3623530374307249,+0000.3368882420150170,+0000.0006143004761103,+0000.0000000000000000
+0000.3098425850241656,+0000.3590356852669568,+0000.3303558975410013,+0000.0007658321678762,+0000.0000000000000000
+0000.3196146771810027,+0000.3556814198615079,+0000.3237715945800133,+0000.0009323083774760,+0000.0000000000000000
+0000.3294555722005358,+0000.3522914025244421,+0000.3171398196779728,+0000.0011132055970491,+0000.0000000000000000
+0000.3393601037493209,+0000.3488668050042923,+0000.3104650970983559,+0000.0013079941480309,+0000.0000000000000000
+0000.3493230664027325,+0000.3454088089369816,+0000.3037519860559944,+0000.0015161386042914,+0000.0000000000000000
+0000.3593392185656722,+0000.3419186052887692,+0000.2970050779267011,+0000.0017370982188574,+0000.0000000000000000
+0000.3694032854084171,+0000.3383973937973065,+0000.2902289934404699,+0000.0019703273538064,+0000.0000000000000000
+0000.3795099618273289,+0000.3348463824069735,+0000.2834283798524238,+0000.0022152759132738,+0000.0000000000000000
+0000.3896539154194178,+0000.3312667867019430,+0000.2766079080995578,+0000.0024713897790812,+0000.0000000000000000
+0000.3998297894727004,+0000.3276598293361075,+0000.2697722699424029,+0000.0027381112487889,+0000.0000000000000000
+0000.4100322059740303,+0000.3240267394590315,+0000.2629261750909307,+0000.0030148794760072,+0000.0000000000000000
+0000.4202557686257933,+0000.3203687521406551,+0000.2560743483210366,+0000.0033011309125147,+0000.0000000000000000
+0000.4304950658735905,+0000.3166871077933163,+0000.2492215265812084,+0000.0035962997518847,+0000.0000000000000000
+0000.4407446739461825,+0000.3129830515910855,+0000.2423724560880993,+0000.0038998183746324,+0000.0000000000000000
+0000.4509991598971755,+0000.3092578328890906,+0000.2355318894195883,+0000.0042111177941453,+0000.0000000000000000
+0000.4612530846577028,+0000.3055127046396937,+0000.2287045825990431,+0000.0045296281035603,+0000.0000000000000000
+0000.4715010060888279,+0000.3017489228091376,+0000.2218952921790319,+0000.0048547789230023,+0000.0000000000000000
+0000.4817374820362272,+0000.2979677457930700,+0000.2151087723238087,+0000.0051859998468940,+0000.0000000000000000
+0000.4919570733883453,+0000.2941704338308960,+0000.2083497718893617,+0000.0055227208913969,+0000.0000000000000000
+0000.5021543471275367,+0000.2903582484217482,+0000.2016230315095441,+0000.0058643729411707,+0000.0000000000000000
+0000.5123238793837377,+0000.2865324517387305,+0000.1949332806818231,+0000.0062103881957083,+0000.0000000000000000
+0000.5224602584770713,+0000.2826943060457797,+0000.1882852348627086,+0000.0065602006144401,+0000.0000000000000000
+0000.5325580879591616,+0000.2788450731134464,+0000.1816835925665759,+0000.0069132463608156,+0000.0000000000000000
+0000.5426119896419106,+0000.2749860136373815,+0000.1751330324759710,+0000.0072689642447367,+0000.0000000000000000
+0000.5526166066163410,+0000.2711183866578887,+0000.1686382105627186,+0000.0076267961630512,+0000.0000000000000000
+0000.5625666062621976,+0000.2672434489805772,+0000.1622037572190158,+0000.0079861875382091,+0000.0000000000000000
+0000.5724566832406246,+0000.2633624546000820,+0000.1558342744049704,+0000.0083465877543227,+0000.0000000000000000
+0000.5822815624713301,+0000.2594766541262286,+0000.1495343328118846,+0000.0087074505905565,+0000.0000000000000000
+0000.5920360020958302,+0000.2555872942118456,+0000.1433084690405073,+0000.0090682346518168,+0000.0000000000000000
+0000.6017147964168110,+0000.2516956169851481,+0000.1371611828022119,+0000.0094284037958287,+0000.0000000000000000
+0000.6113127788217222,+0000.2478028594839415,+0000.1310969341372216,+0000.0097874275571143,+0000.0000000000000000
+0000.6208248246806968,+0000.2439102530945642,+0000.1251201406577739,+0000.0101447815669647,+0000.0000000000000000
+0000.6302458542204827,+0000.2400190229948214,+0000.1192351748153061,+0000.0104999479693893,+0000.0000000000000000
+0000.6395708353761287,+0000.2361303875998427,+0000.1134463611910837,+0000.0108524158329445,+0000.0000000000000000
+0000.6487947866103133,+0000.2322455580144065,+0000.1077579738175695,+0000.0112016815577102,+0000.0000000000000000
+0000.6579127797086156,+0000.2283657374883263,+0000.1021742335252769,+0000.0115472492777807,+0000.0000000000000000
+0000.6669199425413311,+0000.2244921208778393,+0000.0966993053224849,+0000.0118886312583443,+0000.0000000000000000
+0000.6758114617928108,+0000.2206258941128170,+0000.0913372958068091,+0000.0122253482875626,+0000.0000000000000000
+0000.6845825856605635,+0000.2167682336681269,+0000.0860922506083495,+0000.0125569300629597,+0000.0000000000000000
+0000.6932286265143326,+0000.2129203060429188,+0000.0809681518710501,+0000.0128829155716978,+0000.0000000000000000
+0000.7017449635229687,+0000.2090832672443821,+0000.0759689157675477,+0000.0132028534651011,+0000.0000000000000000
+0000.7101270452403246,+0000.2052582622789013,+0000.0710983900542573,+0000.0135163024265165,+0000.0000000000000000
+0000.7183703921510534,+0000.2014464246503869,+0000.0663603516658053,+0000.0138228315327542,+0000.0000000000000000
+0000.7264705991783970,+0000.1976488758641335,+0000.0617585043486552,+0000.0141220206088140,+0000.0000000000000000
+0000.7344233381448596,+0000.1938667249399529,+0000.0572964763398540,+0000.0144134605753332,+0000.0000000000000000
+0000.7422243601932259,+0000.1901010679309112,+0000.0529778180868420,+0000.0146967537890204,+0000.0000000000000000
+0000.7498694981592686,+0000.1863529874511143,+0000.0488060000141993,+0000.0149715143754174,+0000.0000000000000000
+0000.7573546688975302,+0000.1826235522117224,+0000.0447844103367078,+0000.0152373685540392,+0000.0000000000000000
+0000.7646758755621297,+0000.1789138165635783,+0000.0409163529186994,+0000.0154939549555921,+0000.0000000000000000
+0000.7718292098336577,+0000.1752248200506550,+0000.0372050451846972,+0000.0157409249309895,+0000.0000000000000000
+0000.7788108540995564,+0000.1715575869701537,+0000.0336536160781006,+0000.0159779428521888,+0000.0000000000000000
+0000.7856170835799091,+0000.1679131259428449,+0000.0302651040729024,+0000.0162046864043433,+0000.0000000000000000
+0000.7922442683999382,+0000.1642924294927835,+0000.0270424552379572,+0000.0164208468693206,+0000.0000000000000000
+0000.7986888756109807,+0000.1606964736348171,+0000.0239885213539181,+0000.0166261294002834,+0000.0000000000000000
+0000.8049474711519469,+0000.1571262174739516,+0000.0211060580869674,+0000.0168202532871333,+0000.0000000000000000
+0000.8110167217578527,+0000.1535826028125059,+0000.0183977232168351,+0000.0170029522128059,+0000.0000000000000000
+0000.8168933968083181,+0000.1500665537685245,+0000.0158660749231720,+0000.0171739744999848,+0000.0000000000000000
+0000.8225743701171306,+0000.1465789764046117,+0000.0135135701299403,+0000.0173330833483165,+0000.0000000000000000
+0000.8280566216647802,+0000.1431207583653960,+0000.0113425629081216,+0000.0174800570617016,+0000.0000000000000000
+0000.8333372392660003,+0000.1396927685282789,+0000.0093553029398112,+0000.0176146892659091,+0000.0000000000000000
+0000.8384134201797155,+0000.1362958566622603,+0000.0075539340421566,+0000.0177367891158671,+0000.0000000000000000
+0000.8432824726536057,+0000.1329308530994598,+0000.0059404927540408,+0000.0178461814928934,+0000.0000000000000000
+0000.8479418174055648,+0000.1295985684174979,+0000.0045169069854563,+0000.0179427071914806,+0000.0000000000000000
+0000.8523889890424011,+0000.1262997931319879,+0000.0032849947299140,+0000.0180262230956962,+0000.0000000000000000
+0000.8566216374106921,+0000.1230352974023109,+0000.0022464628420788,+0000.0180966023449176,+0000.0000000000000000
+0000.8606375288845247,+0000.1198058307468903,+0000.0014029058797721,+0000.0181537344888122,+0000.0000000000000000
+0000.8644345475845070,+0000.1166121217716254,+0000.0007558050123047,+0000.0181975256315625,+0000.0000000000000000
+0000.8680106965298002,+0000.1134548779099406,+0000.0003065269951848,+0000.0182278985650737,+0000.0000000000000000
+0000.8713640987233378,+0000.1103347851736920,+0000.0000563232117513,+0000.0182447928912185,+0000.0000000000000000
+0000.8744929981663073,+0000.1072525079179369,+0000.0000063287828070,+0000.0182481651329481,+0000.0000000000000000
+0000.8773957608059522,+0000.1042086886157388,+0000.0001575617442893,+0000.0182379888340190,+0000.0000000000000000
+0000.8800708754112436,+0000.1012039476471137,+0000.0005109222938509,+0000.0182142546477913,+0000.0000000000000000
+0000.8825169543797142,+0000.0982388830995062,+0000.0010671921065347,+0000.0181769704142443,+0000.0000000000000000
+0000.8847327344736005,+0000.0953140705802131,+0000.0018270337202971,+0000.0181261612258889,+0000.0000000000000000
+0000.8867170774840225,+0000.0924300630426620,+0000.0027909899912900,+0000.0180618694820246,+0000.0000000000000000
+0000.8884689708247975,+0000.0895873906237882,+0000.0039594836198845,+0000.0179841549315290,+0000.0000000000000000
+0000.8899875280534885,+0000.0867865604952355,+0000.0053328167471630,+0000.0178930947041124,+0000.0000000000000000
+0000.8912719893210374,+0000.0840280567269617,+0000.0069111706222006,+0000.0177887833297999,+0000.0000000000000000
+0000.8923217217489241,+0000.0813123401629843,+0000.0086946053411284,+0000.0176713327469625,+0000.0000000000000000
+0000.8931362197335486,+0000.0786398483112167,+0000.0106830596566658,+0000.0175408722985680,+0000.0000000000000000
+0000.8937151051783593,+0000.0760109952447728,+0000.0128763508600874,+0000.0173975487167799,+0000.0000000000000000
+0000.8940581276526056,+0000.0734261715172678,+0000.0152741747341755,+0000.0172415260959503,+0000.0000000000000000
+0000.8941651644781621,+0000.0708857440905697,+0000.0178761055775962,+0000.0170729858536712,+0000.0000000000000000
+0000.8940362207421175,+0000.0683900562753089,+0000.0206815963020243,+0000.0168921266805486,+0000.0000000000000000
+0000.8936714292378432,+0000.0659394276849467,+0000.0236899785993032,+0000.0166991644779062,+0000.0000000000000000
+0000.8930710503321996,+0000.0635341542019417,+0000.0269004631817688,+0000.0164943322840892,+0000.0000000000000000
+0000.8922354717604359,+0000.0611745079575505,+0000.0303121400929550,+0000.0162778801890580,+0000.0000000000000000
+0000.8911652083486294,+0000.0588607373245303,+0000.0339239790894357,+0000.0160500752374041,+0000.0000000000000000
+0000.8898609016628966,+0000.0565930669220834,+0000.0377348300951504,+0000.0158112013198689,+0000.0000000000000000
+0000.8883233195876818,+0000.0543716976346146,+0000.0417434237244493,+0000.0155615590532537,+0000.0000000000000000
+0000.8865533558307028,+0000.0521968066424132,+0000.0459483718778878,+0000.0153014656489957,+0000.0000000000000000
+0000.8845520293570770,+0000.0500685474657908,+0000.0503481684068116,+0000.0150312547703202,+0000.0000000000000000
+0000.8823204837522870,+0000.0479870500219449,+0000.0549411898476763,+0000.0147512763780913,+0000.0000000000000000
+0000.8798599865129511,+0000.0459524206939437,+0000.0597256962276384,+0000.0144618965654662,+0000.0000000000000000
+0000.8771719282693199,+0000.0439647424130434,+0000.0646998319363958,+0000.0141634973812402,+0000.0000000000000000
+0000.8742578219349983,+0000.0420240747530813,+0000.0698616266694999,+0000.0138564766424199,+0000.0000000000000000
+0000.8711193017893614,+0000.0401304540374873,+0000.0752089964376327,+0000.0135412477355184,+0000.0000000000000000
+0000.8677581224903761,+0000.0382838934590224,+0000.0807397446433677,+0000.0132182394072333,+0000.0000000000000000
+0000.8641761580179168,+0000.0364843832110585,+0000.0864515632268091,+0000.0128878955442150,+0000.0000000000000000
+0000.8603754005514109,+0000.0347318906320093,+0000.0923420338742696,+0000.0125506749423095,+0000.0000000000000000
+0000.8563579592779758,+0000.0330263603610318,+0000.0984086292957413,+0000.0122070510652504,+0000.0000000000000000
+0000.8521260591360805,+0000.0313677145061344,+0000.1046487145648779,+0000.0118575117929064,+0000.0000000000000000
+0000.8476820394932342,+0000.0297558528243246,+0000.1110595485230119,+0000.0115025591594286,+0000.0000000000000000
+0000.8430283527572292,+0000.0281906529128481,+0000.1176382852487835,+0000.0111427090811387,+0000.0000000000000000
+0000.8381675629260439,+0000.0266719704128639,+0000.1243819755864935,+0000.0107784910745979,+0000.0000000000000000
+0000.8331023440714970,+0000.0251996392238853,+0000.1312875687397997,+0000.0104104479648175,+0000.0000000000000000
+0000.8278354787631796,+0000.0237734717298057,+0000.1383519139232913,+0000.0100391355837228,+0000.0000000000000000
+0000.8223698564300193,+0000.0223932590365017,+0000.1455717620740175,+0000.0096651224594609,+0000.0000000000000000
+0000.8167084716603744,+0000.0210587712195528,+0000.1529437676240706,+0000.0092889894960018,+0000.0000000000000000
+0000.8108544224452778,+0000.0197697575837885,+0000.1604644903269667,+0000.0089113296439663,+0000.0000000000000000
+0000.8048109083602253,+0000.0185259469327248,+0000.1681303971447553,+0000.0085327475622942,+0000.0000000000000000
+0000.7985812286918832,+0000.0173270478489679,+0000.1759378641878794,+0000.0081538592712687,+0000.0000000000000000
+0000.7921687805084969,+0000.0161727489849850,+0000.1838831787094702,+0000.0077752917970473,+0000.0000000000000000
+0000.7855770566731093,+0000.0150627193634741,+0000.1919625411557883,+0000.0073976828076278,+0000.0000000000000000
+0000.7788096438062436,+0000.0139966086884095,+0000.2001720672644086,+0000.0070216802409378,+0000.0000000000000000
+0000.7718702201922091,+0000.0129740476651844,+0000.2085077902178294,+0000.0066479419247767,+0000.0000000000000000
+0000.7647625536364954,+0000.0119946483306778,+0000.2169656628436774,+0000.0062771351891489,+0000.0000000000000000
+0000.7574904992727896,+0000.0110580043926976,+0000.2255415598633564,+0000.0059099364711559,+0000.0000000000000000
+0000.7500579973188476,+0000.0101636915780326,+0000.2342312801907579,+0000.0055470309123615,+0000.0000000000000000
+0000.7424690707879614,+0000.0093112679901725,+0000.2430305492723586,+0000.0051891119495070,+0000.0000000000000000
+0000.7347278231508299,+0000.0085002744749461,+0000.2519350214761928,+0000.0048368808980306,+0000.0000000000000000
+0000.7268384359547164,+0000.0077302349950974,+0000.2609402825209136,+0000.0044910465292721,+0000.0000000000000000
+0000.7188051663994169,+0000.0070006570129777,+0000.2700418519463089,+0000.0041523246412958,+0000.0000000000000000
+0000.7106323448679482,+0000.0063110318809677,+0000.2792351856275476,+0000.0038214376235360,+0000.0000000000000000
+0000.7023243724210668,+0000.0056608352400440,+0000.2885156783230831,+0000.0034991140158056,+0000.0000000000000000
+0000.6938857182482034,+0000.0050495274253831,+0000.2978786662649049,+0000.0031860880615081,+0000.0000000000000000
+0000.6853209170834348,+0000.0044765538795284,+0000.3073194297813244,+0000.0028830992557119,+0000.0000000000000000
+0000.6766345665855218,+0000.0039413455724671,+0000.3168331959538785,+0000.0025908918881322,+0000.0000000000000000
+0000.6678313246798504,+0000.0034433194282527,+0000.3264151413106585,+0000.0023102145812381,+0000.0000000000000000
+0000.6589159068720822,+0000.0029818787583972,+0000.3360603945455087,+0000.0020418198240113,+0000.0000000000000000
+0000.6498930835257170,+0000.0025564137010957,+0000.3457640392719477,+0000.0017864635012392,+0000.0000000000000000
+0000.6407676771121124,+0000.0021663016667118,+0000.3555211168021160,+0000.0015449044190594,+0000.0000000000000000
+0000.6315445594331522,+0000.0018109077887402,+0000.3653266289514356,+0000.0013179038266715,+0000.0000000000000000
+0000.6222286488129298,+0000.0014895853801305,+0000.3751755408722940,+0000.0011062249346452,+0000.0000000000000000
+0000.6128249072699170,+0000.0012016763948602,+0000.3850627839050502,+0000.0009106324301722,+0000.0000000000000000
+0000.6033383376602216,+0000.0009465118941654,+0000.3949832584562441,+0000.0007318919893686,+0000.0000000000000000
+0000.5937739808024531,+0000.0007234125174470,+0000.4049318368929999,+0000.0005707697870995,+0000.0000000000000000
+0000.5841369125828579,+0000.0005316889573792,+0000.4149033664552734,+0000.0004280320044890,+0000.0000000000000000
+0000.5744322410378769,+0000.0003706424389643,+0000.4248926721887272,+0000.0003044443344311,+0000.0000000000000000
+0000.5646651034257328,+0000.0002395652023507,+0000.4348945598864544,+0000.0002007714854614,+0000.0000000000000000
+0000.5548406632773173,+0000.0001377409889593,+0000.4449038190495573,+0000.0001177766841660,+0000.0000000000000000
+0000.5449641074372791,+0000.0000644455307807,+0000.4549152258554048,+0000.0000562211765351,+0000.0000000000000000
+0000.5350406430940799,+0000.0000189470424428,+0000.4649235461350020,+0000.0000168637284751,+0000.0000000000000000
+0000.5250754947954345,+0000.0000005067158085,+0000.4749235383629387,+0000.0000004601258177,+0000.0000000000000000
+0000.5150739014622194,+0000.0000083792167915,+0000.4849099566468809,+0000.0000077626741079,+0000.0000000000000000
+0000.5050411133896167,+0000.0000418131840932,+0000.4948775537278214,+0000.0000395196984685,+0000.0000000000000000
+0000.4949823892476380,+0000.0001000517295730,+0000.5048210839789414,+0000.0000964750438471,+0000.0000000000000000
+0000.4849029930787218,+0000.0001823329399343,+0000.5147353064054198,+0000.0001793675759236,+0000.0000000000000000
+0000.4748081912900636,+0000.0002878903794587,+0000.5246149876474708,+0000.0002889306830065,+0000.0000000000000000
+0000.4647032496526702,+0000.0004159535934504,+0000.5344549049747055,+0000.0004258917791735,+0000.0000000000000000
+0000.4545934302965222,+0000.0005657486121439,+0000.5442498492823236,+0000.0005909718090101,+0000.0000000000000000
+0000.4444839887138402,+0000.0007364984547251,+0000.5539946280772484,+0000.0007848847541859,+0000.0000000000000000
+0000.4343801707681222,+0000.0009274236331805,+0000.5636840684565219,+0000.0010083371421751,+0000.0000000000000000
+0000.4242872097065999,+0000.0011377426557240,+0000.5733130200801975,+0000.0012620275574786,+0000.0000000000000000
+0000.4142103231882746,+0000.0013666725294374,+0000.5828763581267454,+0000.0015466461555426,+0000.0000000000000000
+0000.4041547103163193,+0000.0016134292618593,+0000.5923689862420793,+0000.0018628741797420,+0000.0000000000000000
+0000.3941255486878124,+0000.0018772283612592,+0000.6017858394692183,+0000.0022113834817099,+0000.0000000000000000
+0000.3841279914573792,+0000.0021572853351988,+0000.6111218871622134,+0000.0025928360452084,+0000.0000000000000000
+0000.3741671644132405,+0000.0024528161872690,+0000.6203721358854386,+0000.0030078835140517,+0000.0000000000000000
+0000.3642481630768478,+0000.0027630379114763,+0000.6295316322876324,+0000.0034571667240432,+0000.0000000000000000
+0000.3543760498160707,+0000.0030871689842169,+0000.6385954659601596,+0000.0039413152395526,+0000.0000000000000000
+0000.3445558509836569,+0000.0034244298534220,+0000.6475587722681350,+0000.0044609468947858,+0000.0000000000000000
+0000.3347925540781858,+0000.0037740434245491,+0000.6564167351572529,+0000.0050166673400119,+0000.0000000000000000
+0000.3250911049258277,+0000.0041352355433387,+0000.6651645899375164,+0000.0056090695933170,+0000.0000000000000000
+0000.3154564048938318,+0000.0045072354747645,+0000.6737976260337245,+0000.0062387335976792,+0000.0000000000000000
+0000.3058933081259146,+0000.0048892763781661,+0000.6823111897117828,+0000.0069062257841360,+0000.0000000000000000
+0000.2964066188110873,+0000.0052805957782009,+0000.6907006867696822,+0000.0076120986410295,+0000.0000000000000000
+0000.2870010884826798,+0000.0056804360311056,+0000.6989615851968070,+0000.0083568902894074,+0000.0000000000000000
+0000.2776814133467656,+0000.0060880447865395,+0000.7070894178011530,+0000.0091411240655417,+0000.0000000000000000
+0000.2684522316496130,+0000.0065026754440987,+0000.7150797847964352,+0000.0099653081098531,+0000.0000000000000000
+0000.2593181210753489,+0000.0069235876047842,+0000.7229283563564310,+0000.0108299349634356,+0000.0000000000000000
+0000.2502835961842254,+0000.0073500475168136,+0000.7306308751272124,+0000.0117354811717487,+0000.0000000000000000
+0000.2413531058891770,+0000.0077813285155832,+0000.7381831586993450,+0000.0126824068958946,+0000.0000000000000000
+0000.2325310309690697,+0000.0082167114578137,+0000.7455811020408908,+0000.0136711555322257,+0000.0000000000000000
+0000.2238216816282590,+0000.0086554851491080,+0000.7528206798831149,+0000.0147021533395180,+0000.0000000000000000
+0000.2152292950938879,+0000.0090969467652091,+0000.7598979490658427,+0000.0157758090750601,+0000.0000000000000000
+0000.2067580332607539,+0000.0095404022663519,+0000.7668090508338625,+0000.0168925136390316,+0000.0000000000000000
+0000.1984119803814805,+0000.0099851668045263,+0000.7735502130863856,+0000.0180526397276073,+0000.0000000000000000
+0000.1901951408006078,+0000.0104305651238103,+0000.7801177525798673,+0000.0192565414957143,+0000.0000000000000000
+0000.1821114367411717,+0000.0108759319527343,+0000.7865080770779550,+0000.0205045542281389,+0000.0000000000000000
+0000.1741647061363796,+0000.0113206123894406,+0000.7927176874531368,+0000.0217969940210428,+0000.0000000000000000
+0000.1663587005148320,+0000.0117639622786045,+0000.7987431797340167,+0000.0231341574725466,+0000.0000000000000000
+0000.1586970829376307,+0000.0122053485803024,+0000.8045812470988195,+0000.0245163213832471,+0000.0000000000000000
+0000.1511834259855750,+0000.0126441497306655,+0000.8102286818164857,+0000.0259437424672738,+0000.0000000000000000
+0000.1438212098049226,+0000.0130797559937442,+0000.8156823771285004,+0000.0274166570728325,+0000.0000000000000000
+0000.1366138202042532,+0000.0135115698049556,+0000.8209393290767303,+0000.0289352809140608,+0000.0000000000000000
+0000.1295645468105092,+0000.0139390061053440,+0000.8259966382712733,+0000.0304998088128732,+0000.0000000000000000
+0000.1226765812824834,+0000.0143614926668029,+0000.8308515115990649,+0000.0321104144516486,+0000.0000000000000000
+0000.1159530155801311,+0000.0147784704081123,+0000.8355012638743390,+0000.0337672501374174,+0000.0000000000000000
+0000.1093968402972725,+0000.0151893937012538,+0000.8399433194252318,+0000.0354704465762418,+0000.0000000000000000
+0000.1030109430510130,+0000.0155937306684934,+0000.8441752136205102,+0000.0372201126599835,+0000.0000000000000000
+0000.0967981069347896,+0000.0159909634691735,+0000.8481945943325648,+0000.0390163352634721,+0000.0000000000000000
+0000.0907610090338738,+0000.0163805885769396,+0000.8519992233355237,+0000.0408591790536626,+0000.0000000000000000
+0000.0849022190013899,+0000.0167621170467047,+0000.8555869776411028,+0000.0427486863108023,+0000.0000000000000000
+0000.0792241977017994,+0000.0171350747713165,+0000.8589558507662931,+0000.0446848767605910,+0000.0000000000000000
+0000.0737292959155889,+0000.0174990027279714,+0000.8621039539372158,+0000.0466677474192238,+0000.0000000000000000
+0000.0684197531115795,+0000.0178534572139325,+0000.8650295172247431,+0000.0486972724497449,+0000.0000000000000000
+0000.0632976962852948,+0000.0181980100717764,+0000.8677308906121927,+0000.0507734030307360,+0000.0000000000000000
+0000.0583651388619577,+0000.0185322489037785,+0000.8702065449965116,+0000.0528960672377519,+0000.0000000000000000
+0000.0536239796698657,+0000.0188557772753977,+0000.8724550731185831,+0000.0550651699361532,+0000.0000000000000000
+0000.0490760019787678,+0000.0191682149078813,+0000.8744751904259080,+0000.0572805926874428,+0000.0000000000000000
+0000.0447228726085872,+0000.0194691978596132,+0000.8762657358645359,+0000.0595421936672637,+0000.0000000000000000
+0000.0405661411071009,+0000.0197583786965809,+0000.8778256725999957,+0000.0618498075963225,+0000.0000000000000000
+0000.0366072389951891,+0000.0200354266511863,+0000.8791540886694610,+0000.0642032456841636,+0000.0000000000000000
+0000.0328474790845445,+0000.0203000277700934,+0000.8802501975603020,+0000.0666022955850600,+0000.0000000000000000
+0000.0292880548630817,+0000.0205518850504486,+0000.8811133387189940,+0000.0690467213674755,+0000.0000000000000000
+0000.0259300399524946,+0000.0207907185646893,+0000.8817429779871405,+0000.0715362634956755,+0000.0000000000000000
+0000.0227743876364893,+0000.0210162655738326,+0000.8821387079655283,+0000.0740706388241500,+0000.0000000000000000
+0000.0198219304588195,+0000.0212282806291107,+0000.8823002483064347,+0000.0766495406056349,+0000.0000000000000000
+0000.0170733798945065,+0000.0214265356621353,+0000.8822274459323721,+0000.0792726385109860,+0000.0000000000000000
+0000.0145293260906575,+0000.0216108200632424,+0000.8819202751830952,+0000.0819395786630049,+0000.0000000000000000
+0000.0121902376800664,+0000.0217809407482204,+0000.8813788378892824,+0000.0846499836824308,+0000.0000000000000000
+0000.0100564616663176,+0000.0219367222133366,+0000.8806033633735303,+0000.0874034527468155,+0000.0000000000000000
+0000.0081282233797109,+0000.0220780065785126,+0000.8795942083787035,+0000.0901995616630730,+0000.0000000000000000
+0000.0064056265061967,+0000.0222046536190833,+0000.8783518569227708,+0000.0930378629519489,+0000.0000000000000000
+0000.0048886531866666,+0000.0223165407853194,+0000.8768769200819313,+0000.0959178859460827,+0000.0000000000000000
+0000.0035771641886858,+0000.0224135632107132,+0000.8751701356999499,+0000.0988391369006510,+0000.0000000000000000
+0000.0024708991494556,+0000.0224956337082464,+0000.8732323680259615,+0000.1018010991163365,+0000.0000000000000000
+0000.0015694768896083,+0000.0225626827550421,+0000.8710646072791212,+0000.1048032330762287,+0000.0000000000000000
+0000.0008723957987199,+0000.0226146584653984,+0000.8686679691419708,+0000.1078449765939108,+0000.0000000000000000
+0000.0003790342910120,+0000.0226515265520305,+0000.8660436941813875,+0000.1109257449755697,+0000.0000000000000000
+0000.0000886513319675,+0000.0226732702759538,+0000.8631931471981165,+0000.1140449311939620,+0000.0000000000000000
+0000.0000003870349602,+0000.0226798903846337,+0000.8601178165058461,+0000.1172019060745600,+0000.0000000000000000
+0000.0001132633276239,+0000.0226714050386795,+0000.8568193131383463,+0000.1203960184953502,+0000.0000000000000000
+0000.0004261846876779,+0000.0226478497272057,+0000.8532993699877659,+0000.1236265955973504,+0000.0000000000000000
+0000.0009379389476578,+0000.0226092771716128,+0000.8495598408719205,+0000.1268929430088090,+0000.0000000000000000
+0000.0016471981680583,+0000.0225557572184716,+0000.8456026995325057,+0000.1301943450809643,+0000.0000000000000000
+0000.0025525195782435,+0000.0224873767207180,+0000.8414300385660198,+0000.1335300651350184,+0000.0000000000000000
+0000.0036523465849559,+0000.0224042394081425,+0000.8370440682839360,+0000.1368993457229656,+0000.0000000000000000
+0000.0049450098470427,+0000.0223064657466845,+0000.8324471155082804,+0000.1403014088979921,+0000.0000000000000000
+0000.0064287284167567,+0000.0221941927867899,+0000.8276416222979978,+0000.1437354564984556,+0000.0000000000000000
+0000.0081016109460184,+0000.0220675740010612,+0000.8226301446106740,+0000.1472006704422463,+0000.0000000000000000
+0000.0099616569571640,+0000.0219267791111309,+0000.8174153508993572,+0000.1506962130323480,+0000.0000000000000000
+0000.0120067581781835,+0000.0217719939040491,+0000.8120000206425969,+0000.1542212272751705,+0000.0000000000000000
+0000.0142346999399754,+0000.0216034200382150,+0000.8063870428139747,+0000.1577748372078349,+0000.0000000000000000
+0000.0166431626368645,+0000.0214212748389213,+0000.8005794142858627,+0000.1613561482383514,+0000.0000000000000000
+0000.0192297232476796,+0000.0212257910838613,+0000.7945802381731091,+0000.1649642474953500,+0000.0000000000000000
+0000.0219918569171158,+0000.0210172167785128,+0000.7883927221162099,+0000.1685982041881616,+0000.0000000000000000
+0000.0249269385974827,+0000.0207958149218312,+0000.7820201765015782,+0000.1722570699791077,+0000.0000000000000000
+0000.0280322447474648,+0000.0205618632619660,+0000.7754660126273156,+0000.1759398793632533,+0000.0000000000000000
+0000.0313049550897871,+0000.0203156540427111,+0000.7687337408065626,+0000.1796456500609392,+0000.0000000000000000
+0000.0347421544242522,+0000.0200574937404205,+0000.7618269684170069,+0000.1833733834183202,+0000.0000000000000000
+0000.0383408344959070,+0000.0197877027918604,+0000.7547493978945111,+0000.1871220648177216,+0000.0000000000000000
+0000.0420978959187271,+0000.0195066153128841,+0000.7475048246696987,+0000.1908906640986901,+0000.0000000000000000
+0000.0460101501503038,+0000.0192145788084393,+0000.7400971350551256,+0000.1946781359861311,+0000.0000000000000000
+0000.0500743215203797,+0000.0189119538738833,+0000.7325303040760162,+0000.1984834205297208,+0000.0000000000000000
+0000.0542870493086682,+0000.0185991138878428,+0000.7248083932530776,+0000.2023054435504113,+0000.0000000000000000
+0000.0586448898719043,+0000.0182764446969460,+0000.7169355483355200,+0000.2061431170956296,+0000.0000000000000000
+0000.0631443188206464,+0000.0179443442923459,+0000.7089159969829320,+0000.2099953399040758,+0000.0000000000000000
+0000.0677817332404524,+0000.0176032224785987,+0000.7007540464045834,+0000.2138609978763654,+0000.0000000000000000
+0000.0725534539609188,+0000.0172535005349624,+0000.6924540809480599,+0000.2177389645560588,+0000.0000000000000000
+0000.0774557278673746,+0000.0168956108690500,+0000.6840205596476102,+0000.2216281016159651,+0000.0000000000000000
+0000.0824847302550039,+0000.0165299966637976,+0000.6754580137285037,+0000.2255272593526947,+0000.0000000000000000
+0000.0876365672263666,+0000.0161571115170238,+0000.6667710440676399,+0000.2294352771889694,+0000.0000000000000000
+0000.0929072781259093,+0000.0157774190747117,+0000.6579643186184404,+0000.2333509841809386,+0000.0000000000000000
+0000.0982928380158497,+0000.0153913926575451,+0000.6490425697925959,+0000.2372731995340089,+0000.0000000000000000
+0000.1037891601871599,+0000.0149995148813531,+0000.6400105918081058,+0000.2412007331233809,+0000.0000000000000000
+0000.1093920987058613,+0000.0146022772717724,+0000.6308732380014241,+0000.2451323860209421,+0000.0000000000000000
+0000.1150974509955413,+0000.0142001798728183,+0000.6216354181028405,+0000.2490669510287999,+0000.0000000000000000
+0000.1209009604490608,+0000.0137937308503961,+0000.6123020954841414,+0000.2530032132164016,+0000.0000000000000000
+0000.1267983190743912,+0000.0133834460902967,+0000.6028782843705124,+0000.2569399504647995,+0000.0000000000000000
+0000.1327851701676812,+0000.0129698487913601,+0000.5933690470267963,+0000.2608759340141624,+0000.0000000000000000
+0000.1388571110138010,+0000.0125534690542157,+0000.5837794909154972,+0000.2648099290164858,+0000.0000000000000000
+0000.1450096956156313,+0000.0121348434649923,+0000.5741147658264905,+0000.2687406950928856,+0000.0000000000000000
+0000.1512384374440826,+0000.0117145146755929,+0000.5643800609864715,+0000.2726669868938527,+0000.0000000000000000
+0000.1575388122146866,+0000.0112930309795168,+0000.5545806021412627,+0000.2765875546645335,+0000.0000000000000000
+0000.1639062606830014,+0000.0108709458843782,+0000.5447216486203472,+0000.2805011448122728,+0000.0000000000000000
+0000.1703361914595319,+0000.0104488176810856,+0000.5348084903821557,+0000.2844065004772267,+0000.0000000000000000
+0000.1768239838450726,+0000.0100272090096798,+0000.5248464450383955,+0000.2883023621068520,+0000.0000000000000000
+0000.1833649906784452,+0000.0096066864228461,+0000.5148408548674376,+0000.2921874680312708,+0000.0000000000000000
+0000.1899545412025999,+0000.0091878199464649,+0000.5047970838085799,+0000.2960605550423550,+0000.0000000000000000
+0000.1965879439410012,+0000.0087711826382198,+0000.4947205144472514,+0000.2999203589735274,+0000.0000000000000000
+0000.2032604895850966,+0000.0083573501442591,+0000.4846165449895452,+0000.3037656152810992,+0000.0000000000000000
+0000.2099674538938370,+0000.0079469002539188,+0000.4744905862243664,+0000.3075950596278776,+0000.0000000000000000
+0000.2167041005968198,+0000.0075404124535791,+0000.4643480584832053,+0000.3114074284663955,+0000.0000000000000000
+0000.2234656843076061,+0000.0071384674788087,+0000.4541943885899531,+0000.3152014596236317,+0000.0000000000000000
+0000.2302474534383496,+0000.0067416468662234,+0000.4440350068096617,+0000.3189758928857650,+0000.0000000000000000
+0000.2370446531171519,+0000.0063505325046156,+0000.4338753437959990,+0000.3227294705822331,+0000.0000000000000000
+0000.2438525281087258,+0000.0059657061857390,+0000.4237208275345637,+0000.3264609381709710,+0000.0000000000000000
+0000.2506663257301968,+0000.0055877491554236,+0000.4135768802932935,+0000.3301690448210858,+0000.0000000000000000
+0000.2574812987682267,+0000.0052172416646969,+0000.4034489155708322,+0000.3338525439962442,+0000.0000000000000000
+0000.2642927083889656,+0000.0048547625218221,+0000.3933423350532739,+0000.3375101940359383,+0000.0000000000000000
+0000.2710958270420308,+0000.0045008886451291,+0000.3832625255780927,+0000.3411407587347473,+0000.0000000000000000
+0000.2778859413591809,+0000.0041561946169245,+0000.3732148561027670,+0000.3447430079211273,+0000.0000000000000000
+0000.2846583550395009,+0000.0038212522391291,+0000.3632046746892162,+0000.3483157180321537,+0000.0000000000000000
+0000.2914083917273345,+0000.0034966300903730,+0000.3532373054949919,+0000.3518576726873003,+0000.0000000000000000
+0000.2981313978743668,+0000.0031828930854398,+0000.3433180457813321,+0000.3553676632588611,+0000.0000000000000000
+0000.3048227455874524,+0000.0028806020368045,+0000.3334521629375697,+0000.3588444894381732,+0000.0000000000000000
+0000.3114778354622650,+0000.0025903132188451,+0000.3236448915182505,+0000.3622869598006390,+0000.0000000000000000
+0000.3180920993953020,+0000.0023125779350101,+0000.3139014303051234,+0000.3656938923645642,+0000.0000000000000000
+0000.3246610033799495,+0000.0020479420879817,+0000.3042269393841283,+0000.3690641151479401,+0000.0000000000000000
+0000.3311800502786176,+0000.0017969457534041,+0000.2946265372482559,+0000.3723964667197222,+0000.0000000000000000
+0000.3376447825719938,+0000.0015601227572677,+0000.2851052979244662,+0000.3756897967462720,+0000.0000000000000000
+0000.3440507850860041,+0000.0013380002572135,+0000.2756682481223905,+0000.3789429665343916,+0000.0000000000000000
+0000.3503936876889560,+0000.0011310983281757,+0000.2663203644158189,+0000.3821548495670490,+0000.0000000000000000
+0000.3566691679644909,+0000.0009399295523951,+0000.2570665704476789,+0000.3853243320354345,+0000.0000000000000000
+0000.3628729538526304,+0000.0007649986142983,+0000.2479117341689469,+0000.3884503133641241,+0000.0000000000000000
+0000.3690008262599903,+0000.0006068019003584,+0000.2388606651097267,+0000.3915317067299242,+0000.0000000000000000
+0000.3750486216395679,+0000.0004658271042201,+0000.2299181116801498,+0000.3945674395760619,+0000.0000000000000000
+0000.3810122345333453,+0000.0003425528373657,+0000.2210887585121635,+0000.3975564541171253,+0000.0000000000000000
+0000.3868876200824374,+0000.0002374482455472,+0000.2123772238323355,+0000.4004977078396795,+0000.0000000000000000
+0000.3926707964981112,+0000.0001509726312505,+0000.2037880568766340,+0000.4033901739940038,+0000.0000000000000000
+0000.3983578474942526,+0000.0000835750824296,+0000.1953257353446475,+0000.4062328420786699,+0000.0000000000000000
+0000.4039449246820973,+0000.0000356941077054,+0000.1869946628918550,+0000.4090247183183420,+0000.0000000000000000
+0000.4094282499203651,+0000.0000077572783438,+0000.1787991666692859,+0000.4117648261320049,+0000.0000000000000000
+0000.4148041176257452,+0000.0000001808771676,+0000.1707434949023059,+0000.4144522065947810,+0000.0000000000000000
+0000.4200688970372363,+0000.0000133695546744,+0000.1628318145181526,+0000.4170859188899362,+0000.0000000000000000
+0000.4252190344350074,+0000.0000477159925557,+0000.1550682088200081,+0000.4196650407524285,+0000.0000000000000000
+0000.4302510553144854,+0000.0001036005748536,+0000.1474566752063170,+0000.4221886689043433,+0000.0000000000000000
+0000.4351615665094659,+0000.0001813910669471,+0000.1400011229439391,+0000.4246559194796478,+0000.0000000000000000
+0000.4399472582685839,+0000.0002814423025884,+0000.1327053709873786,+0000.4270659284414487,+0000.0000000000000000
+0000.4446049062796917,+0000.0004040958792127,+0000.1255731458533575,+0000.4294178519877375,+0000.0000000000000000
+0000.4491313736421116,+0000.0005496798616306,+0000.1186080795478675,+0000.4317108669483898,+0000.0000000000000000
+0000.4535236127880308,+0000.0007185084944544,+0000.1118137075453642,+0000.4339441711721503,+0000.0000000000000000
+0000.4577786673470541,+0000.0009108819232428,+0000.1051934668271832,+0000.4361169839025194,+0000.0000000000000000
+0000.4618936739582110,+0000.0011270859247553,+0000.0987506939727938,+0000.4382285461442394,+0000.0000000000000000
+0000.4658658640240528,+0000.0013673916463453,+0000.0924886233114067,+0000.4402781210181949,+0000.0000000000000000
+0000.4696925654073835,+0000.0016320553546404,+0000.0864103851320528,+0000.4422649941059227,+0000.0000000000000000
+0000.4733712040713943,+0000.0019213181939052,+0000.0805190039514214,+0000.4441884737832786,+0000.0000000000000000
+0000.4768993056581671,+0000.0022354059538852,+0000.0748173968457674,+0000.4460478915421799,+0000.0000000000000000
+0000.4802744970092014,+0000.0025745288476636,+0000.0693083718412705,+0000.4478426023018641,+0000.0000000000000000
+0000.4834945076234605,+0000.0029388812994191,+0000.0639946263693734,+0000.4495719847077467,+0000.0000000000000000
+0000.4865571710532607,+0000.0033286417421629,+0000.0588787457852952,+0000.4512354414192807,+0000.0000000000000000
+0000.4894604262390424,+0000.0037439724260949,+0000.0539632019494520,+0000.4528323993854101,+0000.0000000000000000
+0000.4922023187782514,+0000.0041850192368897,+0000.0492503518765425,+0000.4543623101083161,+0000.0000000000000000
+0000.4947810021319524,+0000.0046519115248851,+0000.0447424364480917,+0000.4558246498950702,+0000.0000000000000000
+0000.4971947387650729,+0000.0051447619446665,+0000.0404415791934765,+0000.4572189200967834,+0000.0000000000000000
+0000.4994419012210121,+0000.0056636663053587,+0000.0363497851382335,+0000.4585446473353951,+0000.0000000000000000
+0000.5015209731308793,+0000.0062087034320398,+0000.0324689397189753,+0000.4598013837181052,+0000.0000000000000000
+0000.5034305501541813,+0000.0067799350376316,+0000.0288008077691568,+0000.4609887070390299,+0000.0000000000000000
+0000.5051693408534699,+0000.0073774056062762,+0000.0253470325720133,+0000.4621062209682401,+0000.0000000000000000
+0000.5067361674999412,+0000.0080011422875282,+0000.0221091349847138,+0000.4631535552278161,+0000.0000000000000000
+0000.5081299668106014,+0000.0086511548017028,+0000.0190885126326735,+0000.4641303657550218,+0000.0000000000000000
+0000.5093497906171434,+0000.0093274353568490,+0000.0162864391735381,+0000.4650363348524690,+0000.0000000000000000
+0000.5103948064642503,+0000.0100299585763799,+0000.0137040636338946,+0000.4658711713254747,+0000.0000000000000000
+0000.5112642981394195,+0000.0107586814388694,+0000.0113424098161048,+0000.4666346106056057,+0000.0000000000000000
+0000.5119576661317187,+0000.0115135432286171,+0000.0092023757778899,+0000.4673264148617738,+0000.0000000000000000
+0000.5124744280205835,+0000.0122944654978831,+0000.0072847333840580,+0000.4679463730974749,+0000.0000000000000000
+0000.5128142187941991,+0000.0131013520408806,+0000.0055901279298659,+0000.4684943012350539,+0000.0000000000000000
+0000.5129767910966886,+0000.0139340888787694,+0000.0041190778380912,+0000.4689700421864501,+0000.0000000000000000
+0000.5129620154047979,+0000.0147925442568152,+0000.0028719744278880,+0000.4693734659104983,+0000.0000000000000000
+0000.5127698801331351,+0000.0156765686525791,+0000.0018490817571800,+0000.4697044694571053,+0000.0000000000000000
+0000.5124004916685798,+0000.0165859947958287,+0000.0010505365379321,+0000.4699629769976587,+0000.0000000000000000
+0000.5118540743334030,+0000.0175206377003345,+0000.0004763481241021,+0000.4701489398421599,+0000.0000000000000000
+0000.5111309702773488,+0000.0184802947066166,+0000.0001263985730872,+0000.4702623364429470,+0000.0000000000000000
+0000.5102316392985888,+0000.0194647455369786,+0000.0000004427797415,+0000.4703031723846905,+0000.0000000000000000
+0000.5091566585935426,+0000.0204737523613245,+0000.0000981086835308,+0000.4702714803616013,+0000.0000000000000000
+0000.5079067224363860,+0000.0215070598749728,+0000.0004188975482992,+0000.4701673201403416,+0000.0000000000000000
+0000.5064826417871047,+0000.0225643953878698,+0000.0009621843146974,+0000.4699907785103276,+0000.0000000000000000
+0000.5048853438299719,+0000.0236454689248691,+0000.0017272180248323,+0000.4697419692203261,+0000.0000000000000000
+0000.5031158714411043,+0000.0247499733379561,+0000.0027131223192320,+0000.4694210329017073,+0000.0000000000000000
+0000.5011753825865973,+0000.0258775844293168,+0000.0039188960054758,+0000.4690281369786096,+0000.0000000000000000
+0000.4990651496513412,+0000.0270279610857609,+0000.0053434136981223,+0000.4685634755647751,+0000.0000000000000000
+0000.4967865586978324,+0000.0282007454245998,+0000.0069854265302530,+0000.4680272693473142,+0000.0000000000000000
+0000.4943411086575291,+0000.0293955629500984,+0000.0088435629348932,+0000.4674197654574786,+0000.0000000000000000
+0000.4917304104527584,+0000.0306120227216119,+0000.0109163294974616,+0000.4667412373281676,+0000.0000000000000000
+0000.4889561860516700,+0000.0318497175321285,+0000.0132021118773671,+0000.4659919845388338,+0000.0000000000000000
+0000.4860202674562221,+0000.0331082240977929,+0000.0156991757985674,+0000.4651723326474171,+0000.0000000000000000
+0000.4829245956223156,+0000.0343871032582901,+0000.0184056681096950,+0000.4642826330096989,+0000.0000000000000000
+0000.4796712193158985,+0000.0356859001876880,+0000.0213196179105966,+0000.4633232625858164,+0000.0000000000000000
+0000.4762622939018117,+0000.0370041446159517,+0000.0244389377477427,+0000.4622946237344936,+0000.0000000000000000
+0000.4727000800693642,+0000.0383413510607111,+0000.0277614248751418,+0000.4611971439947826,+0000.0000000000000000
+0000.4689869424940927,+0000.0396970190690982,+0000.0312847625809978,+0000.4600312758558108,+0000.0000000000000000
+0000.4651253484351355,+0000.0410706334703081,+0000.0350065215806876,+0000.4587974965138683,+0000.0000000000000000
+0000.4611178662724407,+0000.0424616646373721,+0000.0389241614720126,+0000.4574963076181742,+0000.0000000000000000
+0000.4569671639804047,+0000.0438695687593739,+0000.0430350322559118,+0000.4561282350043090,+0000.0000000000000000
+0000.4526760075425340,+0000.0452937881230274,+0000.0473363759182364,+0000.4546938284162016,+0000.0000000000000000
+0000.4482472593065717,+0000.0467337514035985,+0000.0518253280730168,+0000.4531936612168124,+0000.0000000000000000
+0000.4436838762794207,+0000.0481888739658224,+0000.0564989196679552,+0000.4516283300868012,+0000.0000000000000000
+0000.4389889083669550,+0000.0496585581732177,+0000.0613540787469986,+0000.4499984547128282,+0000.0000000000000000
+0000.4341654965545964,+0000.0511421937068414,+0000.0663876322742205,+0000.4483046774643413,+0000.0000000000000000
+0000.4292168710343475,+0000.0526391578930486,+0000.0715963080131597,+0000.4465476630594435,+0000.0000000000000000
+0000.4241463492771852,+0000.0541488160390108,+0000.0769767364628398,+0000.4447280982209638,+0000.0000000000000000
+0000.4189573340505235,+0000.0556705217779012,+0000.0825254528507616,+0000.4428466913208133,+0000.0000000000000000
+0000.4136533113862637,+0000.0572036174210731,+0000.0882388991771837,+0000.4409041720154789,+0000.0000000000000000
+0000.4082378484950978,+0000.0587474343193001,+0000.0941134263153024,+0000.4389012908702994,+0000.0000000000000000
+0000.4027145916330490,+0000.0603012932313282,+0000.1001452961610427,+0000.4368388189745796,+0000.0000000000000000
+0000.3970872639195170,+0000.0618645046996482,+0000.1063306838333780,+0000.4347175475474563,+0000.0000000000000000
+0000.3913596631062011,+0000.0634363694347424,+0000.1126656799258566,+0000.4325382875331995,+0000.0000000000000000
+0000.3855356593031977,+0000.0650161787052291,+0000.1191462928027071,+0000.4303018691888655,+0000.0000000000000000
+0000.3796191926574349,+0000.0666032147360190,+0000.1257684509448633,+0000.4280091416616822,+0000.0000000000000000
+0000.3736142709900942,+0000.0681967511126894,+0000.1325280053387162,+0000.4256609725584998,+0000.0000000000000000
+0000.3675249673921404,+0000.0697960531916730,+0000.1394207319088842,+0000.4232582475073021,+0000.0000000000000000
+0000.3613554177775056,+0000.0714003785184139,+0000.1464423339952419,+0000.4208018697088381,+0000.0000000000000000
+0000.3551098184004374,+0000.0730089772493832,+0000.1535884448676632,+0000.4182927594825161,+0000.0000000000000000
+0000.3487924233321347,+0000.0746210925815412,+0000.1608546302836333,+0000.4157318538026905,+0000.0000000000000000
+0000.3424075419036557,+0000.0762359611865447,+0000.1682363910812499,+0000.4131201058285491,+0000.0000000000000000
+0000.3359595361142295,+0000.0778528136495308,+0000.1757291658089618,+0000.4104584844272775,+0000.0000000000000000
+0000.3294528180044634,+0000.0794708749146830,+0000.1833283333922701,+0000.4077479736885832,+0000.0000000000000000
+0000.3228918470014540,+0000.0810893647332937,+0000.1910292158303521,+0000.4049895724349000,+0000.0000000000000000
+0000.3162811272305908,+0000.0827074981180829,+0000.1988270809281479,+0000.4021842937231781,+0000.0000000000000000
+0000.3096252048014187,+0000.0843244858006654,+0000.2067171450560480,+0000.3993331643418674,+0000.0000000000000000
+0000.3029286650668455,+0000.0859395346929077,+0000.2146945759381027,+0000.3964372243021437,+0000.0000000000000000
+0000.2961961298548383,+0000.0875518483529428,+0000.2227544954699056,+0000.3934975263223129,+0000.0000000000000000
+0000.2894322546802566,+0000.0891606274526516,+0000.2308919825579389,+0000.3905151353091524,+0000.0000000000000000
+0000.2826417259313539,+0000.0907650702505024,+0000.2391020759862035,+0000.3874911278319398,+0000.0000000000000000
+0000.2758292580384032,+0000.0923643730652615,+0000.2473797773026966,+0000.3844265915936382,+0000.0000000000000000
+0000.2689995906239834,+0000.0939577307528960,+0000.2557200537257194,+0000.3813226248974010,+0000.0000000000000000
+0000.2621574856339086,+0000.0955443371864694,+0000.2641178410718329,+0000.3781803361077886,+0000.0000000000000000
+0000.2553077244567263,+0000.0971233857361029,+0000.2725680466967170,+0000.3750008431104535,+0000.0000000000000000
+0000.2484551050261713,+0000.0986940697529281,+0000.2810655524549854,+0000.3717852727659150,+0000.0000000000000000
+0000.2416044389142476,+0000.1002555830524284,+0000.2896052176713054,+0000.3685347603620182,+0000.0000000000000000
+0000.2347605484144323,+0000.1018071203996220,+0000.2981818821227451,+0000.3652504490632004,+0000.0000000000000000
+0000.2279282636142400,+0000.1033478779954132,+0000.3067903690341696,+0000.3619334893561771,+0000.0000000000000000
+0000.2211124194635259,+0000.1048770539627420,+0000.3154254880791771,+0000.3585850384945548,+0000.0000000000000000
+0000.2143178528379833,+0000.1063938488332377,+0000.3240820383873730,+0000.3552062599414058,+0000.0000000000000000
+0000.2075493995968865,+0000.1078974660337056,+0000.3327548115601941,+0000.3517983228092136,+0000.0000000000000000
+0000.2008118916434353,+0000.1093871123723752,+0000.3414385946842026,+0000.3483624012999868,+0000.0000000000000000
+0000.1941101539814944,+0000.1108619985243051,+0000.3501281733513339,+0000.3448996741428663,+0000.0000000000000000
+0000.1874490017770637,+0000.1123213395158309,+0000.3588183346750432,+0000.3414113240320621,+0000.0000000000000000
+0000.1808332374235518,+0000.1137643552077597,+0000.3675038703042677,+0000.3378985370644209,+0000.0000000000000000
+0000.1742676476100425,+0000.1151902707769386,+0000.3761795794372074,+0000.3343625021758112,+0000.0000000000000000
+0000.1677570004007169,+0000.1165983171962006,+0000.3848402718237607,+0000.3308044105793216,+0000.0000000000000000
+0000.1613060423194433,+0000.1179877317119302,+0000.3934807707662418,+0000.3272254552023846,+0000.0000000000000000
+0000.1549194954476651,+0000.1193577583193210,+0000.4020959161071954,+0000.3236268301258184,+0000.0000000000000000
+0000.1486020545346654,+0000.1207076482346051,+0000.4106805672065946,+0000.3200097300241346,+0000.0000000000000000
+0000.1423583841196185,+0000.1220366603649706,+0000.4192296059095434,+0000.3163753496058673,+0000.0000000000000000
+0000.1361931156730808,+0000.1233440617744704,+0000.4277379394947730,+0000.3127248830576755,+0000.0000000000000000
+0000.1301108447524223,+0000.1246291281465130,+0000.4362005036124251,+0000.3090595234886395,+0000.0000000000000000
+0000.1241161281789626,+0000.1258911442431801,+0000.4446122651999649,+0000.3053804623778924,+0000.0000000000000000
+0000.1182134812358289,+0000.1271294043590357,+0000.4529682253797863,+0000.3016888890253487,+0000.0000000000000000
+0000.1124073748862231,+0000.1283432127720109,+0000.4612634223380989,+0000.2979859900036668,+0000.0000000000000000
+0000.1067022330192112,+0000.1295318841886106,+0000.4694929341765504,+0000.2942729486156277,+0000.0000000000000000
+0000.1011024297179901,+0000.1306947441842885,+0000.4776518817446022,+0000.2905509443531192,+0000.0000000000000000
+0000.0956122865579020,+0000.1318311296393481,+0000.4857354314417646,+0000.2868211523609853,+0000.0000000000000000
+0000.0902360699333279,+0000.1329403891679360,+0000.4937387979933399,+0000.2830847429053961,+0000.0000000000000000
+0000.0849779884132507,+0000.1340218835427951,+0000.5016572471990580,+0000.2793428808448962,+0000.0000000000000000
+0000.0798421901320318,+0000.1350749861127197,+0000.5094860986468308,+0000.2755967251084178,+0000.0000000000000000
+0000.0748327602109375,+0000.1360990832146404,+0000.5172207283983626,+0000.2718474281760593,+0000.0000000000000000
+0000.0699537182169618,+0000.1370935745789041,+0000.5248565716376604,+0000.2680961355664733,+0000.0000000000000000
+0000.0652090156582988,+0000.1380578737268425,+0000.5323891252848677,+0000.2643439853299909,+0000.0000000000000000
+0000.0606025335163703,+0000.1389914083633312,+0000.5398139505745952,+0000.2605921075457032,+0000.0000000000000000
+0000.0561380798202017,+0000.1398936207597469,+0000.5471266755929183,+0000.2568416238271330,+0000.0000000000000000
+0000.0518193872593817,+0000.1407639681311214,+0000.5543229977776922,+0000.2530936468318047,+0000.0000000000000000
+0000.0476501108413773,+0000.1416019230049784,+0000.5613986863747999,+0000.2493492797788444,+0000.0000000000000000
+0000.0436338255927079,+0000.1424069735813067,+0000.5683495848523991,+0000.2456096159735864,+0000.0000000000000000
+0000.0397740243040144,+0000.1431786240863165,+0000.5751716132722009,+0000.2418757383374680,+0000.0000000000000000
+0000.0360741153240541,+0000.1439163951154980,+0000.5818607706127117,+0000.2381487189477363,+0000.0000000000000000
+0000.0325374203995194,+0000.1446198239697342,+0000.5884131370484217,+0000.2344296185823248,+0000.0000000000000000
+0000.0291671725656356,+0000.1452884649816825,+0000.5948248761786356,+0000.2307194862740464,+0000.0000000000000000
+0000.0259665140872133,+0000.1459218898330985,+0000.6010922372068916,+0000.2270193588727965,+0000.0000000000000000
+0000.0229384944502821,+0000.1465196878636973,+0000.6072115570715199,+0000.2233302606145008,+0000.0000000000000000
+0000.0200860684085216,+0000.1470814663688896,+0000.6131792625217291,+0000.2196532027008598,+0000.0000000000000000
+0000.0174120940821206,+0000.1476068508900334,+0000.6189918721424934,+0000.2159891828853525,+0000.0000000000000000
+0000.0149193311130808,+0000.1480954854928674,+0000.6246459983242090,+0000.2123391850698428,+0000.0000000000000000
+0000.0126104388768264,+0000.1485470330368452,+0000.6301383491762180,+0000.2087041789101103,+0000.0000000000000000
+0000.0104879747504024,+0000.1489611754346467,+0000.6354657303856701,+0000.2050851194292809,+0000.0000000000000000
+0000.0085543924405041,+0000.1493376138998109,+0000.6406250470166740,+0000.2014829466430109,+0000.0000000000000000
+0000.0068120403697872,+0000.1496760691859259,+0000.6456133052522832,+0000.1978985851920039,+0000.0000000000000000
+0000.0052631601244937,+0000.1499762818132054,+0000.6504276140762565,+0000.1943329439860445,+0000.0000000000000000
+0000.0039098849633937,+0000.1502380122852213,+0000.6550651868934795,+0000.1907869158579056,+0000.0000000000000000
+0000.0027542383885208,+0000.1504610412945859,+0000.6595233430907321,+0000.1872613772261611,+0000.0000000000000000
+0000.0017981327798971,+0000.1506451699170249,+0000.6637995095326459,+0000.1837571877704319,+0000.0000000000000000
+0000.0010433680935540,+0000.1507902197950125,+0000.6678912219963596,+0000.1802751901150738,+0000.0000000000000000
+0000.0004916306248454,+0000.1508960333087151,+0000.6717961265413822,+0000.1768162095250571,+0000.0000000000000000
+0000.0001444918371975,+0000.1509624737369950,+0000.6755119808133478,+0000.1733810536124598,+0000.0000000000000000
+0000.0000034072569766,+0000.1509894254054801,+0000.6790366552847230,+0000.1699705120528203,+0000.0000000000000000
+0000.0000697154355462,+0000.1509767938234669,+0000.6823681344265228,+0000.1665853563144640,+0000.0000000000000000
+0000.0003446369787535,+0000.1509245058093401,+0000.6855045178148107,+0000.1632263393970956,+0000.0000000000000000
+0000.0008292736447149,+0000.1508325096029019,+0000.6884440211692074,+0000.1598941955831757,+0000.0000000000000000
+0000.0015246075102065,+0000.1507007749672685,+0000.6911849773219572,+0000.1565896402005680,+0000.0000000000000000
+0000.0024315002065607,+0000.1505292932772904,+0000.6937258371204773,+0000.1533133693956716,+0000.0000000000000000
+0000.0035506922249483,+0000.1503180775965527,+0000.6960651702584750,+0000.1500660599200237,+0000.0000000000000000
+0000.0048828022922706,+0000.1500671627420116,+0000.6982016660389017,+0000.1468483689268161,+0000.0000000000000000
+0000.0064283268173451,+0000.1497766053361867,+0000.7001341340659367,+0000.1436609337805313,+0000.0000000000000000
+0000.0081876394078776,+0000.1494464838474147,+0000.7018615048662528,+0000.1405043718784550,+0000.0000000000000000
+0000.0101609904593264,+0000.1490768986168235,+0000.7033828304407742,+0000.1373792804830759,+0000.0000000000000000
+0000.0123485068143182,+0000.1486679718742980,+0000.7046972847431563,+0000.1342862365682272,+0000.0000000000000000
+0000.0147501914948568,+0000.1482198477405761,+0000.7058041640888736,+0000.1312257966756935,+0000.0000000000000000
+0000.0173659235057784,+0000.1477326922177196,+0000.7067028874913888,+0000.1281984967851132,+0000.0000000000000000
+0000.0201954577101492,+0000.1472066931671270,+0000.7073929969266409,+0000.1252048521960830,+0000.0000000000000000
+0000.0232384247779067,+0000.1466420602741464,+0000.7078741575265026,+0000.1222453574214443,+0000.0000000000000000
+0000.0264943312051795,+0000.1460390250017083,+0000.7081461576986570,+0000.1193204860944553,+0000.0000000000000000
+0000.0299625594075357,+0000.1453978405299455,+0000.7082089091758379,+0000.1164306908866811,+0000.0000000000000000
+0000.0336423678843877,+0000.1447187816843171,+0000.7080624469920264,+0000.1135764034392689,+0000.0000000000000000
+0000.0375328914554520,+0000.1440021448509368,+0000.7077069293870549,+0000.1107580343065563,+0000.0000000000000000
+0000.0416331415707370,+0000.1432482478794219,+0000.7071426376389137,+0000.1079759729109274,+0000.0000000000000000
+0000.0459420066903089,+0000.1424574299738042,+0000.7063699758242994,+0000.1052305875115875,+0000.0000000000000000
+0000.0504582527380547,+0000.1416300515700255,+0000.7053894705078205,+0000.1025222251840992,+0000.0000000000000000
+0000.0551805236254565,+0000.1407664942027194,+0000.7042017703586432,+0000.0998512118131810,+0000.0000000000000000
+0000.0601073418464996,+0000.1398671603582656,+0000.7028076456974042,+0000.0972178520978307,+0000.0000000000000000
+0000.0652371091453296,+0000.1389324733164504,+0000.7012079879706151,+0000.0946224295676052,+0000.0000000000000000
+0000.0705681072517469,+0000.1379628769802121,+0000.6994038091554462,+0000.0920652066125948,+0000.0000000000000000
+0000.0760984986897112,+0000.1369588356922607,+0000.6973962410939558,+0000.0895464245240724,+0000.0000000000000000
+0000.0818263276536907,+0000.1359208340413889,+0000.6951865347567844,+0000.0870663035481360,+0000.0000000000000000
+0000.0877495209541688,+0000.1348493766554676,+0000.6927760594389565,+0000.0846250429514072,+0000.0000000000000000
+0000.0938658890340885,+0000.1337449879834516,+0000.6901663018847742,+0000.0822228210976855,+0000.0000000000000000
+0000.1001731270501858,+0000.1326082120656813,+0000.6873588653462569,+0000.0798597955378761,+0000.0000000000000000
+0000.1066688160252856,+0000.1314396122923489,+0000.6843554685720594,+0000.0775361031103062,+0000.0000000000000000
+0000.1133504240652964,+0000.1302397711511110,+0000.6811579447299598,+0000.0752518600536327,+0000.0000000000000000
+0000.1202153076423676,+0000.1290092899625101,+0000.6777682402637818,+0000.0730071621313404,+0000.0000000000000000
+0000.1272607129461433,+0000.1277487886054380,+0000.6741884136816103,+0000.0708020847668085,+0000.0000000000000000
+0000.1344837772960048,+0000.1264589052305297,+0000.6704206342823840,+0000.0686366831910815,+0000.0000000000000000
+0000.1418815306212152,+0000.1251402959631623,+0000.6664671808150376,+0000.0665109926005848,+0000.0000000000000000
+0000.1494508970016434,+0000.1237936345960025,+0000.6623304400755388,+0000.0644250283268153,+0000.0000000000000000
+0000.1571886962707001,+0000.1224196122701736,+0000.6580129054421069,+0000.0623787860170193,+0000.0000000000000000
+0000.1650916456825597,+0000.1210189371471304,+0000.6535171753454022,+0000.0603722418249076,+0000.0000000000000000
+0000.1731563616355409,+0000.1195923340693832,+0000.6488459516817857,+0000.0584053526132900,+0000.0000000000000000
+0000.1813793614593681,+0000.1181405442115951,+0000.6440020381629450,+0000.0564780561660918,+0000.0000000000000000
+0000.1897570652580006,+0000.1166643247218117,+0000.6389883386086320,+0000.0545902714115557,+0000.0000000000000000
+0000.1982857978098011,+0000.1151644483530440,+0000.6338078551814935,+0000.0527418986556612,+0000.0000000000000000
+0000.2069617905272668,+0000.1136417030853305,+0000.6284636865624919,+0000.0509328198249110,+0000.0000000000000000
+0000.2157811834672437,+0000.1120968917382159,+0000.6229590260744492,+0000.0491628987200912,+0000.0000000000000000
+0000.2247400274000846,+0000.1105308315749524,+0000.6172971597462699,+0000.0474319812786930,+0000.0000000000000000
+0000.2338342859285400,+0000.1089443538968677,+0000.6114814643270019,+0000.0457398958475901,+0000.0000000000000000
+0000.2430598376582853,+0000.1073383036299242,+0000.6055154052467633,+0000.0440864534650269,+0000.0000000000000000
+0000.2524124784224149,+0000.1057135389024304,+0000.5994025345240187,+0000.0424714481511358,+0000.0000000000000000
+0000.2618879235499944,+0000.1040709306144038,+0000.5931464886272423,+0000.0408946572083593,+0000.0000000000000000
+0000.2714818101877828,+0000.1024113619996478,+0000.5867509862828885,+0000.0393558415296809,+0000.0000000000000000
+0000.2811896996650973,+0000.1007357281792201,+0000.5802198262396568,+0000.0378547459160254,+0000.0000000000000000
+0000.2910070799038685,+0000.0990449357082701,+0000.5735568849859092,+0000.0363910994019519,+0000.0000000000000000
+0000.3009293678762834,+0000.0973399021148629,+0000.5667661144199566,+0000.0349646155888969,+0000.0000000000000000
+0000.3109519120993986,+0000.0956215554325094,+0000.5598515394809594,+0000.0335749929871323,+0000.0000000000000000
+0000.3210699951763887,+0000.0938908337255632,+0000.5528172557334942,+0000.0322219153645537,+0000.0000000000000000
+0000.3312788363737041,+0000.0921486846078114,+0000.5456674269150503,+0000.0309050521034341,+0000.0000000000000000
+0000.3415735942363092,+0000.0903960647561020,+0000.5384062824432532,+0000.0296240585643356,+0000.0000000000000000
+0000.3519493692434422,+0000.0886339394162943,+0000.5310381148837886,+0000.0283785764564747,+0000.0000000000000000
+0000.3624012064937012,+0000.0868632819050096,+0000.5235672773857764,+0000.0271682342155127,+0000.0000000000000000
+0000.3729240984295595,+0000.0850850731052223,+0000.5159981810781396,+0000.0259926473870783,+0000.0000000000000000
+0000.3835129875900158,+0000.0833003009565081,+0000.5083352924365169,+0000.0248514190169591,+0000.0000000000000000
+0000.3941627693936655,+0000.0815099599416289,+0000.5005831306174893,+0000.0237441400472158,+0000.0000000000000000
+0000.4048682949546279,+0000.0797150505668586,+0000.4927462647609623,+0000.0226703897175508,+0000.0000000000000000
+0000.4156243739197216,+0000.0779165788395476,+0000.4848293112679999,+0000.0216297359727307,+0000.0000000000000000
+0000.4264257773372839,+0000.0761155557406359,+0000.4768369310475356,+0000.0206217358745444,+0000.0000000000000000
+0000.4372672405459452,+0000.0743129966939806,+0000.4687738267410148,+0000.0196459360190591,+0000.0000000000000000
+0000.4481434660856948,+0000.0725099210325399,+0000.4606447399232893,+0000.0187018729584758,+0000.0000000000000000
+0000.4590491266336715,+0000.0707073514602089,+0000.4524544482791559,+0000.0177890736269635,+0000.0000000000000000
+0000.4699788679528036,+0000.0689063135127194,+0000.4442077627633633,+0000.0169070557711133,+0000.0000000000000000
+0000.4809273118638392,+0000.0671078350141362,+0000.4359095247383763,+0000.0160553283836481,+0000.0000000000000000
+0000.4918890592288502,+0000.0653129455323136,+0000.4275646030978318,+0000.0152333921410041,+0000.0000000000000000
+0000.5028586929485716,+0000.0635226758324226,+0000.4191778913748773,+0000.0144407398441280,+0000.0000000000000000
+0000.5138307809759775,+0000.0617380573277134,+0000.4107543048343927,+0000.0136768568619163,+0000.0000000000000000
+0000.5247998793340870,+0000.0599601215307889,+0000.4022987775573333,+0000.0129412215777904,+0000.0000000000000000
+0000.5357605351485909,+0000.0581898995020539,+0000.3938162595111558,+0000.0122333058381988,+0000.0000000000000000
+0000.5467072896832773,+0000.0564284212986471,+0000.3853117136145532,+0000.0115525754035220,+0000.0000000000000000
+0000.5576346813806193,+0000.0546767154227356,+0000.3767901127958789,+0000.0108984904007659,+0000.0000000000000000
+0000.5685372489099080,+0000.0529358082691964,+0000.3682564370433635,+0000.0102705057775318,+0000.0000000000000000
+0000.5794095342108747,+0000.0512067235745368,+0000.3597156704569890,+0000.0096680717575993,+0000.0000000000000000
+0000.5902460855433670,+0000.0494904818649605,+0000.3511727982945920,+0000.0090906342970803,+0000.0000000000000000
+0000.6010414605311212,+0000.0477880999067188,+0000.3426328040206646,+0000.0085376355414950,+0000.0000000000000000
+0000.6117902292018985,+0000.0461005901566874,+0000.3341006663582347,+0000.0080085142831790,+0000.0000000000000000
+0000.6224869770263781,+0000.0444289602144264,+0000.3255813563406092,+0000.0075027064185857,+0000.0000000000000000
+0000.6331263079438642,+0000.0427742122767584,+0000.3170798343736955,+0000.0070196454056814,+0000.0000000000000000
+0000.6437028473851805,+0000.0411373425931352,+0000.3086010473011435,+0000.0065587627205405,+0000.0000000000000000
+0000.6542112452810124,+0000.0395193409247273,+0000.3001499254808845,+0000.0061194883133755,+0000.0000000000000000
+0000.6646461790578945,+0000.0379211900053422,+0000.2917313798733023,+0000.0057012510634606,+0000.0000000000000000
+0000.6750023566241624,+0000.0363438650053543,+0000.2833502991379243,+0000.0053034792325586,+0000.0000000000000000
+0000.6852745193341961,+0000.0347883329994523,+0000.2750115467494111,+0000.0049256009169402,+0000.0000000000000000
+0000.6954574449410941,+0000.0332555524372280,+0000.2667199581244248,+0000.0045670444972529,+0000.0000000000000000
+0000.7055459505262622,+0000.0317464726183044,+0000.2584803377690884,+0000.0042272390863446,+0000.0000000000000000
+0000.7155348954081343,+0000.0302620331711526,+0000.2502974564461353,+0000.0039056149745773,+0000.0000000000000000
+0000.7254191840322470,+0000.0288031635366300,+0000.2421760483588415,+0000.0036016040722812,+0000.0000000000000000
+0000.7351937688313199,+0000.0273707824562448,+0000.2341208083631036,+0000.0033146403493309,+0000.0000000000000000
+0000.7448536530651937,+0000.0259657974652046,+0000.2261363891983524,+0000.0030441602712490,+0000.0000000000000000
+0000.7543938936295032,+0000.0245891043912319,+0000.2182273987474218,+0000.0027896032318427,+0000.0000000000000000
+0000.7638096038352444,+0000.0232415868585929,+0000.2103983973241965,+0000.0025504119819659,+0000.0000000000000000
+0000.7730959561613197,+0000.0219241157982269,+0000.2026538949863601,+0000.0023260330540928,+0000.0000000000000000
+0000.7822481849692868,+0000.0206375489640450,+0000.1949983488840428,+0000.0021159171826249,+0000.0000000000000000
+0000.7912615891896344,+0000.0193827304554403,+0000.1874361606354873,+0000.0019195197194374,+0000.0000000000000000
+0000.8001315349690518,+0000.0181604902467777,+0000.1799716737395635,+0000.0017363010446063,+0000.0000000000000000
+0000.8088534582808355,+0000.0169716437238445,+0000.1726091710233481,+0000.0015657269719716,+0000.0000000000000000
+0000.8174228675001904,+0000.0158169912272873,+0000.1653528721232871,+0000.0014072691492343,+0000.0000000000000000
+0000.8258353459345108,+0000.0146973176037793,+0000.1582069310092247,+0000.0012604054524849,+0000.0000000000000000
+0000.8340865543173217,+0000.0136133917648964,+0000.1511754335430226,+0000.0011246203747588,+0000.0000000000000000
+0000.8421722332559386,+0000.0125659662538584,+0000.1442623950817031,+0000.0009994054084993,+0000.0000000000000000
+0000.8500882056350532,+0000.0115557768208036,+0000.1374717581224942,+0000.0008842594216485,+0000.0000000000000000
+0000.8578303789776958,+0000.0105835420062126,+0000.1308073899890005,+0000.0007786890270906,+0000.0000000000000000
+0000.8653947477545421,+0000.0096499627332903,+0000.1242730805668497,+0000.0006822089453172,+0000.0000000000000000
+0000.8727773956495148,+0000.0087557219092549,+0000.1178725400812405,+0000.0005943423599895,+0000.0000000000000000
+0000.8799744977725590,+0000.0079014840357126,+0000.1116093969254748,+0000.0005146212662530,+0000.0000000000000000
+0000.8869823228217167,+0000.0070878948286828,+0000.1054871955380347,+0000.0004425868115652,+0000.0000000000000000
+0000.8937972351956455,+0000.0063155808478877,+0000.0995093943276701,+0000.0003777896287960,+0000.0000000000000000
+0000.9004156970486995,+0000.0055851491362777,+0000.0936793636535566,+0000.0003197901614657,+0000.0000000000000000
+0000.9068342702954169,+0000.0048971868692893,+0000.0880003838544472,+0000.0002681589808460,+0000.0000000000000000
+0000.9130496185564750,+0000.0042522610144142,+0000.0824756433343262,+0000.0002224770947838,+0000.0000000000000000
+0000.9190585090480917,+0000.0036509180014745,+0000.0771082367023883,+0000.0001823362480453,+0000.0000000000000000
+0000.9248578144155564,+0000.0030936834030458,+0000.0719011629674289,+0000.0001473392139681,+0000.0000000000000000
+0000.9304445145043770,+0000.0025810616261587,+0000.0668573237921686,+0000.0001171000772952,+0000.0000000000000000
+0000.9358156980747531,+0000.0021135356146904,+0000.0619795218025880,+0000.0000912445079680,+0000.0000000000000000
+0000.9409685644525977,+0000.0016915665629895,+0000.0572704589586667,+0000.0000694100257454,+0000.0000000000000000
+0000.9459004251189037,+0000.0013155936409979,+0000.0527327349846201,+0000.0000512462554778,+0000.0000000000000000
+0000.9506087052378664,+0000.0009860337305430,+0000.0483688458587210,+0000.0000364151728689,+0000.0000000000000000
+0000.9550909451184610,+0000.0007032811735753,+0000.0441811823673631,+0000.0000245913405998,+0000.0000000000000000
+0000.9593448016140889,+0000.0004677075319724,+0000.0401720287192891,+0000.0000154621346492,+0000.0000000000000000
+0000.9633680494548797,+0000.0002796613593891,+0000.0363435612250411,+0000.0000087279606895,+0000.0000000000000000
+0000.9671585825139586,+0000.0001394679851532,+0000.0326978470404674,+0000.0000041024604201,+0000.0000000000000000
+0000.9707144150080524,+0000.0000474293102548,+0000.0292368429739791,+0000.0000013127077131,+0000.0000000000000000
+0000.9740336826284320,+0000.0000038236157730,+0000.0259623943613353,+0000.0000000993944591,+0000.0000000000000000
+0000.9771146436054209,+0000.0000089053836035,+0000.0228762340049799,+0000.0000002170059952,+0000.0000000000000000
+0000.9799556797026581,+0000.0000629051297822,+0000.0199799811815446,+0000.0000014339860146,+0000.0000000000000000
+0000.9825552971419922,+0000.0001660292503823,+0000.0172751407167678,+0000.0000035328908573,+0000.0000000000000000
+0000.9849121274591875,+0000.0003184598801752,+0000.0147631021275460,+0000.0000063105330908,+0000.0000000000000000
+0000.9870249282877629,+0000.0005203547640078,+0000.0124451388339339,+0000.0000095781142948,+0000.0000000000000000
+0000.9888925840730195,+0000.0007718471411556,+0000.0103224074388503,+0000.0000131613469738,+0000.0000000000000000
+0000.9905141067138130,+0000.0010730456425510,+0000.0083959470781127,+0000.0000169005655227,+0000.0000000000000000
+0000.9918886361326075,+0000.0014240342010041,+0000.0066666788402048,+0000.0000206508261828,+0000.0000000000000000
+0000.9930154407739707,+0000.0018248719745994,+0000.0051354052554982,+0000.0000242819959311,+0000.0000000000000000
+0000.9938939180298163,+0000.0022755932830037,+0000.0038028098569316,+0000.0000276788302478,+0000.0000000000000000
+0000.9945235945925721,+0000.0027762075572123,+0000.0026694568104903,+0000.0000307410397246,+0000.0000000000000000
+0000.9949041267352084,+0000.0033266993021913,+0000.0017357906171312,+0000.0000333833454686,+0000.0000000000000000
+0000.9950353005180831,+0000.0039270280728849,+0000.0010021358857529,+0000.0000355355232786,+0000.0000000000000000
+0000.9949170319228966,+0000.0045771284635375,+0000.0004686971769981,+0000.0000371424365671,+0000.0000000000000000
+0000.9945493669132051,+0000.0052769101099589,+0000.0001355589188247,+0000.0000381640580108,+0000.0000000000000000
+0000.9939324814215363,+0000.0060262577055016,+0000.0000026853930356,+0000.0000385754799257,+0000.0000000000000000
+0000.9930666812634559,+0000.0068250310298118,+0000.0000699207933758,+0000.0000383669133561,+0000.0000000000000000
+0000.9919524019782283,+0000.0076730649910679,+0000.0003369893548112,+0000.0000375436758919,+0000.0000000000000000
+0000.9905902085961713,+0000.0085701696815237,+0000.0008034955540863,+0000.0000361261682181,+0000.0000000000000000
+0000.9889807953334119,+0000.0095161304459109,+0000.0014689243812561,+0000.0000341498394205,+0000.0000000000000000
+0000.9871249852131785,+0000.0105107079634230,+0000.0023326416823273,+0000.0000316651410704,+0000.0000000000000000
+0000.9850237296149231,+0000.0115536383424458,+0000.0033938945725087,+0000.0000287374701219,+0000.0000000000000000
+0000.9826781077510054,+0000.0126446332285915,+0000.0046518119197373,+0000.0000254471006651,+0000.0000000000000000
+0000.9800893260708052,+0000.0137833799256886,+0000.0061054048989323,+0000.0000218891045732,+0000.0000000000000000
+0000.9772587175939599,+0000.0149695415296234,+0000.0077535676153077,+0000.0000181732611083,+0000.0000000000000000
+0000.9741877411711319,+0000.0162027570753544,+0000.0095950777979767,+0000.0000144239555364,+0000.0000000000000000
+0000.9708779806746928,+0000.0174826416963623,+0000.0116285975621197,+0000.0000107800668245,+0000.0000000000000000
+0000.9673311441188746,+0000.0188087867971060,+0000.0138526742395239,+0000.0000073948444951,+0000.0000000000000000
+0000.9635490627090192,+0000.0201807602380298,+0000.0162657412782394,+0000.0000044357747108,+0000.0000000000000000
+0000.9595336898229395,+0000.0215981065329893,+0000.0188661192083832,+0000.0000020844356874,+0000.0000000000000000
+0000.9552870999216677,+0000.0230603470594273,+0000.0216520166763831,+0000.0000005363425212,+0000.0000000000000000
+0000.9508114873932144,+0000.0245669802805656,+0000.0246215315446842,+0000.0000000007815352,+0000.0000000000000000
+0000.9461091653289097,+0000.0261174819797796,+0000.0277726520570592,+0000.0000007006342508,+0000.0000000000000000
+0000.9411825642312741,+0000.0277113055073939,+0000.0311032580702331,+0000.0000028721910982,+0000.0000000000000000
+0000.9360342306580772,+0000.0293478820390898,+0000.0346111223478468,+0000.0000067649549856,+0000.0000000000000000
+0000.9306668257987951,+0000.0310266208462342,+0000.0382939119201148,+0000.0000126414348552,+0000.0000000000000000
+0000.9250831239879280,+0000.0327469095780129,+0000.0421491895047023,+0000.0000207769293562,+0000.0000000000000000
+0000.9192860111550090,+0000.0345081145546636,+0000.0461744149895530,+0000.0000314593007739,+0000.0000000000000000
+0000.9132784832097260,+0000.0363095810726041,+0000.0503669469783036,+0000.0000449887393659,+0000.0000000000000000
+0000.9070636443681278,+0000.0381506337203455,+0000.0547240443932851,+0000.0000616775182411,+0000.0000000000000000
+0000.9006447054150779,+0000.0400305767055427,+0000.0592428681404166,+0000.0000818497389621,+0000.0000000000000000
+0000.8940249819085997,+0000.0419486941930516,+0000.0639204828303396,+0000.0001058410680083,+0000.0000000000000000
+0000.8872078923257378,+0000.0439042506531455,+0000.0687538585568343,+0000.0001339984642817,+0000.0000000000000000
+0000.8801969561480412,+0000.0458964912209989,+0000.0737398727331227,+0000.0001666798978370,+0000.0000000000000000
+0000.8729957918940904,+0000.0479246420655142,+0000.0788753119804076,+0000.0002042540599874,+0000.0000000000000000
+0000.8656081150927519,+0000.0499879107689578,+0000.0841568740732765,+0000.0002471000650130,+0000.0000000000000000
+0000.8580377362043268,+0000.0520854867163780,+0000.0895811699356797,+0000.0002956071436147,+0000.0000000000000000
+0000.8502885584890050,+0000.0542165414937979,+0000.0951447256888512,+0000.0003501743283452,+0000.0000000000000000
+0000.8423645758201187,+0000.0563802292973834,+0000.1008439847512876,+0000.0004112101312096,+0000.0000000000000000
+0000.8342698704511711,+0000.0585756873502920,+0000.1066753099849231,+0000.0004791322136131,+0000.0000000000000000
+0000.8260086107291086,+0000.0608020363295139,+0000.1126349858924518,+0000.0005543670489252,+0000.0000000000000000
+0000.8175850487621235,+0000.0630583808013508,+0000.1187192208587242,+0000.0006373495778011,+0000.0000000000000000
+0000.8090035180411859,+0000.0653438096644469,+0000.1249241494378310,+0000.0007285228565358,+0000.0000000000000000
+0000.8002684310126117,+0000.0676573966027681,+0000.1312458346859513,+0000.0008283376986683,+0000.0000000000000000
+0000.7913842766116090,+0000.0699982005449106,+0000.1376802705334677,+0000.0009372523100120,+0000.0000000000000000
+0000.7823556177483426,+0000.0723652661325074,+0000.1442233842017132,+0000.0010557319174362,+0000.0000000000000000
+0000.7731870887560470,+0000.0747576241954289,+0000.1508710386569811,+0000.0011842483915424,+0000.0000000000000000
+0000.7638833927996532,+0000.0771742922339760,+0000.1576190351028534,+0000.0013232798635169,+0000.0000000000000000
+0000.7544492992425338,+0000.0796142749095094,+0000.1644631155115227,+0000.0014733103364339,+0000.0000000000000000
+0000.7448896409821197,+0000.0820765645396013,+0000.1713989651871005,+0000.0016348292911779,+0000.0000000000000000
+0000.7352093117447838,+0000.0845601416018608,+0000.1784222153660224,+0000.0018083312873323,+0000.0000000000000000
+0000.7254132633508371,+0000.0870639752425347,+0000.1855284458474247,+0000.0019943155592030,+0000.0000000000000000
+0000.7155065029475939,+0000.0895870237909863,+0000.1927131876541556,+0000.0021932856072638,+0000.0000000000000000
+0000.7054940902081097,+0000.0921282352812752,+0000.1999719257252751,+0000.0024057487853398,+0000.0000000000000000
+0000.6953811345069988,+0000.0946865479767440,+0000.2073001016325852,+0000.0026322158836716,+0000.0000000000000000
+0000.6851727920631336,+0000.0972608909019949,+0000.2146931163265998,+0000.0028732007082710,+0000.0000000000000000
+0000.6748742630607427,+0000.0998501843780943,+0000.2221463329044508,+0000.0031292196567119,+0000.0000000000000000
+0000.6644907887465860,+0000.1024533405625138,+0000.2296550794002467,+0000.0034007912906532,+0000.0000000000000000
+0000.6540276485010651,+0000.1050692639940595,+0000.2372146515993752,+0000.0036884359054997,+0000.0000000000000000
+0000.6434901568946541,+0000.1076968521401591,+0000.2448203158679679,+0000.0039926750972183,+0000.0000000000000000
+0000.6328836607194379,+0000.1103349959497404,+0000.2524673120039622,+0000.0043140313268589,+0000.0000000000000000
+0000.6222135360077732,+0000.1129825804073203,+0000.2601508561020132,+0000.0046530274828929,+0000.0000000000000000
+0000.6114851850351734,+0000.1156384850913130,+0000.2678661434319096,+0000.0050101864416037,+0000.0000000000000000
+0000.6007040333057487,+0000.1183015847350740,+0000.2756083513330926,+0000.0053860306260842,+0000.0000000000000000
+0000.5898755265316423,+0000.1209707497890546,+0000.2833726421155784,+0000.0057810815637244,+0000.0000000000000000
+0000.5790051275960068,+0000.1236448469870356,+0000.2911541659741068,+0000.0061958594428506,+0000.0000000000000000
+0000.5680983135118791,+0000.1263227399119582,+0000.2989480639075837,+0000.0066308826685787,+0000.0000000000000000
+0000.5571605723739483,+0000.1290032895645130,+0000.3067494706434244,+0000.0070866674181139,+0000.0000000000000000
+0000.5461974003015168,+0000.1316853549328244,+0000.3145535175695247,+0000.0075637271961336,+0000.0000000000000000
+0000.5352142983842253,+0000.1343677935620329,+0000.3223553356637435,+0000.0080625723899979,+0000.0000000000000000
+0000.5242167696201931,+0000.1370494621256138,+0000.3301500584285392,+0000.0085837098256535,+0000.0000000000000000
+0000.5132103158585978,+0000.1397292169957246,+0000.3379328248216021,+0000.0091276423240752,+0000.0000000000000000
+0000.5022004347440507,+0000.1424059148143390,+0000.3456987821830128,+0000.0096948682585972,+0000.0000000000000000
+0000.4911926166610468,+0000.1450784130633461,+0000.3534430891617447,+0000.0102858811138623,+0000.0000000000000000
+0000.4801923416897096,+0000.1477455706341062,+0000.3611609186303244,+0000.0109011690458595,+0000.0000000000000000
+0000.4692050765629161,+0000.1504062483963181,+0000.3688474605965427,+0000.0115412144442228,+0000.0000000000000000
+0000.4582362716365445,+0000.1530593097647014,+0000.3764979251023319,+0000.0122064934964219,+0000.0000000000000000
+0000.4472913578702636,+0000.1557036212649005,+0000.3841075451105840,+0000.0128974757542515,+0000.0000000000000000
+0000.4363757438171236,+0000.1583380530967269,+0000.3916715793827239,+0000.0136146237034253,+0000.0000000000000000
+0000.4254948126331129,+0000.1609614796954073,+0000.3991853153359072,+0000.0143583923355723,+0000.0000000000000000
+0000.4146539190967965,+0000.1635727802904775,+0000.4066440718887313,+0000.0151292287239945,+0000.0000000000000000
+0000.4038583866505899,+0000.1661708394613494,+0000.4140432022854370,+0000.0159275716026235,+0000.0000000000000000
+0000.3931135044613559,+0000.1687545476896968,+0000.4213780969001986,+0000.0167538509487484,+0000.0000000000000000
+0000.3824245244981159,+0000.1713228019087392,+0000.4286441860229602,+0000.0176084875701844,+0000.0000000000000000
+0000.3717966586382456,+0000.1738745060485823,+0000.4358369426170088,+0000.0184918926961630,+0000.0000000000000000
+0000.3612350757924074,+0000.1764085715770551,+0000.4429518850570226,+0000.0194044675735145,+0000.0000000000000000
+0000.3507448990591324,+0000.1789239180369675,+0000.4499845798367015,+0000.0203466030671986,+0000.0000000000000000
+0000.3403312029072127,+0000.1814194735777759,+0000.4569306442489574,+0000.0213186792660538,+0000.0000000000000000
+0000.3299990103834630,+0000.1838941754830087,+0000.4637857490391941,+0000.0223210650943338,+0000.0000000000000000
+0000.3197532903569516,+0000.1863469706923268,+0000.4705456210225416,+0000.0233541179281800,+0000.0000000000000000
+0000.3095989547902046,+0000.1887768163175332,+0000.4772060456734608,+0000.0244181832188014,+0000.0000000000000000
+0000.2995408560479276,+0000.1911826801536724,+0000.4837628696772019,+0000.0255135941211981,+0000.0000000000000000
+0000.2895837842414105,+0000.1935635411830400,+0000.4902120034461536,+0000.0266406711293959,+0000.0000000000000000
+0000.2797324646061807,+0000.1959183900739074,+0000.4965494236011875,+0000.0277997217187242,+0000.0000000000000000
+0000.2699915549237726,+0000.1982462296716235,+0000.5027711754103086,+0000.0289910399942952,+0000.0000000000000000
+0000.2603656429780531,+0000.2005460754834388,+0000.5088733751911586,+0000.0302149063473494,+0000.0000000000000000
+0000.2508592440565072,+0000.2028169561565918,+0000.5148522126685724,+0000.0314715871183288,+0000.0000000000000000
+0000.2414767984946563,+0000.2050579139473545,+0000.5207039532902352,+0000.0327613342677539,+0000.0000000000000000
+0000.2322226692609518,+0000.2072680051847208,+0000.5264249404991636,+0000.0340843850551636,+0000.0000000000000000
+0000.2231011395927860,+0000.2094463007242782,+0000.5320115979574898,+0000.0354409617254458,+0000.0000000000000000
+0000.2141164106743044,+0000.2115918863948506,+0000.5374604317266498,+0000.0368312712041951,+0000.0000000000000000
+0000.2052725993658608,+0000.2137038634371883,+0000.5427680323961392,+0000.0382555048008117,+0000.0000000000000000
+0000.1965737359833108,+0000.2157813489323694,+0000.5479310771638134,+0000.0397138379205064,+0000.0000000000000000
+0000.1880237621246551,+0000.2178234762236334,+0000.5529463318662651,+0000.0412064297854464,+0000.0000000000000000
+0000.1796265285538720,+0000.2198293953273080,+0000.5578106529545884,+0000.0427334231642315,+0000.0000000000000000
+0000.1713857931332514,+0000.2217982733352740,+0000.5625209894199790,+0000.0442949441114956,+0000.0000000000000000
+0000.1633052188132979,+0000.2237292948084500,+0000.5670743846621219,+0000.0458911017161302,+0000.0000000000000000
+0000.1553883716784610,+0000.2256216621588041,+0000.5714679783033293,+0000.0475219878594056,+0000.0000000000000000
+0000.1476387190463277,+0000.2274745960241180,+0000.5756990079464512,+0000.0491876769831030,+0000.0000000000000000
+0000.1400596276294209,+0000.2292873356297805,+0000.5797648108737949,+0000.0508882258670036,+0000.0000000000000000
+0000.1326543617512139,+0000.2310591391428338,+0000.5836628256888425,+0000.0526236734171100,+0000.0000000000000000
+0000.1254260816251123,+0000.2327892840140408,+0000.5873905938971957,+0000.0543940404636510,+0000.0000000000000000
+0000.1183778416941702,+0000.2344770673093437,+0000.5909457614270258,+0000.0561993295694600,+0000.0000000000000000
+0000.1115125890298148,+0000.2361218060319795,+0000.5943260800888136,+0000.0580395248493922,+0000.0000000000000000
+0000.1048331617974621,+0000.2377228374312521,+0000.5975294089715881,+0000.0599145917996977,+0000.0000000000000000
+0000.0983422877815564,+0000.2392795193025352,+0000.6005537157769819,+0000.0618244771389264,+0000.0000000000000000
+0000.0920425829777365,+0000.2407912302745373,+0000.6033970780884763,+0000.0637691086592499,+0000.0000000000000000
+0000.0859365502500462,+0000.2422573700851667,+0000.6060576845759743,+0000.0657483950888128,+0000.0000000000000000
+0000.0800265780516550,+0000.2436773598472209,+0000.6085338361353347,+0000.0677622259657894,+0000.0000000000000000
+0000.0743149392158699,+0000.2450506423000369,+0000.6108239469611526,+0000.0698104715229406,+0000.0000000000000000
+0000.0688037898108421,+0000.2463766820520024,+0000.6129265455529385,+0000.0718929825842171,+0000.0000000000000000
+0000.0634951680647148,+0000.2476549658085807,+0000.6148402756541625,+0000.0740095904725419,+0000.0000000000000000
+0000.0583909933589862,+0000.2488850025901948,+0000.6165638971221664,+0000.0761601069286525,+0000.0000000000000000
+0000.0534930652891665,+0000.2500663239370799,+0000.6180962867310642,+0000.0783443240426892,+0000.0000000000000000
+0000.0488030627979297,+0000.2511984841015445,+0000.6194364389043491,+0000.0805620141961767,+0000.0000000000000000
+0000.0443225433754496,+0000.2522810602292843,+0000.6205834663784801,+0000.0828129300167860,+0000.0000000000000000
+0000.0400529423323010,+0000.2533136525262276,+0000.6215366007969657,+0000.0850968043445056,+0000.0000000000000000
+0000.0359955721429837,+0000.2542958844147234,+0000.6222951932331242,+0000.0874133502091686,+0000.0000000000000000
+0000.0321516218592824,+0000.2552274026761757,+0000.6228587146434335,+0000.0897622608211084,+0000.0000000000000000
+0000.0285221565975040,+0000.2561078775808404,+0000.6232267562492997,+0000.0921432095723562,+0000.0000000000000000
+0000.0251081170952652,+0000.2569370030061882,+0000.6233990298476337,+0000.0945558500509130,+0000.0000000000000000
+0000.0219103193419779,+0000.2577144965404961,+0000.6233753680509144,+0000.0969998160666118,+0000.0000000000000000
+0000.0189294542813064,+0000.2584400995759524,+0000.6231557244544347,+0000.0994747216883066,+0000.0000000000000000
+0000.0161660875850452,+0000.2591135773866882,+0000.6227401737335213,+0000.1019801612947453,+0000.0000000000000000
+0000.0136206595010913,+0000.2597347191958204,+0000.6221289116676986,+0000.1045157096353896,+0000.0000000000000000
+0000.0112934847724282,+0000.2603033382285443,+0000.6213222550939405,+0000.1070809219050872,+0000.0000000000000000
+0000.0091847526297735,+0000.2608192717523215,+0000.6203206417881679,+0000.1096753338297371,+0000.0000000000000000
+0000.0072945268565988,+0000.2612823811053184,+0000.6191246302745257,+0000.1122984617635573,+0000.0000000000000000
+0000.0056227459259923,+0000.2616925517100432,+0000.6177348995640108,+0000.1149498027999537,+0000.0000000000000000
+0000.0041692232109251,+0000.2620496930760521,+0000.6161522488209091,+0000.1176288348921137,+0000.0000000000000000
+0000.0029336472657777,+0000.2623537387885644,+0000.6143775969582227,+0000.1203350169874352,+0000.0000000000000000
+0000.0019155821805787,+0000.2626046464843241,+0000.6124119821623822,+0000.1230677891727152,+0000.0000000000000000
+0000.0011144680068808,+0000.2628023978157940,+0000.6102565613466234,+0000.1258265728307020,+0000.0000000000000000
+0000.0005296212548817,+0000.2629469984005023,+0000.6079126095344773,+0000.1286107708101387,+0000.0000000000000000
+0000.0001602354621986,+0000.2630384777602006,+0000.6053815191726436,+0000.1314197676049573,+0000.0000000000000000
+0000.0000053818331147,+0000.2630768892448054,+0000.6026647993745474,+0000.1342529295475325,+0000.0000000000000000
+0000.0000640099485260,+0000.2630623099458229,+0000.5997640750940560,+0000.1371096050115951,+0000.0000000000000000
+0000.0003349485457649,+0000.2629948405961702,+0000.5966810862311623,+0000.1399891246269026,+0000.0000000000000000
+0000.0008169063680190,+0000.2628746054572623,+0000.5934176866683365,+0000.1428908015063823,+0000.0000000000000000
+0000.0015084730826470,+0000.2627017521952164,+0000.5899758432398715,+0000.1458139314822652,+0000.0000000000000000
+0000.0024081202681032,+0000.2624764517425157,+0000.5863576346336123,+0000.1487577933557690,+0000.0000000000000000
+0000.0035142024685941,+0000.2621988981495770,+0000.5825652502259872,+0000.1517216491558416,+0000.0000000000000000
+0000.0048249583157799,+0000.2618693084231659,+0000.5786009888519152,+0000.1547047444091388,+0000.0000000000000000
+0000.0063385117174468,+0000.2614879223524570,+0000.5744672575081643,+0000.1577063084219318,+0000.0000000000000000
+0000.0080528731113148,+0000.2610550023248611,+0000.5701665699935391,+0000.1607255545702851,+0000.0000000000000000
+0000.0099659407845854,+0000.2605708331276532,+0000.5657015454844836,+0000.1637616806032777,+0000.0000000000000000
+0000.0120755022573014,+0000.2600357217406004,+0000.5610749070477826,+0000.1668138689543154,+0000.0000000000000000
+0000.0143792357288975,+0000.2594499971149022,+0000.5562894800927082,+0000.1698812870634922,+0000.0000000000000000
+0000.0168747115882047,+0000.2588140099422015,+0000.5513481907592412,+0000.1729630877103525,+0000.0000000000000000
+0000.0195593939837964,+0000.2581281324120124,+0000.5462540642491870,+0000.1760584093550040,+0000.0000000000000000
+0000.0224306424563349,+0000.2573927579574050,+0000.5410102230955179,+0000.1791663764907421,+0000.0000000000000000
+0000.0254857136298302,+0000.2566083009913528,+0000.5356198853744821,+0000.1822861000043348,+0000.0000000000000000
+0000.0287217629613671,+0000.2557751966306201,+0000.5300863628616552,+0000.1854166775463575,+0000.0000000000000000
+0000.0321358465497959,+0000.2548939004103389,+0000.5244130591288263,+0000.1885571939110388,+0000.0000000000000000
+0000.0357249229991686,+0000.2539648879879854,+0000.5186034675893373,+0000.1917067214235086,+0000.0000000000000000
+0000.0394858553394717,+0000.2529886548363415,+0000.5126611694865393,+0000.1948643203376473,+0000.0000000000000000
+0000.0434154130005673,+0000.2519657159280878,+0000.5065898318307993,+0000.1980290392405457,+0000.0000000000000000
+0000.0475102738390107,+0000.2508966054088110,+0000.5003932052860847,+0000.2011999154660936,+0000.0000000000000000
+0000.0517670262185302,+0000.2497818762619570,+0000.4940751220027189,+0000.2043759755167940,+0000.0000000000000000
+0000.0561821711387606,+0000.2486220999631905,+0000.4876394934055597,+0000.2075562354924891,+0000.0000000000000000
+0000.0607521244159232,+0000.2474178661264253,+0000.4810903079299681,+0000.2107397015276834,+0000.0000000000000000
+0000.0654732189100216,+0000.2461697821405012,+0000.4744316287140713,+0000.2139253702354060,+0000.0000000000000000
+0000.0703417067987707,+0000.2448784727971611,+0000.4676675912459046,+0000.2171122291581635,+0000.0000000000000000
+0000.0753537618989401,+0000.2435445799108316,+0000.4608024009637373,+0000.2202992572264909,+0000.0000000000000000
+0000.0805054820289190,+0000.2421687619294878,+0000.4538403308185389,+0000.2234854252230543,+0000.0000000000000000
+0000.0857928914169542,+0000.2407516935380988,+0000.4467857187908077,+0000.2266696962541395,+0000.0000000000000000
+0000.0912119431487335,+0000.2392940652539702,+0000.4396429653708246,+0000.2298510262264716,+0000.0000000000000000
+0000.0967585216547221,+0000.2377965830145609,+0000.4324165310008427,+0000.2330283643298742,+0000.0000000000000000
+0000.1024284452380787,+0000.2362599677582054,+0000.4251109334774849,+0000.2362006535262311,+0000.0000000000000000
+0000.1082174686361286,+0000.2346849549972176,+0000.4177307453238603,+0000.2393668310427934,+0000.0000000000000000
+0000.1141212856206455,+0000.2330722943850682,+0000.4102805911230147,+0000.2425258288712715,+0000.0000000000000000
+0000.1201355316295646,+0000.2314227492757494,+0000.4027651448230693,+0000.2456765742716165,+0000.0000000000000000
+0000.1262557864312022,+0000.2297370962786103,+0000.3951891270109616,+0000.2488179902792256,+0000.0000000000000000
+0000.1324775768212754,+0000.2280161248053230,+0000.3875573021551003,+0000.2519489962183010,+0000.0000000000000000
+0000.1387963793456654,+0000.2262606366123945,+0000.3798744758247876,+0000.2550685082171522,+0000.0000000000000000
+0000.1452076230543085,+0000.2244714453378825,+0000.3721454918793192,+0000.2581754397284896,+0000.0000000000000000
+0000.1517066922783870,+0000.2226493760321528,+0000.3643752296366392,+0000.2612687020528209,+0000.0000000000000000
+0000.1582889294320522,+0000.2207952646853560,+0000.3565686010187455,+0000.2643472048638462,+0000.0000000000000000
+0000.1649496378389883,+0000.2189099577483766,+0000.3487305476740460,+0000.2674098567385891,+0000.0000000000000000
+0000.1716840845762881,+0000.2169943116508013,+0000.3408660380848546,+0000.2704555656880560,+0000.0000000000000000
+0000.1784875033414855,+0000.2150491923143810,+0000.3329800646527592,+0000.2734832396913743,+0000.0000000000000000
+0000.1853550973343533,+0000.2130754746619841,+0000.3250776407719760,+0000.2764917872316865,+0000.0000000000000000
+0000.1922820421550181,+0000.2110740421250191,+0000.3171637978877154,+0000.2794801178322472,+0000.0000000000000000
+0000.1992634887180848,+0000.2090457861448404,+0000.3092435825406832,+0000.2824471425963914,+0000.0000000000000000
+0000.2062945661773710,+0000.2069916056737192,+0000.3013220534027666,+0000.2853917747461430,+0000.0000000000000000
+0000.2133703848611343,+0000.2049124066722683,+0000.2934042783043750,+0000.2883129301622221,+0000.0000000000000000
+0000.2204860392189312,+0000.2028091016035600,+0000.2854953312517881,+0000.2912095279257207,+0000.0000000000000000
+0000.2276366107721336,+0000.2006826089275991,+0000.2776002894430087,+0000.2940804908572583,+0000.0000000000000000
+0000.2348171710735077,+0000.1985338525910557,+0000.2697242302764250,+0000.2969247460590114,+0000.0000000000000000
+0000.2420227846684419,+0000.1963637615180606,+0000.2618722283597252,+0000.2997412254537720,+0000.0000000000000000
+0000.2492485120579966,+0000.1941732690989634,+0000.2540493525191163,+0000.3025288663239236,+0000.0000000000000000
+0000.2564894126649591,+0000.1919633126772288,+0000.2462606628072839,+0000.3052866118505279,+0000.0000000000000000
+0000.2637405477948164,+0000.1897348330381988,+0000.2385112075185717,+0000.3080134116484129,+0000.0000000000000000
+0000.2709969835973710,+0000.1874887738944362,+0000.2308060202054235,+0000.3107082223027691,+0000.0000000000000000
+0000.2782537940198317,+0000.1852260813745763,+0000.2231501167053468,+0000.3133700079002449,+0000.0000000000000000
+0000.2855060637567138,+0000.1829477035091675,+0000.2155484921730527,+0000.3159977405610658,+0000.0000000000000000
+0000.2927488911892620,+0000.1806545897196903,+0000.2080061181250310,+0000.3185904009660163,+0000.0000000000000000
+0000.2999773913145464,+0000.1783476903076563,+0000.2005279394965224,+0000.3211469788812746,+0000.0000000000000000
+0000.3071866986651834,+0000.1760279559439946,+0000.1931188717097584,+0000.3236664736810632,+0000.0000000000000000
+0000.3143719702135116,+0000.1736963371617450,+0000.1857837977597906,+0000.3261478948649525,+0000.0000000000000000
+0000.3215283882600860,+0000.1713537838491860,+0000.1785275653180498,+0000.3285902625726779,+0000.0000000000000000
+0000.3286511633084699,+0000.1690012447453857,+0000.1713549838514976,+0000.3309926080946466,+0000.0000000000000000
+0000.3357355369172292,+0000.1666396669389230,+0000.1642708217666744,+0000.3333539743771730,+0000.0000000000000000
+0000.3427767845356340,+0000.1642699953676977,+0000.1572798035719859,+0000.3356734165246819,+0000.0000000000000000
+0000.3497702183152065,+0000.1618931723235826,+0000.1503866070661803,+0000.3379500022950302,+0000.0000000000000000
+0000.3567111898971994,+0000.1595101369589467,+0000.1435958605528503,+0000.3401828125910034,+0000.0000000000000000
+0000.3635950931781734,+0000.1571218247972798,+0000.1369121400789203,+0000.3423709419456264,+0000.0000000000000000
+0000.3704173670442876,+0000.1547291672476168,+0000.1303399667062964,+0000.3445134990017987,+0000.0000000000000000
+0000.3771734980816221,+0000.1523330911227961,+0000.1238838038096293,+0000.3466096069859521,+0000.0000000000000000
+0000.3838590232536731,+0000.1499345181623776,+0000.1175480544088083,+0000.3486584041751407,+0000.0000000000000000
+0000.3904695325473785,+0000.1475343645602062,+0000.1113370585348772,+0000.3506590443575378,+0000.0000000000000000
+0000.3970006715888671,+0000.1451335404965530,+0000.1052550906284368,+0000.3526106972861427,+0000.0000000000000000
+0000.4034481442203895,+0000.1427329496757870,+0000.0993063569785137,+0000.3545125491253093,+0000.0000000000000000
+0000.4098077150453658,+0000.1403334888691103,+0000.0934949931956652,+0000.3563638028898582,+0000.0000000000000000
+0000.4160752119330892,+0000.1379360474633068,+0000.0878250617271786,+0000.3581636788764252,+0000.0000000000000000
+0000.4222465284844463,+0000.1355415070154387,+0000.0823005494131886,+0000.3599114150869260,+0000.0000000000000000
+0000.4283176264597957,+0000.1331507408133817,+0000.0769253650829706,+0000.3616062676438517,+0000.0000000000000000
+0000.4342845381609086,+0000.1307646134431580,+0000.0717033371985663,+0000.3632475111973667,+0000.0000000000000000
+0000.4401433687737700,+0000.1283839803628173,+0000.0666382115401733,+0000.3648344393232389,+0000.0000000000000000
+0000.4458902986636901,+0000.1260096874828460,+0000.0617336489406137,+0000.3663663649128499,+0000.0000000000000000
+0000.4515215856251903,+0000.1236425707549288,+0000.0569932230672665,+0000.3678426205526139,+0000.0000000000000000
+0000.4570335670862370,+0000.1212834557663450,+0000.0524204182517022,+0000.3692625588957152,+0000.0000000000000000
+0000.4624226622608257,+0000.1189331573435489,+0000.0480186273724660,+0000.3706255530231589,+0000.0000000000000000
+0000.4676853742551625,+0000.1165924791626687,+0000.0437911497868709,+0000.3719309967952975,+0000.0000000000000000
+0000.4728182921200811,+0000.1142622133679836,+0000.0397411893177984,+0000.3731783051941364,+0000.0000000000000000
+0000.4778180928519795,+0000.1119431401997377,+0000.0358718522942677,+0000.3743669146540146,+0000.0000000000000000
+0000.4826815433417264,+0000.1096360276287225,+0000.0321861456460678,+0000.3754962833834830,+0000.0000000000000000
+0000.4874055022663049,+0000.1073416310010546,+0000.0286869750569944,+0000.3765658916756456,+0000.0000000000000000
+0000.4919869219278928,+0000.1050606926908930,+0000.0253771431733926,+0000.3775752422078213,+0000.0000000000000000
+0000.4964228500336985,+0000.1027939417621278,+0000.0222593478729433,+0000.3785238603312299,+0000.0000000000000000
+0000.5007104314190421,+0000.1005420936405479,+0000.0193361805926810,+0000.3794112943477286,+0000.0000000000000000
+0000.5048469097123068,+0000.0983058497931483,+0000.0166101247167899,+0000.3802371157777548,+0000.0000000000000000
+0000.5088296289386383,+0000.0960858974195337,+0000.0140835540274092,+0000.3810009196144182,+0000.0000000000000000
+0000.5126560350647992,+0000.0938829091509698,+0000.0117587312164695,+0000.3817023245677612,+0000.0000000000000000
+0000.5163236774809753,+0000.0916975427603166,+0000.0096378064619446,+0000.3823409732967631,+0000.0000000000000000
+0000.5198302104207438,+0000.0895304408825588,+0000.0077228160681105,+0000.3829165326285864,+0000.0000000000000000
+0000.5231733943182960,+0000.0873822307436256,+0000.0060156811702415,+0000.3834286937678365,+0000.0000000000000000
+0000.5263510971005575,+0000.0852535239019063,+0000.0045182065060663,+0000.3838771724914694,+0000.0000000000000000
+0000.5293612954158986,+0000.0831449159982492,+0000.0032320792528177,+0000.3842617093330341,+0000.0000000000000000
+0000.5322020757961795,+0000.0810569865175039,+0000.0021588679321807,+0000.3845820697541353,+0000.0000000000000000
+0000.5348716357532450,+0000.0789902985612934,+0000.0013000213829475,+0000.3848380443025134,+0000.0000000000000000
+0000.5373682848087673,+0000.0769453986297907,+0000.0006568678019043,+0000.3850294487595373,+0000.0000000000000000
+0000.5396904454563251,+0000.0749228164168715,+0000.0002306138542362,+0000.3851561242725668,+0000.0000000000000000
+0000.5418366540559263,+0000.0729230646138868,+0000.0000223438531706,+0000.3852179374770158,+0000.0000000000000000
+0000.5438055616600493,+0000.0709466387263581,+0000.0000330190099874,+0000.3852147806036048,+0000.0000000000000000
+0000.5455959347704448,+0000.0689940169013592,+0000.0002634767544788,+0000.3851465715737169,+0000.0000000000000000
+0000.5472066560262010,+0000.0670656597653645,+0000.0007144301264432,+0000.3850132540819906,+0000.0000000000000000
+0000.5486367248217030,+0000.0651620102752263,+0000.0013864672384650,+0000.3848147976646051,+0000.0000000000000000
+0000.5498852578545457,+0000.0632834935785361,+0000.0022800508105262,+0000.3845511977563916,+0000.0000000000000000
+0000.5509514896033400,+0000.0614305168871276,+0000.0033955177765245,+0000.3842224757330074,+0000.0000000000000000
+0000.5518347727345262,+0000.0596034693616440,+0000.0047330789628623,+0000.3838286789409669,+0000.0000000000000000
+0000.5525345784385685,+0000.0578027220069285,+0000.0062928188399345,+0000.3833698807145683,+0000.0000000000000000
+0000.5530504966952327,+0000.0560286275806928,+0000.0080746953455788,+0000.3828461803784953,+0000.0000000000000000
+0000.5533822364671347,+0000.0542815205119213,+0000.0100785397819380,+0000.3822577032390058,+0000.0000000000000000
+0000.5535296258228141,+0000.0525617168326656,+0000.0123040567847462,+0000.3816046005597735,+0000.0000000000000000
+0000.5534926119875800,+0000.0508695141206547,+0000.0147508243651835,+0000.3808870495265813,+0000.0000000000000000
+0000.5532712613237424,+0000.0492051914536391,+0000.0174182940255842,+0000.3801052531970338,+0000.0000000000000000
+0000.5528657592391810,+0000.0475690093761531,+0000.0203057909465640,+0000.3792594404381012,+0000.0000000000000000
+0000.5522764100244253,+0000.0459612098769333,+0000.0234125142482445,+0000.3783498658503962,+0000.0000000000000000
+0000.5515036366192265,+0000.0443820163791788,+0000.0267375373232494,+0000.3773768096783449,+0000.0000000000000000
+0000.5505479803074210,+0000.0428316337418523,+0000.0302798082417945,+0000.3763405777089317,+0000.0000000000000000
+0000.5494101003413626,+0000.0413102482726365,+0000.0340381502304495,+0000.3752415011555509,+0000.0000000000000000
+0000.5480907734959605,+0000.0398180277531688,+0000.0380112622208174,+0000.3740799365300529,+0000.0000000000000000
+0000.5465908935516754,+0000.0383551214749059,+0000.0421977194718493,+0000.3728562655015688,+0000.0000000000000000
+0000.5449114707085335,+0000.0369216602875776,+0000.0465959742622907,+0000.3715708947415979,+0000.0000000000000000
+0000.5430536309297678,+0000.0355177566585289,+0000.0512043566536671,+0000.3702242557580356,+0000.0000000000000000
+0000.5410186152164838,+0000.0341435047436298,+0000.0560210753257709,+0000.3688168047141153,+0000.0000000000000000
+0000.5388077788136918,+0000.0327989804697908,+0000.0610442184793638,+0000.3673490222371528,+0000.0000000000000000
+0000.5364225903476617,+0000.0314842416284818,+0000.0662717548112898,+0000.3658214132125662,+0000.0000000000000000
+0000.5338646308958234,+0000.0301993279807598,+0000.0717015345567105,+0000.3642345065667058,+0000.0000000000000000
+0000.5311355929895708,+0000.0289442613734438,+0000.0773312905996154,+0000.3625888550373696,+0000.0000000000000000
+0000.5282372795498196,+0000.0277190458661101,+0000.0831586396533837,+0000.3608850349306859,+0000.0000000000000000
+0000.5251716027574351,+0000.0265236678693680,+0000.0891810835050771,+0000.3591236458681193,+0000.0000000000000000
+0000.5219405828574474,+0000.0253580962936892,+0000.0953960103296451,+0000.3573053105192178,+0000.0000000000000000
+0000.5185463468993432,+0000.0242222827092213,+0000.1018006960675322,+0000.3554306743239029,+0000.0000000000000000
+0000.5149911274136354,+0000.0231161615162186,+0000.1083923058670646,+0000.3535004052030809,+0000.0000000000000000
+0000.5112772610244559,+0000.0220396501257605,+0000.1151678955935833,+0000.3515151932561996,+0000.0000000000000000
+0000.5074071870012223,+0000.0209926491511033,+0000.1221244133978122,+0000.3494757504498617,+0000.0000000000000000
+0000.5033834457477817,+0000.0199750426090959,+0000.1292587013507511,+0000.3473828102923707,+0000.0000000000000000
+0000.4992086772315503,+0000.0189866981316304,+0000.1365674971370540,+0000.3452371274997650,+0000.0000000000000000
+0000.4948856193541109,+0000.0180274671874467,+0000.1440474358091897,+0000.3430394776492523,+0000.0000000000000000
+0000.4904171062610481,+0000.0170971853130532,+0000.1516950516035744,+0000.3407906568223240,+0000.0000000000000000
+0000.4858060665968396,+0000.0161956723539077,+0000.1595067798110322,+0000.3384914812382199,+0000.0000000000000000
+0000.4810555217011139,+0000.0153227327146593,+0000.1674789587090800,+0000.3361427868751465,+0000.0000000000000000
+0000.4761685837504219,+0000.0144781556187153,+0000.1756078315472546,+0000.3337454290836079,+0000.0000000000000000
+0000.4711484538466146,+0000.0136617153772571,+0000.1838895485879534,+0000.3313002821881744,+0000.0000000000000000
+0000.4659984200495589,+0000.0128731716665998,+0000.1923201692040199,+0000.3288082390798208,+0000.0000000000000000
+0000.4607218553608313,+0000.0121122698148293,+0000.2008956640245630,+0000.3262702107997761,+0000.0000000000000000
+0000.4553222156540597,+0000.0113787410966416,+0000.2096119171372567,+0000.3236871261120416,+0000.0000000000000000
+0000.4498030375568667,+0000.0106723030365421,+0000.2184647283373470,+0000.3210599310692436,+0000.0000000000000000
+0000.4441679362855705,+0000.0099926597205401,+0000.2274498154262457,+0000.3183895885676434,+0000.0000000000000000
+0000.4384206034296335,+0000.0093395021150968,+0000.2365628165604768,+0000.3156770778947925,+0000.0000000000000000
+0000.4325648046945517,+0000.0087125083945379,+0000.2457992926426199,+0000.3129233942682901,+0000.0000000000000000
+0000.4266043775965159,+0000.0081113442753444,+0000.2551547297619200,+0000.3101295483662194,+0000.0000000000000000
+0000.4205432291163074,+0000.0075356633580142,+0000.2646245416751803,+0000.3072965658504976,+0000.0000000000000000
+0000.4143853333121132,+0000.0069851074760932,+0000.2742040723301239,+0000.3044254868816690,+0000.0000000000000000
+0000.4081347288889345,+0000.0064593070515280,+0000.2838885984324364,+0000.3015173656271006,+0000.0000000000000000
+0000.4017955167336347,+0000.0059578814572032,+0000.2936733320474117,+0000.2985732697617500,+0000.0000000000000000
+0000.3953718574085626,+0000.0054804393853123,+0000.3035534232443448,+0000.2955942799617799,+0000.0000000000000000
+0000.3888679686117990,+0000.0050265792220687,+0000.3135239627736583,+0000.2925814893924736,+0000.0000000000000000
+0000.3822881226036057,+0000.0045958894283643,+0000.3235799847790933,+0000.2895360031889363,+0000.0000000000000000
+0000.3756366435967217,+0000.0041879489256265,+0000.3337164695461304,+0000.2864589379315211,+0000.0000000000000000
+0000.3689179051202182,+0000.0038023274875464,+0000.3439283462772877,+0000.2833514211149474,+0000.0000000000000000
+0000.3621363273488591,+0000.0034385861363844,+0000.3542104959022123,+0000.2802145906125436,+0000.0000000000000000
+0000.3552963744077372,+0000.0030962775444782,+0000.3645577539131584,+0000.2770495941346258,+0000.0000000000000000
+0000.3484025516500018,+0000.0027749464401903,+0000.3749649132268250,+0000.2738575886829828,+0000.0000000000000000
+0000.3414594029070164,+0000.0024741300180213,+0000.3854267270751623,+0000.2706397399997996,+0000.0000000000000000
+0000.3344715077197281,+0000.0021933583530572,+0000.3959379119143634,+0000.2673972220128510,+0000.0000000000000000
+0000.3274434785436436,+0000.0019321548188321,+0000.4064931503607402,+0000.2641312162767838,+0000.0000000000000000
+0000.3203799579372698,+0000.0016900365089593,+0000.4170870941436070,+0000.2608429114101637,+0000.0000000000000000
+0000.3132856157318509,+0000.0014665146618828,+0000.4277143670761732,+0000.2575335025300929,+0000.0000000000000000
+0000.3061651461817249,+0000.0012610950884784,+0000.4383695680470784,+0000.2542041906827182,+0000.0000000000000000
+0000.2990232651043084,+0000.0010732786025309,+0000.4490472740215501,+0000.2508561822716103,+0000.0000000000000000
+0000.2918647070019699,+0000.0009025614533506,+0000.4597420430609717,+0000.2474906884837076,+0000.0000000000000000
+0000.2846942221759906,+0000.0007484357607086,+0000.4704484173510304,+0000.2441089247122702,+0000.0000000000000000
+0000.2775165738298655,+0000.0006103899514745,+0000.4811609262387799,+0000.2407121099798797,+0000.0000000000000000
+0000.2703365351624031,+0000.0004879091978192,+0000.4918740892825064,+0000.2373014663572710,+0000.0000000000000000
+0000.2631588864582183,+0000.0003804758567228,+0000.5025824193016006,+0000.2338782183834578,+0000.0000000000000000
+0000.2559884121693768,+0000.0002875699103754,+0000.5132804254369168,+0000.2304435924833307,+0000.0000000000000000
+0000.2488298979972823,+0000.0002086694073565,+0000.5239626162105023,+0000.2269988163848588,+0000.0000000000000000
+0000.2416881279727029,+0000.0001432509041604,+0000.5346235025856481,+0000.2235451185374883,+0000.0000000000000000
+0000.2345678815341798,+0000.0000907899068584,+0000.5452576010309521,+0000.2200837275280095,+0000.0000000000000000
+0000.2274739306124632,+0000.0000507613126158,+0000.5558594365756223,+0000.2166158714992984,+0000.0000000000000000
+0000.2204110367147750,+0000.0000226398507247,+0000.5664235458664439,+0000.2131427775680559,+0000.0000000000000000
+0000.2133839480179086,+0000.0000059005229420,+0000.5769444802153814,+0000.2096656712437679,+0000.0000000000000000
+0000.2063973964681030,+0000.0000000190427837,+0000.5874168086386788,+0000.2061857758504342,+0000.0000000000000000
+0000.1994560948880805,+0000.0000044722735309,+0000.5978351208913710,+0000.2027043119470175,+0000.0000000000000000
+0000.1925647340982805,+0000.0000187386646514,+0000.6081940304838469,+0000.1992224967532209,+0000.0000000000000000
+0000.1857279800472032,+0000.0000422986863598,+0000.6184881776920945,+0000.1957415435743421,+0000.0000000000000000
+0000.1789504709583701,+0000.0000746352620332,+0000.6287122325489864,+0000.1922626612306100,+0000.0000000000000000
+0000.1722368144932027,+0000.0001152341982042,+0000.6388608978192506,+0000.1887870534893422,+0000.0000000000000000
+0000.1655915849292451,+0000.0001635846118573,+0000.6489289119605999,+0000.1853159184982972,+0000.0000000000000000
+0000.1590193203610627,+0000.0002191793547499,+0000.6589110520586821,+0000.1818504482255054,+0000.0000000000000000
+0000.1525245199187474,+0000.0002815154344900,+0000.6688021367469666,+0000.1783918278997958,+0000.0000000000000000
+0000.1461116410113074,+0000.0003500944320899,+0000.6785970290993055,+0000.1749412354572969,+0000.0000000000000000
+0000.1397850965942520,+0000.0004244229157317,+0000.6882906394977604,+0000.1714998409922557,+0000.0000000000000000
+0000.1335492524608733,+0000.0005040128504826,+0000.6978779284780618,+0000.1680688062105822,+0000.0000000000000000
+0000.1274084245641758,+0000.0005883820036910,+0000.7073539095407894,+0000.1646492838913438,+0000.0000000000000000
+0000.1213668763648030,+0000.0006770543457919,+0000.7167136519392227,+0000.1612424173501824,+0000.0000000000000000
+0000.1154288162114441,+0000.0007695604463058,+0000.7259522834313117,+0000.1578493399109380,+0000.0000000000000000
+0000.1095983947538414,+0000.0008654378646779,+0000.7350649929997743,+0000.1544711743817061,+0000.0000000000000000
+0000.1038797023869629,+0000.0009642315358505,+0000.7440470335405711,+0000.1511090325366154,+0000.0000000000000000
+0000.0982767667338200,+0000.0010654941501755,+0000.7528937245104292,+0000.1477640146055752,+0000.0000000000000000
+0000.0927935501619002,+0000.0011687865275060,+0000.7616004545423545,+0000.1444372087682392,+0000.0000000000000000
+0000.0874339473396250,+0000.0012736779852353,+0000.7701626840179756,+0000.1411296906571640,+0000.0000000000000000
+0000.0822017828327913,+0000.0013797466999319,+0000.7785759476004074,+0000.1378425228668693,+0000.0000000000000000
+0000.0771008087398025,+0000.0014865800625155,+0000.7868358567277345,+0000.1345767544699473,+0000.0000000000000000
+0000.0721347023724493,+0000.0015937750265716,+0000.7949381020585522,+0000.1313334205424269,+0000.0000000000000000
+0000.0673070639777569,+0000.0017009384496725,+0000.8028784558778412,+0000.1281135416947290,+0000.0000000000000000
+0000.0626214145066804,+0000.0018076874275092,+0000.8106527744527532,+0000.1249181236130571,+0000.0000000000000000
+0000.0580811934296825,+0000.0019136496204478,+0000.8182570003421402,+0000.1217481566077294,+0000.0000000000000000
+0000.0536897565979509,+0000.0020184635725980,+0000.8256871646589281,+0000.1186046151705228,+0000.0000000000000000
+0000.0494503741567343,+0000.0021217790228191,+0000.8329393892791919,+0000.1154884575412548,+0000.0000000000000000
+0000.0453662285062243,+0000.0022232572077906,+0000.8400098890034003,+0000.1124006252825847,+0000.0000000000000000
+0000.0414404123157538,+0000.0023225711567547,+0000.8468949736623400,+0000.1093420428651514,+0000.0000000000000000
+0000.0376759265908039,+0000.0024194059777203,+0000.8535910501698957,+0000.1063136172615802,+0000.0000000000000000
+0000.0340756787921582,+0000.0025134591351761,+0000.8600946245223555,+0000.1033162375503101,+0000.0000000000000000
+0000.0306424810125641,+0000.0026044407187700,+0000.8664023037388715,+0000.1003507745297941,+0000.0000000000000000
+0000.0273790482071840,+0000.0026920737031160,+0000.8725107977476956,+0000.0974180803420042,+0000.0000000000000000
+0000.0242879964826607,+0000.0027760941983616,+0000.8784169212117154,+0000.0945189881072624,+0000.0000000000000000
+0000.0213718414443804,+0000.0028562516913265,+0000.8841175952953140,+0000.0916543115689790,+0000.0000000000000000
+0000.0186329966015369,+0000.0029323092773004,+0000.8896098493719500,+0000.0888248447492128,+0000.0000000000000000
+0000.0160737718343017,+0000.0030040438819438,+0000.8948908226684508,+0000.0860313616153036,+0000.0000000000000000
+0000.0136963719201331,+0000.0030712464735950,+0000.8999577658488845,+0000.0832746157573872,+0000.0000000000000000
+0000.0115028951233174,+0000.0031337222654358,+0000.9048080425341842,+0000.0805553400770622,+0000.0000000000000000
+0000.0094953318470411,+0000.0031912909076359,+0000.9094391307573128,+0000.0778742464880101,+0000.0000000000000000
+0000.0076755633482596,+0000.0032437866693097,+0000.9138486243551747,+0000.0752320256272559,+0000.0000000000000000
+0000.0060453605181891,+0000.0032910586099798,+0000.9180342342929331,+0000.0726293465788978,+0000.0000000000000000
+0000.0046063827266279,+0000.0033329707407583,+0000.9219937899233593,+0000.0700668566092545,+0000.0000000000000000
+0000.0033601767329371,+0000.0033694021747753,+0000.9257252401783466,+0000.0675451809139410,+0000.0000000000000000
+0000.0023081756632530,+0000.0034002472670016,+0000.9292266546921973,+0000.0650649223775482,+0000.0000000000000000
+0000.0014516980543413,+0000.0034254157433157,+0000.9324962248576562,+0000.0626266613446867,+0000.0000000000000000
+0000.0007919469657649,+0000.0034448328185684,+0000.9355322648115943,+0000.0602309554040724,+0000.0000000000000000
+0000.0003300091595921,+0000.0034584393038655,+0000.9383332123518622,+0000.0578783391846800,+0000.0000000000000000
+0000.0000668543492252,+0000.0034661917026162,+0000.9408976297839609,+0000.0555693241641976,+0000.0000000000000000
+0000.0000033345171766,+0000.0034680622956367,+0000.9432242046961145,+0000.0533043984910722,+0000.0000000000000000
+0000.0001401833023808,+0000.0034640392149586,+0000.9453117506650057,+0000.0510840268176547,+0000.0000000000000000
+0000.0004780154574901,+0000.0034541265064523,+0000.9471592078883387,+0000.0489086501477184,+0000.0000000000000000
+0000.0010173263764477,+0000.0034383441811903,+0000.9487656437466780,+0000.0467786856956840,+0000.0000000000000000
+0000.0017584916926023,+0000.0034167282553848,+0000.9501302532929696,+0000.0446945267590430,+0000.0000000000000000
+0000.0027017669475350,+0000.0033893307790923,+0000.9512523596689356,+0000.0426565426044370,+0000.0000000000000000
+0000.0038472873312147,+0000.0033562198533984,+0000.9521314144500572,+0000.0406650783653296,+0000.0000000000000000
+0000.0051950674928656,+0000.0033174796362483,+0000.9527669979167182,+0000.0387204549541679,+0000.0000000000000000
+0000.0067450014237576,+0000.0032732103368507,+0000.9531588192527938,+0000.0368229689865980,+0000.0000000000000000
+0000.0084968624109608,+0000.0032235281985529,+0000.9533067166714364,+0000.0349728927190500,+0000.0000000000000000
+0000.0104503030625320,+0000.0031685654704042,+0000.9532106574669749,+0000.0331704740000889,+0000.0000000000000000
+0000.0126048554047523,+0000.0031084703671184,+0000.9528707379946387,+0000.0314159362334904,+0000.0000000000000000
+0000.0149599310498515,+0000.0030434070177643,+0000.9522871835762586,+0000.0297094783561255,+0000.0000000000000000
+0000.0175148214361032,+0000.0029735554029103,+0000.9514603483335500,+0000.0280512748274370,+0000.0000000000000000
+0000.0202686981384460,+0000.0028991112804629,+0000.9503907149481029,+0000.0264414756329881,+0000.0000000000000000
+0000.0232206132500392,+0000.0028202861001551,+0000.9490788943487465,+0000.0248802063010590,+0000.0000000000000000
+0000.0263694998356641,+0000.0027373069066406,+0000.9475256253262322,+0000.0233675679314630,+0000.0000000000000000
+0000.0297141724542612,+0000.0026504162314593,+0000.9457317740755609,+0000.0219036372387183,+0000.0000000000000000
+0000.0332533277533182,+0000.0025598719736554,+0000.9436983336661205,+0000.0204884666069057,+0000.0000000000000000
+0000.0369855451322059,+0000.0024659472693307,+0000.9414264234401611,+0000.0191220841583023,+0000.0000000000000000
+0000.0409092874750078,+0000.0023689303501169,+0000.9389172883400172,+0000.0178044938348582,+0000.0000000000000000
+0000.0450229019538792,+0000.0022691243905569,+0000.9361722981637834,+0000.0165356754917805,+0000.0000000000000000
+0000.0493246208992061,+0000.0021668473447030,+0000.9331929467510802,+0000.0153155850050107,+0000.0000000000000000
+0000.0538125627399699,+0000.0020624317717163,+0000.9299808510981398,+0000.0141441543901742,+0000.0000000000000000
+0000.0584847330106684,+0000.0019562246508730,+0000.9265377504033606,+0000.0130212919350981,+0000.0000000000000000
+0000.0633390254249356,+0000.0018485871858307,+0000.9228655050448804,+0000.0119468823443534,+0000.0000000000000000
+0000.0683732230177405,+0000.0017398945983936,+0000.9189660954877639,+0000.0109207868961019,+0000.0000000000000000
+0000.0735849993507034,+0000.0016305359119013,+0000.9148416211256331,+0000.0099428436117623,+0000.0000000000000000
+0000.0789719197852251,+0000.0015209137242289,+0000.9104942990534162,+0000.0090128674371295,+0000.0000000000000000
+0000.0845314428185630,+0000.0014114439707336,+0000.9059264627744396,+0000.0081306504362639,+0000.0000000000000000
+0000.0902609214831020,+0000.0013025556770846,+0000.9011405608428691,+0000.0072959619969441,+0000.0000000000000000
+0000.0961576048109482,+0000.0011946907022210,+0000.8961391554389666,+0000.0065085490478641,+0000.0000000000000000
+0000.1022186393572952,+0000.0010883034716058,+0000.8909249208831966,+0000.0057681362879023,+0000.0000000000000000
+0000.1084410707880512,+0000.0009838607007993,+0000.8855006420847973,+0000.0050744264263519,+0000.0000000000000000
+0000.1148218455259615,+0000.0008818411097004,+0000.8798692129292607,+0000.0044271004350772,+0000.0000000000000000
+0000.1213578124553611,+0000.0007827351274345,+0000.8740336346056690,+0000.0038258178115353,+0000.0000000000000000
+0000.1280457246883350,+0000.0006870445881889,+0000.8679970138705249,+0000.0032702168529512,+0000.0000000000000000
+0000.1348822413840466,+0000.0005952824181175,+0000.8617625612563586,+0000.0027599149414772,+0000.0000000000000000
+0000.1418639296281253,+0000.0005079723134657,+0000.8553335892186139,+0000.0022945088397950,+0000.0000000000000000
+0000.1489872663651080,+0000.0004256484102079,+0000.8487135102271058,+0000.0018735749975782,+0000.0000000000000000
+0000.1562486403841926,+0000.0003488549452636,+0000.8419058348024934,+0000.0014966698680504,+0000.0000000000000000
+0000.1636443543613730,+0000.0002781459095814,+0000.8349141694942764,+0000.0011633302347689,+0000.0000000000000000
+0000.1711706269485287,+0000.0002140846932538,+0000.8277422148098383,+0000.0008730735483792,+0000.0000000000000000
+0000.1788235949176052,+0000.0001572437228699,+0000.8203937630864986,+0000.0006253982730261,+0000.0000000000000000
+0000.1865993153512512,+0000.0001082040913485,+0000.8128726963150014,+0000.0004197842423989,+0000.0000000000000000
+0000.1944937678809965,+0000.0000675551804314,+0000.8051829839135548,+0000.0002556930250172,+0000.0000000000000000
+0000.2025028569758313,+0000.0000358942760878,+0000.7973286804494424,+0000.0001325682986386,+0000.0000000000000000
+0000.2106224142708120,+0000.0000138261770423,+0000.7893139233186107,+0000.0000498362335347,+0000.0000000000000000
+0000.2188482009450724,+0000.0000019627966651,+0000.7811429303738572,+0000.0000069058844051,+0000.0000000000000000
+0000.2271759101388937,+0000.0000009227584568,+0000.7728199975119521,+0000.0000031695906971,+0000.0000000000000000
+0000.2356011694119223,+0000.0000113309853695,+0000.7643494962176165,+0000.0000380033850915,+0000.0000000000000000
+0000.2441195432450238,+0000.0000338182832069,+0000.7557358710618585,+0000.0001107674099105,+0000.0000000000000000
+0000.2527265355747698,+0000.0000690209183531,+0000.7469836371656757,+0000.0002208063412010,+0000.0000000000000000
+0000.2614175923706150,+0000.0001175801900798,+0000.7380973776190687,+0000.0003674498202362,+0000.0000000000000000
+0000.2701881042434349,+0000.0001801419976924,+0000.7290817408666710,+0000.0005500128922013,+0000.0000000000000000
+0000.2790334090883079,+0000.0002573564027575,+0000.7199414380571894,+0000.0007677964517452,+0000.0000000000000000
+0000.2879487947630765,+0000.0003498771867032,+0000.7106812403549922,+0000.0010200876952275,+0000.0000000000000000
+0000.2969295017920734,+0000.0004583614040237,+0000.7013059762245970,+0000.0013061605793056,+0000.0000000000000000
+0000.3059707261050373,+0000.0005834689313792,+0000.6918205286779568,+0000.0016252762856261,+0000.0000000000000000
+0000.3150676217992063,+0000.0007258620128716,+0000.6822298324965026,+0000.0019766836914190,+0000.0000000000000000
+0000.3242153039283328,+0000.0008862048016968,+0000.6725388714244928,+0000.0023596198454773,+0000.0000000000000000
+0000.3334088513189891,+0000.0010651628985873,+0000.6627526753327917,+0000.0027733104496318,+0000.0000000000000000
+0000.3426433094042609,+0000.0012634028871714,+0000.6528763173635027,+0000.0032169703450649,+0000.0000000000000000
+0000.3519136930845633,+0000.0014815918666355,+0000.6429149110454362,+0000.0036898040033645,+0000.0000000000000000
+0000.3612149896032770,+0000.0017203969819520,+0000.6328736073926642,+0000.0041910060221064,+0000.0000000000000000
+0000.3705421614411753,+0000.0019804849518512,+0000.6227575919826714,+0000.0047197616243019,+0000.0000000000000000
+0000.3798901492296309,+0000.0022625215950669,+0000.6125720820132321,+0000.0052752471620698,+0000.0000000000000000
+0000.3892538746732571,+0000.0025671713548225,+0000.6023223233484365,+0000.0058566306234837,+0000.0000000000000000
+0000.3986282434906701,+0000.0028950968221416,+0000.5920135875442782,+0000.0064630721429097,+0000.0000000000000000
+0000.4080081483619853,+0000.0032469582581118,+0000.5816511688656021,+0000.0070937245143006,+0000.0000000000000000
+0000.4173884718864960,+0000.0036234131153143,+0000.5712403812913490,+0000.0077477337068403,+0000.0000000000000000
+0000.4267640895503347,+0000.0040251155590667,+0000.5607865555070889,+0000.0084242393835095,+0000.0000000000000000
+0000.4361298726955438,+0000.0044527159882196,+0000.5502950358951901,+0000.0091223754210463,+0000.0000000000000000
+0000.4454806914979036,+0000.0049068605563823,+0000.5397711775135009,+0000.0098412704322127,+0000.0000000000000000
+0000.4548114179433634,+0000.0053881906934739,+0000.5292203430738311,+0000.0105800482893314,+0000.0000000000000000
+0000.4641169288058317,+0000.0058973426278999,+0000.5186478999175950,+0000.0113378286486732,+0000.0000000000000000
+0000.4733921086262179,+0000.0064349469100802,+0000.5080592169873377,+0000.0121137274763640,+0000.0000000000000000
+0000.4826318526843283,+0000.0070016279368920,+0000.4974596618047517,+0000.0129068575740279,+0000.0000000000000000
+0000.4918310699704929,+0000.0075980034781308,+0000.4868545974459506,+0000.0137163291054255,+0000.0000000000000000
+0000.5009846861477565,+0000.0082246842046295,+0000.4762493795250446,+0000.0145412501225690,+0000.0000000000000000
+0000.5100876465059673,+0000.0088822732185558,+0000.4656493531840197,+0000.0153807270914568,+0000.0000000000000000
+0000.5191349189089385,+0000.0095713655865190,+0000.4550598500868736,+0000.0162338654176688,+0000.0000000000000000
+0000.5281214967257684,+0000.0102925478749631,+0000.4444861854291153,+0000.0170997699701530,+0000.0000000000000000
+0000.5370424017528692,+0000.0110463976891712,+0000.4339336549532607,+0000.0179775456046985,+0000.0000000000000000
+0000.5458926871187204,+0000.0118334832152041,+0000.4234075319810421,+0000.0188662976850330,+0000.0000000000000000
+0000.5546674401710763,+0000.0126543627655887,+0000.4129130644609070,+0000.0197651326024278,+0000.0000000000000000
+0000.5633617853492261,+0000.0135095843292207,+0000.4024554720281195,+0000.0206731582934333,+0000.0000000000000000
+0000.5719708870318787,+0000.0143996851249049,+0000.3920399430888690,+0000.0215894847543471,+0000.0000000000000000
+0000.5804899523671045,+0000.0153251911600349,+0000.3816716319188950,+0000.0225132245539650,+0000.0000000000000000
+0000.5889142340768347,+0000.0162866167935154,+0000.3713556557872754,+0000.0234434933423739,+0000.0000000000000000
+0000.5972390332351687,+0000.0172844643038970,+0000.3610970921039579,+0000.0243794103569760,+0000.0000000000000000
+0000.6054597020240005,+0000.0183192234630504,+0000.3509009755880931,+0000.0253200989248557,+0000.0000000000000000
+0000.6135716464553963,+0000.0193913711148971,+0000.3407722954688767,+0000.0262646869608294,+0000.0000000000000000
+0000.6215703290682915,+0000.0205013707606435,+0000.3307159927089783,+0000.0272123074620863,+0000.0000000000000000
+0000.6294512715916655,+0000.0216496721495453,+0000.3207369572613065,+0000.0281620989974823,+0000.0000000000000000
+0000.6372100575732712,+0000.0228367108762886,+0000.3108400253575921,+0000.0291132061928478,+0000.0000000000000000
+0000.6448423349783330,+0000.0240629079851378,+0000.3010299768256942,+0000.0300647802108343,+0000.0000000000000000
+0000.6523438187465265,+0000.0253286695805238,+0000.2913115324473845,+0000.0310159792255650,+0000.0000000000000000
+0000.6597102933159472,+0000.0266343864453941,+0000.2816893513464908,+0000.0319659688921675,+0000.0000000000000000
+0000.6669376151059155,+0000.0279804336663209,+0000.2721680284180556,+0000.0329139228097074,+0000.0000000000000000
+0000.6740217149578296,+0000.0293671702664904,+0000.2627520917968312,+0000.0338590229788481,+0000.0000000000000000
+0000.6809586005384447,+0000.0307949388467173,+0000.2534460003622019,+0000.0348004602526356,+0000.0000000000000000
+0000.6877443586941698,+0000.0322640652340815,+0000.2442541412907340,+0000.0357374347810142,+0000.0000000000000000
+0000.6943751577655771,+0000.0337748581394634,+0000.2351808276464425,+0000.0366691564485165,+0000.0000000000000000
+0000.7008472498529518,+0000.0353276088231195,+0000.2262302960193069,+0000.0375948453046213,+0000.0000000000000000
+0000.7071569730336976,+0000.0369225907691529,+0000.2174067042098980,+0000.0385137319872510,+0000.0000000000000000
+0000.7133007535348806,+0000.0385600593692247,+0000.2087141289576591,+0000.0394250581382352,+0000.0000000000000000
+0000.7192751078502504,+0000.0402402516149550,+0000.2001565637232529,+0000.0403280768115413,+0000.0000000000000000
+0000.7250766448113188,+0000.0419633858002210,+0000.1917379165154526,+0000.0412220528730071,+0000.0000000000000000
+0000.7307020676023346,+0000.0437296612326971,+0000.1834620077727597,+0000.0421062633922079,+0000.0000000000000000
+0000.7361481757216498,+0000.0455392579551532,+0000.1753325682972735,+0000.0429799980259229,+0000.0000000000000000
+0000.7414118668915290,+0000.0473923364771111,+0000.1673532372387797,+0000.0438425593925796,+0000.0000000000000000
+0000.7464901389069856,+0000.0492890375160627,+0000.1595275601384998,+0000.0446932634384512,+0000.0000000000000000
+0000.7513800914324958,+0000.0512294817496017,+0000.1518589870237126,+0000.0455314397941894,+0000.0000000000000000
+0000.7560789277369525,+0000.0532137695777304,+0000.1443508705625951,+0000.0463564321227215,+0000.0000000000000000
+0000.7605839563703668,+0000.0552419808956179,+0000.1370064642767405,+0000.0471675984572743,+0000.0000000000000000
+0000.7648925927823036,+0000.0573141748778911,+0000.1298289208098156,+0000.0479643115299891,+0000.0000000000000000
+0000.7690023608755105,+0000.0594303897730305,+0000.1228212902604950,+0000.0487459590909636,+0000.0000000000000000
+0000.7729108945016977,+0000.0615906427096334,+0000.1159865185718853,+0000.0495119442167833,+0000.0000000000000000
+0000.7766159388908191,+0000.0637949295136319,+0000.1093274459857688,+0000.0502616856097797,+0000.0000000000000000
+0000.7801153520183401,+0000.0660432245364808,+0000.1028468055591421,+0000.0509946178860365,+0000.0000000000000000
+0000.7834071059083306,+0000.0683354804959371,+0000.0965472217419245,+0000.0517101918538072,+0000.0000000000000000
+0000.7864892878688767,+0000.0706716283273055,+0000.0904312090226804,+0000.0524078747811367,+0000.0000000000000000
+0000.7893601016647057,+0000.0730515770473742,+0000.0845011706355914,+0000.0530871506523281,+0000.0000000000000000
+0000.7920178686198402,+0000.0754752136298452,+0000.0787593973358625,+0000.0537475204144515,+0000.0000000000000000
+0000.7944610286546385,+0000.0779424028922713,+0000.0732080662412573,+0000.0543885022118323,+0000.0000000000000000
+0000.7966881412544181,+0000.0804529873963134,+0000.0678492397387810,+0000.0550096316104873,+0000.0000000000000000
+0000.7986978863685238,+0000.0830067873586310,+0000.0626848644621835,+0000.0556104618106611,+0000.0000000000000000
+0000.8004890652418075,+0000.0856036005753362,+0000.0577167703346212,+0000.0561905638482345,+0000.0000000000000000
+0000.8020606011744367,+0000.0882432023581066,+0000.0529466696823011,+0000.0567495267851550,+0000.0000000000000000
+0000.8034115402131276,+0000.0909253454822612,+0000.0483761564171538,+0000.0572869578874568,+0000.0000000000000000
+0000.8045410517707423,+0000.0936497601487027,+0000.0440067052876512,+0000.0578024827929031,+0000.0000000000000000
+0000.8054484291754965,+0000.0964161539564701,+0000.0398396712022683,+0000.0582957456657645,+0000.0000000000000000
+0000.8061330901487194,+0000.0992242118895820,+0000.0358762886209906,+0000.0587664093407076,+0000.0000000000000000
+0000.8065945772103046,+0000.1020735963155052,+0000.0321176710193674,+0000.0592141554548225,+0000.0000000000000000
+0000.8068325580135616,+0000.1049639469958910,+0000.0285648104234714,+0000.0596386845670757,+0000.0000000000000000
+0000.8068468256065737,+0000.1078948811114551,+0000.0252185770149636,+0000.0600397162670072,+0000.0000000000000000
+0000.8066372986225794,+0000.1108659932974744,+0000.0220797188096647,+0000.0604169892702810,+0000.0000000000000000
+0000.8062040213968635,+0000.1138768556939223,+0000.0191488614059487,+0000.0607702615032648,+0000.0000000000000000
+0000.8055471640117510,+0000.1169270180069931,+0000.0164265078062422,+0000.0610993101750132,+0000.0000000000000000
+0000.8046670222692149,+0000.1200160075832604,+0000.0139130383102943,+0000.0614039318372299,+0000.0000000000000000
+0000.8035640175899810,+0000.1231433294978374,+0000.0116087104794403,+0000.0616839424327409,+0000.0000000000000000
+0000.8022386968417741,+0000.1263084666530856,+0000.0095136591741968,+0000.0619391773309430,+0000.0000000000000000
+0000.8006917320931383,+0000.1295108798921102,+0000.0076278966624029,+0000.0621694913523481,+0000.0000000000000000
+0000.7989239202968255,+0000.1327500081232151,+0000.0059513128000066,+0000.0623747587799523,+0000.0000000000000000
+0000.7969361829000613,+0000.1360252684571986,+0000.0044836752833907,+0000.0625548733593489,+0000.0000000000000000
+0000.7947295653823548,+0000.1393360563583066,+0000.0032246299725706,+0000.0627097482867675,+0000.0000000000000000
+0000.7923052367235572,+0000.1426817458055136,+0000.0021737012864810,+0000.0628393161844477,+0000.0000000000000000
+0000.7896644887979590,+0000.1460616894684504,+0000.0013302926684762,+0000.0629435290651137,+0000.0000000000000000
+0000.7868087356996692,+0000.1494752188939151,+0000.0006936871230049,+0000.0630223582834102,+0000.0000000000000000
+0000.7837395129959766,+0000.1529216447050277,+0000.0002630478224974,+0000.0630757944764978,+0000.0000000000000000
+0000.7804584769103566,+0000.1564002568134946,+0000.0000374187839950,+0000.0631038474921532,+0000.0000000000000000
+0000.7769674034370645,+0000.1599103246420629,+0000.0000157256155815,+0000.0631065463052905,+0000.0000000000000000
+0000.7732681873840819,+0000.1634510973610465,+0000.0001967763316525,+0000.0630839389232187,+0000.0000000000000000
+0000.7693628413497310,+0000.1670218041349929,+0000.0005792622368666,+0000.0630360922784090,+0000.0000000000000000
+0000.7652534946294758,+0000.1706216543816051,+0000.0011617588779471,+0000.0629630921109715,+0000.0000000000000000
+0000.7609423920554834,+0000.1742498380430340,+0000.0019427270630964,+0000.0628650428383857,+0000.0000000000000000
+0000.7564318927701184,+0000.1779055258670726,+0000.0029205139478870,+0000.0627420674149212,+0000.0000000000000000
+0000.7517244689311303,+0000.1815878697016520,+0000.0040933541876262,+0000.0625943071795909,+0000.0000000000000000
+0000.7468227043538216,+0000.1852960027988921,+0000.0054593711549049,+0000.0624219216923809,+0000.0000000000000000
+0000.7417292930869355,+0000.1890290401307443,+0000.0070165782216514,+0000.0622250885606683,+0000.0000000000000000
+0000.7364470379246288,+0000.1927860787163327,+0000.0087628801056764,+0000.0620040032533614,+0000.0000000000000000
+0000.7309788488564705,+0000.1965661979585125,+0000.0106960742794028,+0000.0617588789056136,+0000.0000000000000000
+0000.7253277414534425,+0000.2003684599927713,+0000.0128138524417484,+0000.0614899461120373,+0000.0000000000000000
+0000.7194968351944021,+0000.2041919100452065,+0000.0151138020507252,+0000.0611974527096657,+0000.0000000000000000
+0000.7134893517315122,+0000.2080355768010090,+0000.0175934079162822,+0000.0608816635511959,+0000.0000000000000000
+0000.7073086130956978,+0000.2118984727839200,+0000.0202500538535605,+0000.0605428602668213,+0000.0000000000000000
+0000.7009580398451674,+0000.2157795947440553,+0000.0230810243931460,+0000.0601813410176308,+0000.0000000000000000
+0000.6944411491551711,+0000.2196779240569433,+0000.0260835065502431,+0000.0597974202376422,+0000.0000000000000000
+0000.6877615528525882,+0000.2235924271310228,+0000.0292545916491914,+0000.0593914283671973,+0000.0000000000000000
+0000.6809229553955954,+0000.2275220558244038,+0000.0325912772031162,+0000.0589637115768842,+0000.0000000000000000
+0000.6739291517981376,+0000.2314657478717438,+0000.0360904688490076,+0000.0585146314811105,+0000.0000000000000000
+0000.6667840255036525,+0000.2354224273183955,+0000.0397489823338135,+0000.0580445648441381,+0000.0000000000000000
+0000.6594915462053490,+0000.2393910049647425,+0000.0435635455543238,+0000.0575539032755841,+0000.0000000000000000
+0000.6520557676172809,+0000.2433703788179898,+0000.0475308006462478,+0000.0570430529184809,+0000.0000000000000000
+0000.6444808251973584,+0000.2473594345518388,+0000.0516473061225359,+0000.0565124341282664,+0000.0000000000000000
+0000.6367709338200461,+0000.2513570459755299,+0000.0559095390612773,+0000.0559624811431463,+0000.0000000000000000
+0000.6289303854059480,+0000.2553620755086924,+0000.0603138973379495,+0000.0553936417474097,+0000.0000000000000000
+0000.6209635465037546,+0000.2593733746653195,+0000.0648567019055143,+0000.0548063769254112,+0000.0000000000000000
+0000.6128748558297069,+0000.2633897845440623,+0000.0695341991168505,+0000.0542011605093800,+0000.0000000000000000
+0000.6046688217665382,+0000.2674101363249071,+0000.0743425630898441,+0000.0535784788187101,+0000.0000000000000000
+0000.5963500198177641,+0000.2714332517743472,+0000.0792778981154490,+0000.0529388302924391,+0000.0000000000000000
+0000.5879230900270771,+0000.2754579437547926,+0000.0843362411028285,+0000.0522827251153014,+0000.0000000000000000
+0000.5793927343565806,+0000.2794830167419397,+0000.0895135640656778,+0000.0516106848358018,+0000.0000000000000000
+0000.5707637140301820,+0000.2835072673471121,+0000.0948057766434453,+0000.0509232419792603,+0000.0000000000000000
+0000.5620408468438679,+0000.2875294848446391,+0000.1002087286579635,+0000.0502209396535290,+0000.0000000000000000
+0000.5532290044383874,+0000.2915484517064845,+0000.1057182127058486,+0000.0495043311492793,+0000.0000000000000000
+0000.5443331095457150,+0000.2955629441394660,+0000.1113299667802082,+0000.0487739795346106,+0000.0000000000000000
+0000.5353581332007782,+0000.2995717326294161,+0000.1170396769261841,+0000.0480304572436213,+0000.0000000000000000
+0000.5263090919271606,+0000.3035735824886274,+0000.1228429799235258,+0000.0472743456606860,+0000.0000000000000000
+0000.5171910448972916,+0000.3075672544070218,+0000.1287354659967853,+0000.0465062346989011,+0000.0000000000000000
+0000.5080090910627162,+0000.3115515050092040,+0000.1347126815535562,+0000.0457267223745233,+0000.0000000000000000
+0000.4987683662671539,+0000.3155250874124124,+0000.1407701319438501,+0000.0449364143765835,+0000.0000000000000000
+0000.4894740403318262,+0000.3194867517902849,+0000.1469032842454430,+0000.0441359236324458,+0000.0000000000000000
+0000.4801313141238978,+0000.3234352459381784,+0000.1531075700680173,+0000.0433258698699062,+0000.0000000000000000
+0000.4707454166073707,+0000.3273693158408425,+0000.1593783883767327,+0000.0425068791750538,+0000.0000000000000000
+0000.4613216018724372,+0000.3312877062444348,+0000.1657111083357271,+0000.0416795835474005,+0000.0000000000000000
+0000.4518651461562148,+0000.3351891612279507,+0000.1721010721642366,+0000.0408446204515976,+0000.0000000000000000
+0000.4423813448438647,+0000.3390724247790159,+0000.1785435980104912,+0000.0400026323666280,+0000.0000000000000000
+0000.4328755094621328,+0000.3429362413694751,+0000.1850339828359224,+0000.0391542663324694,+0000.0000000000000000
+0000.4233529646629967,+0000.3467793565321587,+0000.1915675053102517,+0000.0383001734945927,+0000.0000000000000000
+0000.4138190451954071,+0000.3506005174400154,+0000.1981394287179262,+0000.0374410086466511,+0000.0000000000000000
+0000.4042790928748085,+0000.3543984734840924,+0000.2047450038699593,+0000.0365774297711397,+0000.0000000000000000
+0000.3947384535466791,+0000.3581719768522855,+0000.2113794720213381,+0000.0357100975796970,+0000.0000000000000000
+0000.3852024740449627,+0000.3619197831088800,+0000.2180380677951309,+0000.0348396750510262,+0000.0000000000000000
+0000.3756764991536633,+0000.3656406517719889,+0000.2247160221050160,+0000.0339668269693316,+0000.0000000000000000
+0000.3661658685638669,+0000.3693333468923322,+0000.2314085650821567,+0000.0330922194616439,+0000.0000000000000000
+0000.3566759138373599,+0000.3729966376293170,+0000.2381109289984951,+0000.0322165195348277,+0000.0000000000000000
+0000.3472119553731274,+0000.3766292988263071,+0000.2448183511869826,+0000.0313403946135826,+0000.0000000000000000
+0000.3377792993774960,+0000.3802301115850727,+0000.2515260769598977,+0000.0304645120775334,+0000.0000000000000000
+0000.3283832348459879,+0000.3837978638367464,+0000.2582293625168626,+0000.0295895388004030,+0000.0000000000000000
+0000.3190290305499623,+0000.3873313509122498,+0000.2649234778486866,+0000.0287161406891009,+0000.0000000000000000
+0000.3097219320377446,+0000.3908293761088585,+0000.2716037096288778,+0000.0278449822245191,+0000.0000000000000000
+0000.3004671586479797,+0000.3942907512541522,+0000.2782653640935864,+0000.0269767260042815,+0000.0000000000000000
+0000.2912699005351073,+0000.3977142972676523,+0000.2849037699110193,+0000.0261120322862210,+0000.0000000000000000
+0000.2821353157149948,+0000.4010988447175768,+0000.2915142810320016,+0000.0252515585354268,+0000.0000000000000000
+0000.2730685271245747,+0000.4044432343752326,+0000.2980922795279064,+0000.0243959589722861,+0000.0000000000000000
+0000.2640746197037659,+0000.4077463177643880,+0000.3046331784076946,+0000.0235458841241514,+0000.0000000000000000
+0000.2551586374987019,+0000.4110069577062935,+0000.3111324244150570,+0000.0227019803799476,+0000.0000000000000000
+0000.2463255807853907,+0000.4142240288609189,+0000.3175855008065599,+0000.0218648895471304,+0000.0000000000000000
+0000.2375804032219025,+0000.4173964182618953,+0000.3239879301027136,+0000.0210352484134885,+0000.0000000000000000
+0000.2289280090230537,+0000.4205230258475070,+0000.3303352768180524,+0000.0202136883113866,+0000.0000000000000000
+0000.2203732501654123,+0000.4236027649853443,+0000.3366231501621647,+0000.0194008346870785,+0000.0000000000000000
+0000.2119209236222950,+0000.4266345629909387,+0000.3428472067127894,+0000.0185973066739767,+0000.0000000000000000
+0000.2035757686268149,+0000.4296173616413913,+0000.3490031530616569,+0000.0178037166701368,+0000.0000000000000000
+0000.1953424639718448,+0000.4325501176811661,+0000.3550867484255096,+0000.0170206699214793,+0000.0000000000000000
+0000.1872256253404601,+0000.4354318033224945,+0000.3610938072280551,+0000.0162487641089902,+0000.0000000000000000
+0000.1792298026743633,+0000.4382614067381734,+0000.3670202016451493,+0000.0154885889423140,+0000.0000000000000000
+0000.1713594775804728,+0000.4410379325467828,+0000.3728618641144256,+0000.0147407257583185,+0000.0000000000000000
+0000.1636190607728943,+0000.4437604022917123,+0000.3786147898098105,+0000.0140057471255826,+0000.0000000000000000
+0000.1560128895595718,+0000.4464278549109338,+0000.3842750390739993,+0000.0132842164554951,+0000.0000000000000000
+0000.1485452253669748,+0000.4490393472000265,+0000.3898387398142011,+0000.0125766876187974,+0000.0000000000000000
+0000.1412202513100582,+0000.4515939542663443,+0000.3953020898539818,+0000.0118837045696156,+0000.0000000000000000
+0000.1340420698075638,+0000.4540907699743407,+0000.4006613592423774,+0000.0112058009757181,+0000.0000000000000000
+0000.1270147002400116,+0000.4565289073833902,+0000.4059128925206325,+0000.0105434998559658,+0000.0000000000000000
+0000.1201420766593800,+0000.4589074991750943,+0000.4110531109402982,+0000.0098973132252274,+0000.0000000000000000
+0000.1134280455435412,+0000.4612256980727245,+0000.4160785146374142,+0000.0092677417463196,+0000.0000000000000000
+0000.1068763636029308,+0000.4634826772505125,+0000.4209856847563659,+0000.0086552743901908,+0000.0000000000000000
+0000.1004906956389409,+0000.4656776307330208,+0000.4257712855244505,+0000.0080603881035877,+0000.0000000000000000
+0000.0942746124517506,+0000.4678097737857893,+0000.4304320662774290,+0000.0074835474850311,+0000.0000000000000000
+0000.0882315888060163,+0000.4698783432943588,+0000.4349648634305568,+0000.0069252044690681,+0000.0000000000000000
+0000.0823650014475188,+0000.4718825981343981,+0000.4393666023991635,+0000.0063857980189197,+0000.0000000000000000
+0000.0766781271781546,+0000.4738218195305401,+0000.4436342994632279,+0000.0058657538280776,+0000.0000000000000000
+0000.0711741409883071,+0000.4756953114043604,+0000.4477650635768240,+0000.0053654840305086,+0000.0000000000000000
+0000.0658561142448174,+0000.4775024007124587,+0000.4517560981226592,+0000.0048853869200650,+0000.0000000000000000
+0000.0607270129418162,+0000.4792424377721360,+0000.4556047026069569,+0000.0044258466790910,+0000.0000000000000000
+0000.0557896960083578,+0000.4809147965770821,+0000.4593082742981603,+0000.0039872331163997,+0000.0000000000000000
+0000.0510469136795481,+0000.4825188751008256,+0000.4628643098047698,+0000.0035699014148566,+0000.0000000000000000
+0000.0465013059297036,+0000.4840540955886488,+0000.4662704065929744,+0000.0031741918886734,+0000.0000000000000000
+0000.0421554009666862,+0000.4855199048384449,+0000.4695242644443450,+0000.0028004297505239,+0000.0000000000000000
+0000.0380116137930919,+0000.4869157744686101,+0000.4726236868495956,+0000.0024489248887025,+0000.0000000000000000
+0000.0340722448293199,+0000.4882412011749726,+0000.4755665823412674,+0000.0021199716544401,+0000.0000000000000000
+0000.0303394786042695,+0000.4894957069747339,+0000.4783509657615780,+0000.0018138486594185,+0000.0000000000000000
+0000.0268153825119607,+0000.4906788394383103,+0000.4809749594658873,+0000.0015308185838417,+0000.0000000000000000
+0000.0235019056339163,+0000.4917901719091460,+0000.4834367944620611,+0000.0012711279948766,+0000.0000000000000000
+0000.0204008776314561,+0000.4928293037101649,+0000.4857348114825764,+0000.0010350071758026,+0000.0000000000000000
+0000.0175140077041409,+0000.4937958603383911,+0000.4878674619915704,+0000.0008226699658979,+0000.0000000000000000
+0000.0148428836187717,+0000.4946894936461351,+0000.4898333091239807,+0000.0006343136111125,+0000.0000000000000000
+0000.0123889708075239,+0000.4955098820095407,+0000.4916310285571421,+0000.0004701186257936,+0000.0000000000000000
+0000.0101536115353595,+0000.4962567304843318,+0000.4932594093150384,+0000.0003302486652704,+0000.0000000000000000
+0000.0081380241393362,+0000.4969297709480673,+0000.4947173545029299,+0000.0002148504096667,+0000.0000000000000000
+0000.0063433023374828,+0000.4975287622297636,+0000.4960038819739378,+0000.0001240534588157,+0000.0000000000000000
+0000.0047704146100832,+0000.4980534902258684,+0000.4971181249256359,+0000.0000579702384126,+0000.0000000000000000
+0000.0034202036523596,+0000.4985037680031996,+0000.4980593324269292,+0000.0000166959175117,+0000.0000000000000000
+0000.0022933858988422,+0000.4988794358885341,+0000.4988268698753338,+0000.0000003083372902,+0000.0000000000000000
+0000.0013905511207236,+0000.4991803615447006,+0000.4994202193833029,+0000.0000088679512729,+0000.0000000000000000
+0000.0007121620950833,+0000.4994064400334615,+0000.4998389800945128,+0000.0000424177769424,+0000.0000000000000000
+0000.0002585543473665,+0000.4995575938646962,+0000.5000828684291022,+0000.0001009833588352,+0000.0000000000000000
+0000.0000299359665315,+0000.4996337730323070,+0000.5001517182580782,+0000.0001845727430833,+0000.0000000000000000
+0000.0000263874931370,+0000.4996349550364993,+0000.5000454810068437,+0000.0002931764635200,+0000.0000000000000000
+0000.0002478618806114,+0000.4995611448926403,+0000.4997642256875384,+0000.0004267675392100,+0000.0000000000000000
+0000.0006941845295304,+0000.4994123751265429,+0000.4993081388603535,+0000.0005853014835734,+0000.0000000000000000
+0000.0013650533949913,+0000.4991887057562393,+0000.4986775245237773,+0000.0007687163249921,+0000.0000000000000000
+0000.0022600391668627,+0000.4988902242603588,+0000.4978728039339487,+0000.0009769326388301,+0000.0000000000000000
+0000.0033785855231687,+0000.4985170455328147,+0000.4968945153528845,+0000.0012098535911322,+0000.0000000000000000
+0000.0047200094558363,+0000.4980693118243164,+0000.4957433137263469,+0000.0014673649935006,+0000.0000000000000000
+0000.0062835016694285,+0000.4975471926701618,+0000.4944199702907239,+0000.0017493353696859,+0000.0000000000000000
+0000.0080681270519028,+0000.4969508848048467,+0000.4929253721098856,+0000.0020556160333651,+0000.0000000000000000
+0000.0100728252172917,+0000.4962806120633763,+0000.4912605215421179,+0000.0023860411772143,+0000.0000000000000000
+0000.0122964111206983,+0000.4955366252690055,+0000.4894265356367357,+0000.0027404279735604,+0000.0000000000000000
+0000.0147375757437831,+0000.4947192021082038,+0000.4874246454622014,+0000.0031185766858120,+0000.0000000000000000
+0000.0173948868521541,+0000.4938286469920057,+0000.4852561953643217,+0000.0035202707915185,+0000.0000000000000000
+0000.0202667898227167,+0000.4928652909046124,+0000.4829226421565245,+0000.0039452771161466,+0000.0000000000000000
+0000.0233516085408278,+0000.4918294912390220,+0000.4804255542421901,+0000.0043933459779601,+0000.0000000000000000
+0000.0266475463680720,+0000.4907216316193879,+0000.4777666106685097,+0000.0048642113440305,+0000.0000000000000000
+0000.0301526871775102,+0000.4895421217111665,+0000.4749476001147219,+0000.0053575909966016,+0000.0000000000000000
+0000.0338649964587529,+0000.4882913970179543,+0000.4719704198125228,+0000.0058731867107700,+0000.0000000000000000
+0000.0377823224899526,+0000.4869699186661650,+0000.4688370744016615,+0000.0064106844422211,+0000.0000000000000000
+0000.0419023975763694,+0000.4855781731772771,+0000.4655496747205586,+0000.0069697545257949,+0000.0000000000000000
+0000.0462228393569832,+0000.4841166722272438,+0000.4621104365313217,+0000.0075500518844514,+0000.0000000000000000
+0000.0507411521744830,+0000.4825859523944628,+0000.4585216791829654,+0000.0081512162480889,+0000.0000000000000000
+0000.0554547285120419,+0000.4809865748949014,+0000.4547858242099050,+0000.0087728723831518,+0000.0000000000000000
+0000.0603608504929473,+0000.4793191253058166,+0000.4509053938696972,+0000.0094146303315389,+0000.0000000000000000
+0000.0654566914427226,+0000.4775842132777822,+0000.4468830096197179,+0000.0100760856597773,+0000.0000000000000000
+0000.0707393175156676,+0000.4757824722344431,+0000.4427213905320914,+0000.0107568197177980,+0000.0000000000000000
+0000.0762056893796413,+0000.4739145590618081,+0000.4384233516515403,+0000.0114563999070100,+0000.0000000000000000
+0000.0818526639639113,+0000.4719811537852954,+0000.4339918022925818,+0000.0121743799582115,+0000.0000000000000000
+0000.0876769962646468,+0000.4699829592363121,+0000.4294297442809124,+0000.0129103002181290,+0000.0000000000000000
+0000.0936753412080081,+0000.4679207007080257,+0000.4247402701385496,+0000.0136636879454165,+0000.0000000000000000
+0000.0998442555731252,+0000.4657951255995876,+0000.4199265612119978,+0000.0144340576152895,+0000.0000000000000000
+0000.1061801999672402,+0000.4636070030510478,+0000.4149918857488698,+0000.0152209112328424,+0000.0000000000000000
+0000.1126795408594218,+0000.4613571235667384,+0000.4099395969188462,+0000.0160237386549936,+0000.0000000000000000
+0000.1193385526657798,+0000.4590462986293141,+0000.4047731307845749,+0000.0168420179203311,+0000.0000000000000000
+0000.1261534198866067,+0000.4566753603039958,+0000.3994960042219767,+0000.0176752155874208,+0000.0000000000000000
+0000.1331202392979063,+0000.4542451608321574,+0000.3941118127891875,+0000.0185227870807489,+0000.0000000000000000
+0000.1402350221884855,+0000.4517565722168713,+0000.3886242285502590,+0000.0193841770443841,+0000.0000000000000000
+0000.1474936966500860,+0000.4492104857977970,+0000.3830369978490082,+0000.0202588197031088,+0000.0000000000000000
+0000.1548921099120171,+0000.4466078118180117,+0000.3773539390392774,+0000.0211461392306940,+0000.0000000000000000
+0000.1624260307216837,+0000.4439494789821213,+0000.3715789401710299,+0000.0220455501251649,+0000.0000000000000000
+0000.1700911517728709,+0000.4412364340048059,+0000.3657159566314306,+0000.0229564575908924,+0000.0000000000000000
+0000.1778830921724644,+0000.4384696411526791,+0000.3597690087476575,+0000.0238782579271990,+0000.0000000000000000
+0000.1857973999539388,+0000.4356500817764958,+0000.3537421793464194,+0000.0248103389231460,+0000.0000000000000000
+0000.1938295546276044,+0000.4327787538367328,+0000.3476396112769873,+0000.0257520802586755,+0000.0000000000000000
+0000.2019749697701861,+0000.4298566714216019,+0000.3414655048971511,+0000.0267028539110608,+0000.0000000000000000
+0000.2102289956547456,+0000.4268848642567389,+0000.3352241155211744,+0000.0276620245673410,+0000.0000000000000000
+0000.2185869219114191,+0000.4238643772096505,+0000.3289197508370150,+0000.0286289500419151,+0000.0000000000000000
+0000.2270439802278271,+0000.4207962697856554,+0000.3225567682874509,+0000.0296029816990664,+0000.0000000000000000
+0000.2355953470783053,+0000.4176816156186716,+0000.3161395724223715,+0000.0305834648806516,+0000.0000000000000000
+0000.2442361464850393,+0000.4145215019557285,+0000.3096726122216247,+0000.0315697393376074,+0000.0000000000000000
+0000.2529614528114404,+0000.4113170291345439,+0000.3031603783874262,+0000.0325611396665891,+0000.0000000000000000
+0000.2617662935787621,+0000.4080693100572658,+0000.2966074006140586,+0000.0335569957499133,+0000.0000000000000000
+0000.2706456523142718,+0000.4047794696570592,+0000.2900182448291792,+0000.0345566331994894,+0000.0000000000000000
+0000.2795944714200744,+0000.4014486443610447,+0000.2833975104143909,+0000.0355593738044899,+0000.0000000000000000
+0000.2886076550659608,+0000.3980779815483334,+0000.2767498274044278,+0000.0365645359812779,+0000.0000000000000000
+0000.2976800721058411,+0000.3946686390026257,+0000.2700798536639250,+0000.0375714352276080,+0000.0000000000000000
+0000.3068065590096287,+0000.3912217843624070,+0000.2633922720498370,+0000.0385793845781272,+0000.0000000000000000
+0000.3159819228180280,+0000.3877385945654457,+0000.2566917875536002,+0000.0395876950629257,+0000.0000000000000000
+0000.3252009441095648,+0000.3842202552911894,+0000.2499831244309551,+0000.0405956761682903,+0000.0000000000000000
+0000.3344583799832359,+0000.3806679603997257,+0000.2432710233187569,+0000.0416026362982816,+0000.0000000000000000
+0000.3437489670561787,+0000.3770829113667852,+0000.2365602383377600,+0000.0426078832392758,+0000.0000000000000000
+0000.3530674244683819,+0000.3734663167178868,+0000.2298555341895930,+0000.0436107246241379,+0000.0000000000000000
+0000.3624084569012194,+0000.3698193914583418,+0000.2231616832419107,+0000.0446104683985280,+0000.0000000000000000
+0000.3717667576002220,+0000.3661433565025902,+0000.2164834626098361,+0000.0456064232873513,+0000.0000000000000000
+0000.3811370114043017,+0000.3624394381017464,+0000.2098256512329142,+0000.0465978992610376,+0000.0000000000000000
+0000.3905138977814352,+0000.3587088672686487,+0000.2031930269466706,+0000.0475842080032453,+0000.0000000000000000
+0000.3998920938628809,+0000.3549528792036140,+0000.1965903635569770,+0000.0485646633765280,+0000.0000000000000000
+0000.4092662774818625,+0000.3511727127176723,+0000.1900224279112209,+0000.0495385818892442,+0000.0000000000000000
+0000.4186311302085318,+0000.3473696096565501,+0000.1834939769744505,+0000.0505052831604676,+0000.0000000000000000
+0000.4279813403820558,+0000.3435448143245391,+0000.1770097549096225,+0000.0514640903837823,+0000.0000000000000000
+0000.4373116061405738,+0000.3396995729073474,+0000.1705744901611890,+0000.0524143307908895,+0000.0000000000000000
+0000.4466166384409822,+0000.3358351328972538,+0000.1641928925500399,+0000.0533553361117238,+0000.0000000000000000
+0000.4558911640742918,+0000.3319527425172702,+0000.1578696503739862,+0000.0542864430344515,+0000.0000000000000000
+0000.4651299286688672,+0000.3280536501475634,+0000.1516094275217868,+0000.0552069936617823,+0000.0000000000000000
+0000.4743276996814199,+0000.3241391037534657,+0000.1454168605998201,+0000.0561163359652940,+0000.0000000000000000
+0000.4834792693779695,+0000.3202103503137818,+0000.1392965560708329,+0000.0570138242374152,+0000.0000000000000000
+0000.4925794577954624,+0000.3162686352531270,+0000.1332530874123842,+0000.0578988195390261,+0000.0000000000000000
+0000.5016231156903861,+0000.3123152018747249,+0000.1272909922895202,+0000.0587706901453683,+0000.0000000000000000
+0000.5106051274670449,+0000.3083512907969544,+0000.1214147697493627,+0000.0596288119866378,+0000.0000000000000000
+0000.5195204140843261,+0000.3043781393931747,+0000.1156288774367012,+0000.0604725690857977,+0000.0000000000000000
+0000.5283639359447713,+0000.3003969812331194,+0000.1099377288302459,+0000.0613013539918630,+0000.0000000000000000
+0000.5371306957553619,+0000.2964090455300107,+0000.1043456905066152,+0000.0621145682080119,+0000.0000000000000000
+0000.5458157413669779,+0000.2924155565895487,+0000.0988570794270652,+0000.0629116226164077,+0000.0000000000000000
+0000.5544141685853329,+0000.2884177332641453,+0000.0934761602541578,+0000.0636919378963637,+0000.0000000000000000
+0000.5629211239520659,+0000.2844167884119336,+0000.0882071426975378,+0000.0644549449384622,+0000.0000000000000000
+0000.5713318075001488,+0000.2804139283587109,+0000.0830541788886209,+0000.0652000852525190,+0000.0000000000000000
+0000.5796414754724044,+0000.2764103523672442,+0000.0780213607906516,+0000.0659268113696995,+0000.0000000000000000
+0000.5878454430114028,+0000.2724072521096434,+0000.0731127176397355,+0000.0666345872392179,+0000.0000000000000000
+0000.5959390868123858,+0000.2684058111465671,+0000.0683322134233597,+0000.0673228886176868,+0000.0000000000000000
+0000.6039178477387327,+0000.2644072044125568,+0000.0636837443957246,+0000.0679912034529854,+0000.0000000000000000
+0000.6117772334041027,+0000.2604125977056240,+0000.0591711366298255,+0000.0686390322604474,+0000.0000000000000000
+0000.6195128207095796,+0000.2564231471857500,+0000.0547981436120191,+0000.0692658884926511,+0000.0000000000000000
+0000.6271202583453763,+0000.2524399988775696,+0000.0505684438753621,+0000.0698712989016915,+0000.0000000000000000
+0000.6345952692476268,+0000.2484642881813902,+0000.0464856386774360,+0000.0704548038935466,+0000.0000000000000000
+0000.6419336530106938,+0000.2444971393915897,+0000.0425532497221588,+0000.0710159578755573,+0000.0000000000000000
+0000.6491312882587381,+0000.2405396652205685,+0000.0387747169256475,+0000.0715543295950455,+0000.0000000000000000
+0000.6561841349655447,+0000.2365929663328835,+0000.0351533962310932,+0000.0720695024704781,+0000.0000000000000000
+0000.6630882367316469,+0000.2326581308848260,+0000.0316925574696023,+0000.0725610749139245,+0000.0000000000000000
+0000.6698397230099800,+0000.2287362340735533,+0000.0283953822719139,+0000.0730286606445525,+0000.0000000000000000
+0000.6764348112803836,+0000.2248283376948049,+0000.0252649620306235,+0000.0734718889941874,+0000.0000000000000000
+0000.6828698091765956,+0000.2209354897073700,+0000.0223042959131351,+0000.0738904052028988,+0000.0000000000000000
+0000.6891411165553989,+0000.2170587238088940,+0000.0195162889294231,+0000.0742838707062834,+0000.0000000000000000
+0000.6952452275170843,+0000.2131990590181377,+0000.0169037500523260,+0000.0746519634124515,+0000.0000000000000000
+0000.7011787323670100,+0000.2093574992682608,+0000.0144693903943076,+0000.0749943779704212,+0000.0000000000000000
+0000.7069383195222474,+0000.2055350330092561,+0000.0122158214405775,+0000.0753108260279185,+0000.0000000000000000
+0000.7125207773630309,+0000.2017326328186026,+0000.0101455533388428,+0000.0756010364795233,+0000.0000000000000000
+0000.7179229960218404,+0000.1979512550240872,+0000.0082609932488805,+0000.0758647557051914,+0000.0000000000000000
+0000.7231419691177965,+0000.1941918393341482,+0000.0065644437504335,+0000.0761017477976211,+0000.0000000000000000
+0000.7281747954271600,+0000.1904553084801869,+0000.0050581013123944,+0000.0763117947802583,+0000.0000000000000000
+0000.7330186804938360,+0000.1867425678689628,+0000.0037440548233037,+0000.0764946968138969,+0000.0000000000000000
+0000.7376709381793980,+0000.1830545052441634,+0000.0026242841836306,+0000.0766502723928076,+0000.0000000000000000
+0000.7421289921464805,+0000.1793919903609637,+0000.0017006589619772,+0000.0767783585305781,+0000.0000000000000000
+0000.7463903772824030,+0000.1757558746690207,+0000.0009749371145680,+0000.0768788109340079,+0000.0000000000000000
+0000.7504527410547032,+0000.1721469910082426,+0000.0004487637699500,+0000.0769515041671035,+0000.0000000000000000
+0000.7543138448031654,+0000.1685661533152686,+0000.0001236700790707,+0000.0769963318024946,+0000.0000000000000000
+0000.7579715649652559,+0000.1650141563403243,+0000.0000010721313964,+0000.0770132065630231,+0000.0000000000000000
+0000.7614238942338940,+0000.1614917753771944,+0000.0000822699381216,+0000.0770020604507894,+0000.0000000000000000
+0000.7646689426495601,+0000.1579997660027904,+0000.0003684464827133,+0000.0769628448649358,+0000.0000000000000000
+0000.7677049386218824,+0000.1545388638299443,+0000.0008606668396344,+0000.0768955307085384,+0000.0000000000000000
+0000.7705302298843623,+0000.1511097842715650,+0000.0015598773615460,+0000.0768001084825262,+0000.0000000000000000
+0000.7731432843790318,+0000.1477132223158167,+0000.0024669049358850,+0000.0766765883692658,+0000.0000000000000000
+0000.7755426910711697,+0000.1443498523148893,+0000.0035824563106721,+0000.0765250003032685,+0000.0000000000000000
+0000.7777271606950862,+0000.1410203277839746,+0000.0049071174907666,+0000.0763453940301720,+0000.0000000000000000
+0000.7796955264273109,+0000.1377252812138978,+0000.0064413532042575,+0000.0761378391545331,+0000.0000000000000000
+0000.7814467444906580,+0000.1344653238955684,+0000.0081855064394338,+0000.0759024251743392,+0000.0000000000000000
+0000.7829798946856330,+0000.1312410457559558,+0000.0101397980534772,+0000.0756392615049336,+0000.0000000000000000
+0000.7842941808513428,+0000.1280530152077968,+0000.0123043264514734,+0000.0753484774893864,+0000.0000000000000000
+0000.7853889312534909,+0000.1249017790103375,+0000.0146790673380235,+0000.0750302223981478,+0000.0000000000000000
+0000.7862635989010243,+0000.1217878621434631,+0000.0172638735398536,+0000.0746846654156585,+0000.0000000000000000
+0000.7869177617907154,+0000.1187117676943126,+0000.0200584749001214,+0000.0743119956148498,+0000.0000000000000000
+0000.7873511230783241,+0000.1156739767555680,+0000.0230624782457387,+0000.0739124219203686,+0000.0000000000000000
+0000.7875635111789526,+0000.1126749483376097,+0000.0262753674250711,+0000.0734861730583659,+0000.0000000000000000
+0000.7875548797932582,+0000.1097151192919721,+0000.0296965034193281,+0000.0730334974954410,+0000.0000000000000000
+0000.7873253078623341,+0000.1067949042482563,+0000.0333251245247963,+0000.0725546633646126,+0000.0000000000000000
+0000.7868749994503358,+0000.1039146955636211,+0000.0371603466068191,+0000.0720499583792234,+0000.0000000000000000
+0000.7862042835532994,+0000.1010748632840779,+0000.0412011634270438,+0000.0715196897355783,+0000.0000000000000000
+0000.7853136138380081,+0000.0982757551195733,+0000.0454464470400562,+0000.0709641840023617,+0000.0000000000000000
+0000.7842035683064235,+0000.0955176964304858,+0000.0498949482637497,+0000.0703837869993404,+0000.0000000000000000
+0000.7828748488905419,+0000.0928009902273168,+0000.0545452972192908,+0000.0697788636628500,+0000.0000000000000000
+0000.7813282809741422,+0000.0901259171832399,+0000.0593960039419425,+0000.0691497979006751,+0000.0000000000000000
+0000.7795648128436783,+0000.0874927356579146,+0000.0644454590642081,+0000.0684969924341981,+0000.0000000000000000
+0000.7775855150693988,+0000.0849016817351933,+0000.0696919345664462,+0000.0678208686289612,+0000.0000000000000000
+0000.7753915798135953,+0000.0823529692720047,+0000.0751335846001611,+0000.0671218663142385,+0000.0000000000000000
+0000.7729843200712651,+0000.0798467899601644,+0000.0807684463786514,+0000.0664004435899187,+0000.0000000000000000
+0000.7703651688395707,+0000.0773833134007656,+0000.0865944411365165,+0000.0656570766231464,+0000.0000000000000000
+0000.7675356782181453,+0000.0749626871896218,+0000.0926093751595965,+0000.0648922594326359,+0000.0000000000000000
+0000.7644975184425302,+0000.0725850370161494,+0000.0988109408793834,+0000.0641065036619365,+0000.0000000000000000
+0000.7612524768466770,+0000.0702504667731668,+0000.1051967180380414,+0000.0633003383421144,+0000.0000000000000000
+0000.7578024567609487,+0000.0679590586791501,+0000.1117641749175393,+0000.0624743096423613,+0000.0000000000000000
+0000.7541494763417403,+0000.0657108734126381,+0000.1185106696346532,+0000.0616289806109679,+0000.0000000000000000
+0000.7502956673353165,+0000.0635059502571712,+0000.1254334515034204,+0000.0607649309040914,+0000.0000000000000000
+0000.7462432737770047,+0000.0613443072593765,+0000.1325296624582908,+0000.0598827565053275,+0000.0000000000000000
+0000.7419946506246078,+0000.0592259413970957,+0000.1397963385445601,+0000.0589830694337360,+0000.0000000000000000
+0000.7375522623297034,+0000.0571508287596609,+0000.1472304114689051,+0000.0580664974417300,+0000.0000000000000000
+0000.7329186813451269,+0000.0551189247395662,+0000.1548287102117538,+0000.0571336837035526,+0000.0000000000000000
+0000.7280965865702335,+0000.0531301642341495,+0000.1625879627032220,+0000.0561852864923945,+0000.0000000000000000
+0000.7230887617363425,+0000.0511844618596164,+0000.1705047975549177,+0000.0552219788491230,+0000.0000000000000000
+0000.7178980937302707,+0000.0492817121745307,+0000.1785757458549367,+0000.0542444482402613,+0000.0000000000000000
+0000.7125275708607313,+0000.0474217899146415,+0000.1867972430179010,+0000.0532533962067257,+0000.0000000000000000
+0000.7069802810657124,+0000.0456045502383278,+0000.1951656306919608,+0000.0522495380039982,+0000.0000000000000000
+0000.7012594100622320,+0000.0438298289813554,+0000.2036771587245418,+0000.0512336022318703,+0000.0000000000000000
+0000.6953682394418403,+0000.0420974429230328,+0000.2123279871783179,+0000.0502063304568084,+0000.0000000000000000
+0000.6893101447096310,+0000.0404071900609930,+0000.2211141884052646,+0000.0491684768241109,+0000.0000000000000000
+0000.6830885932703207,+0000.0387588498966413,+0000.2300317491701494,+0000.0481208076628880,+0000.0000000000000000
+0000.6767071423630864,+0000.0371521837299076,+0000.2390765728249210,+0000.0470641010820846,+0000.0000000000000000
+0000.6701694369426111,+0000.0355869349627606,+0000.2482444815364396,+0000.0459991465581881,+0000.0000000000000000
+0000.6634792075129822,+0000.0340628294128996,+0000.2575312185579172,+0000.0449267445162007,+0000.0000000000000000
+0000.6566402679105665,+0000.0325795756352370,+0000.2669324505525986,+0000.0438477059015973,+0000.0000000000000000
+0000.6496565130405594,+0000.0311368652529281,+0000.2764437699603104,+0000.0427628517462015,+0000.0000000000000000
+0000.6425319165686262,+0000.0297343732966789,+0000.2860606974084032,+0000.0416730127262910,+0000.0000000000000000
+0000.6352705285650131,+0000.0283717585518177,+0000.2957786841696246,+0000.0405790287135440,+0000.0000000000000000
+0000.6278764731086091,+0000.0270486639143290,+0000.3055931146566263,+0000.0394817483204353,+0000.0000000000000000
+0000.6203539458463379,+0000.0257647167536910,+0000.3154993089620995,+0000.0383820284378713,+0000.0000000000000000
+0000.6127072115133616,+0000.0245195292840438,+0000.3254925254345963,+0000.0372807337679977,+0000.0000000000000000
+0000.6049406014159832,+0000.0233126989423930,+0000.3355679632914395,+0000.0361787363501840,+0000.0000000000000000
+0000.5970585108724605,+0000.0221438087737062,+0000.3457207652718317,+0000.0350769150820014,+0000.0000000000000000
+0000.5890653966234337,+0000.0210124278233267,+0000.3559460203184915,+0000.0339761552347475,+0000.0000000000000000
+0000.5809657742031974,+0000.0199181115353370,+0000.3662387662980043,+0000.0328773479634608,+0000.0000000000000000
+0000.5727642152801713,+0000.0188604021578201,+0000.3765939927489795,+0000.0317813898130287,+0000.0000000000000000
+0000.5644653449675164,+0000.0178388291539360,+0000.3870066436595897,+0000.0306891822189574,+0000.0000000000000000
+0000.5560738390992290,+0000.0168529096186591,+0000.3974716202776839,+0000.0296016310044277,+0000.0000000000000000
+0000.5475944214839096,+0000.0159021487014510,+0000.4079837839413026,+0000.0285196458733364,+0000.0000000000000000
+0000.5390318611269880,+0000.0149860400336726,+0000.4185379589401176,+0000.0274441398992215,+0000.0000000000000000
+0000.5303909694303555,+0000.0141040661614852,+0000.4291289353965096,+0000.0263760290116491,+0000.0000000000000000
+0000.5216765973701315,+0000.0132556989832504,+0000.4397514721678599,+0000.0253162314787578,+0000.0000000000000000
+0000.5128936326478594,+0000.0124404001912882,+0000.4504002997733490,+0000.0242656673875030,+0000.0000000000000000
+0000.5040469968283183,+0000.0116576217180508,+0000.4610701233325317,+0000.0232252581210985,+0000.0000000000000000
+0000.4951416424524941,+0000.0109068061859332,+0000.4717556255270582,+0000.0221959258345143,+0000.0000000000000000
+0000.4861825501382818,+0000.0101873873608573,+0000.4824514695729530,+0000.0211785929279077,+0000.0000000000000000
+0000.4771747256662867,+0000.0094987906091654,+0000.4931523022060761,+0000.0201741815184712,+0000.0000000000000000
+0000.4681231970480055,+0000.0088404333574170,+0000.5038527566834664,+0000.0191836129111109,+0000.0000000000000000
+0000.4590330115891094,+0000.0082117255551338,+0000.5145474557878266,+0000.0182078070679296,+0000.0000000000000000
+0000.4499092329363421,+0000.0076120701398151,+0000.5252310148466381,+0000.0172476820772044,+0000.0000000000000000
+0000.4407569381207720,+0000.0070408635042513,+0000.5358980447531341,+0000.0163041536218422,+0000.0000000000000000
+0000.4315812145947323,+0000.0064974959657064,+0000.5465431549918014,+0000.0153781344477596,+0000.0000000000000000
+0000.4223871572597532,+0000.0059813522365946,+0000.5571609566710826,+0000.0144705338325691,+0000.0000000000000000
+0000.4131798654982753,+0000.0054918118965996,+0000.5677460655504849,+0000.0135822570546401,+0000.0000000000000000
+0000.4039644401975471,+0000.0050282498656704,+0000.5782931050736311,+0000.0127142048631512,+0000.0000000000000000
+0000.3947459807790473,+0000.0045900368777739,+0000.5887967093942057,+0000.0118672729489728,+0000.0000000000000000
+0000.3855295822290742,+0000.0041765399551820,+0000.5992515263982489,+0000.0110423514174947,+0000.0000000000000000
+0000.3763203321306334,+0000.0037871228826579,+0000.6096522207241339,+0000.0102403242625744,+0000.0000000000000000
+0000.3671233077065528,+0000.0034211466817034,+0000.6199934767688184,+0000.0094620688429252,+0000.0000000000000000
+0000.3579435728640012,+0000.0030779700842150,+0000.6302700016910256,+0000.0087084553607579,+0000.0000000000000000
+0000.3487861752530436,+0000.0027569500054269,+0000.6404765283986679,+0000.0079803463428614,+0000.0000000000000000
+0000.3396561433350626,+0000.0024574420159115,+0000.6506078185239839,+0000.0072785961250420,+0000.0000000000000000
+0000.3305584834610901,+0000.0021788008120812,+0000.6606586653875501,+0000.0066040503392785,+0000.0000000000000000
+0000.3214981769698988,+0000.0019203806852429,+0000.6706238969400979,+0000.0059575454047601,+0000.0000000000000000
+0000.3124801772961729,+0000.0016815359886611,+0000.6804983786925076,+0000.0053399080226583,+0000.0000000000000000
+0000.3035094071011145,+0000.0014616216024537,+0000.6902770166215593,+0000.0047519546748724,+0000.0000000000000000
+0000.2945907554213852,+0000.0012599933960971,+0000.6999547600549867,+0000.0041944911275307,+0000.0000000000000000
+0000.2857290748368204,+0000.0010760086880331,+0000.7095266045364887,+0000.0036683119386576,+0000.0000000000000000
+0000.2769291786651440,+0000.0009090267024271,+0000.7189875946610296,+0000.0031741999713991,+0000.0000000000000000
+0000.2681958381766073,+0000.0007584090224752,+0000.7283328268888745,+0000.0027129259120429,+0000.0000000000000000
+0000.2595337798381372,+0000.0006235200402049,+0000.7375574523278803,+0000.0022852477937774,+0000.0000000000000000
+0000.2509476825844777,+0000.0005037274024492,+0000.7466566794866685,+0000.0018919105264044,+0000.0000000000000000
+0000.2424421751161897,+0000.0003984024526077,+0000.7556257769994122,+0000.0015336454317902,+0000.0000000000000000
+0000.2340218332325713,+0000.0003069206681309,+0000.7644600763132058,+0000.0012111697860920,+0000.0000000000000000
+0000.2256911771926014,+0000.0002286620932637,+0000.7731549743458432,+0000.0009251863682918,+0000.0000000000000000
+0000.2174546691131209,+0000.0001630117669201,+0000.7817059361041845,+0000.0006763830157743,+0000.0000000000000000
+0000.2093167104018177,+0000.0001093601453994,+0000.7901084972656514,+0000.0004654321871314,+0000.0000000000000000
+0000.2012816392248388,+0000.0000671035196313,+0000.7983582667233485,+0000.0002929905321813,+0000.0000000000000000
+0000.1933537280166657,+0000.0000356444268017,+0000.8064509290866461,+0000.0001596984698864,+0000.0000000000000000
+0000.1855371810260181,+0000.0000143920560111,+0000.8143822471439772,+0000.0000661797739934,+0000.0000000000000000
+0000.1778361319053756,+0000.0000027626478019,+0000.8221480642798424,+0000.0000130411669798,+0000.0000000000000000
+0000.1702546413436591,+0000.0000001798872652,+0000.8297443068467472,+0000.0000008719223282,+0000.0000000000000000
+0000.1627966947400013,+0000.0000060752905141,+0000.8371669864940282,+0000.0000302434754560,+0000.0000000000000000
+0000.1554661999268729,+0000.0000198885842897,+0000.8444122024453153,+0000.0001017090435218,+0000.0000000000000000
+0000.1482669849363075,+0000.0000410680784748,+0000.8514761437308815,+0000.0002158032543361,+0000.0000000000000000
+0000.1412027958163589,+0000.0000690710312875,+0000.8583550913677824,+0000.0003730417845710,+0000.0000000000000000
+0000.1342772944972651,+0000.0001033640069410,+0000.8650454204883030,+0000.0005739210074905,+0000.0000000000000000
+0000.1274940567054363,+0000.0001434232255739,+0000.8715436024184777,+0000.0008189176505117,+0000.0000000000000000
+0000.1208565699328104,+0000.0001887349051993,+0000.8778462066994382,+0000.0011084884625522,+0000.0000000000000000
+0000.1143682314558025,+0000.0002387955955388,+0000.8839499030569185,+0000.0014430698917402,+0000.0000000000000000
+0000.1080323464103189,+0000.0002931125034692,+0000.8898514633129440,+0000.0018230777732679,+0000.0000000000000000
+0000.1018521259225342,+0000.0003512038099538,+0000.8955477632396054,+0000.0022489070279064,+0000.0000000000000000
+0000.0958306852929240,+0000.0004125989782332,+0000.9010357843576327,+0000.0027209313712101,+0000.0000000000000000
+0000.0899710422416576,+0000.0004768390531017,+0000.9063126156717189,+0000.0032395030335214,+0000.0000000000000000
+0000.0842761152087543,+0000.0005434769511321,+0000.9113754553488338,+0000.0038049524912795,+0000.0000000000000000
+0000.0787487217155914,+0000.0006120777415974,+0000.9162216123335624,+0000.0044175882092486,+0000.0000000000000000
+0000.0733915767871090,+0000.0006822189180230,+0000.9208485079005089,+0000.0050776963943589,+0000.0000000000000000
+0000.0682072914325853,+0000.0007534906601361,+0000.9252536771462431,+0000.0057855407610354,+0000.0000000000000000
+0000.0631983711919672,+0000.0008254960860932,+0000.9294347704138659,+0000.0065413623080735,+0000.0000000000000000
+0000.0583672147420028,+0000.0008978514948696,+0000.9333895546554312,+0000.0073453791076963,+0000.0000000000000000
+0000.0537161125678375,+0000.0009701865985782,+0000.9371159147274678,+0000.0081977861061162,+0000.0000000000000000
+0000.0492472456994034,+0000.0010421447447073,+0000.9406118546193813,+0000.0090987549365078,+0000.0000000000000000
+0000.0449626845107933,+0000.0011133831280399,+0000.9438754986170858,+0000.0100484337440810,+0000.0000000000000000
+0000.0408643875885877,+0000.0011835729922256,+0000.9469050923957308,+0000.0110469470234558,+0000.0000000000000000
+0000.0369542006637571,+0000.0012523998208083,+0000.9496990040469319,+0000.0120943954685028,+0000.0000000000000000
+0000.0332338556126835,+0000.0013195635176699,+0000.9522557250349658,+0000.0131908558346807,+0000.0000000000000000
+0000.0297049695257473,+0000.0013847785767670,+0000.9545738710835017,+0000.0143363808139839,+0000.0000000000000000
+0000.0263690438425602,+0000.0014477742410244,+0000.9566521829937843,+0000.0155309989226309,+0000.0000000000000000
+0000.0232274635583385,+0000.0015082946503924,+0000.9584895273897962,+0000.0167747144014729,+0000.0000000000000000
+0000.0202814964971436,+0000.0015660989788716,+0000.9600848973946725,+0000.0180675071293121,+0000.0000000000000000
+0000.0175322926562715,+0000.0016209615605308,+0000.9614374132341034,+0000.0194093325490942,+0000.0000000000000000
+0000.0149808836204535,+0000.0016726720044148,+0000.9625463227680671,+0000.0208001216070646,+0000.0000000000000000
+0000.0126281820451913,+0000.0017210352982281,+0000.9634110019515842,+0000.0222397807049961,+0000.0000000000000000
+0000.0104749812124209,+0000.0017658719008681,+0000.9640309552213113,+0000.0237281916653994,+0000.0000000000000000
+0000.0085219546553294,+0000.0018070178235997,+0000.9644058158112068,+0000.0252652117098639,+0000.0000000000000000
+0000.0067696558553814,+0000.0018443247000096,+0000.9645353459938719,+0000.0268506734507373,+0000.0000000000000000
+0000.0052185180102168,+0000.0018776598445234,+0000.9644194372499904,+0000.0284843848952692,+0000.0000000000000000
+0000.0038688538723637,+0000.0019069062996196,+0000.9640581103641443,+0000.0301661294638723,+0000.0000000000000000
+0000.0027208556602583,+0000.0019319628716546,+0000.9634515154473140,+0000.0318956660207730,+0000.0000000000000000
+0000.0017745950397607,+0000.0019527441552220,+0000.9625999318868803,+0000.0336727289181370,+0000.0000000000000000
+0000.0010300231777767,+0000.0019691805462116,+0000.9615037682224707,+0000.0354970280535408,+0000.0000000000000000
+0000.0004869708670233,+0000.0019812182433679,+0000.9601635619498121,+0000.0373682489397966,+0000.0000000000000000
+0000.0001451487219104,+0000.0019888192385221,+0000.9585799792505755,+0000.0392860527889918,+0000.0000000000000000
+0000.0000041474459104,+0000.0019919612954615,+0000.9567538146499133,+0000.0412500766087146,+0000.0000000000000000
+0000.0000634381696194,+0000.0019906379173692,+0000.9546859906013277,+0000.0432599333116835,+0000.0000000000000000
+0000.0003223728597918,+0000.0019848583030587,+0000.9523775569985647,+0000.0453152118385849,+0000.0000000000000000
+0000.0007801847987463,+0000.0019746472918208,+0000.9498296906165228,+0000.0474154772929102,+0000.0000000000000000
+0000.0014359891341265,+0000.0019600452971325,+0000.9470436944784608,+0000.0495602710902801,+0000.0000000000000000
+0000.0022887834983365,+0000.0019411082291014,+0000.9440209971538989,+0000.0517491111186630,+0000.0000000000000000
+0000.0033374486977551,+0000.0019179074058319,+0000.9407631519834599,+0000.0539814919129531,+0000.0000000000000000
+0000.0045807494708075,+0000.0018905294537499,+0000.9372718362339153,+0000.0562568848415272,+0000.0000000000000000
+0000.0060173353146143,+0000.0018590761968737,+0000.9335488501837876,+0000.0585747383047243,+0000.0000000000000000
+0000.0076457413799762,+0000.0018236645352679,+0000.9295961161375119,+0000.0609344779472439,+0000.0000000000000000
+0000.0094643894338535,+0000.0017844263125835,+0000.9254156773720088,+0000.0633355068815543,+0000.0000000000000000
+0000.0114715888887595,+0000.0017415081729378,+0000.9210096970140668,+0000.0657772059242360,+0000.0000000000000000
+0000.0136655378984408,+0000.0016950714071690,+0000.9163804568499609,+0000.0682589338444290,+0000.0000000000000000
+0000.0160443245195923,+0000.0016452917884901,+0000.9115303560681425,+0000.0707800276237750,+0000.0000000000000000
+0000.0186059279383130,+0000.0015923593978400,+0000.9064619099346645,+0000.0733398027291824,+0000.0000000000000000
+0000.0213482197607817,+0000.0015364784388410,+0000.9011777484044191,+0000.0759375533959582,+0000.0000000000000000
+0000.0242689653679788,+0000.0014778670426732,+0000.8956806146650131,+0000.0785725529243349,+0000.0000000000000000
+0000.0273658253322475,+0000.0014167570628459,+0000.8899733636194721,+0000.0812440539854345,+0000.0000000000000000
+0000.0306363568966901,+0000.0013533938601040,+0000.8840589603030543,+0000.0839512889401515,+0000.0000000000000000
+0000.0340780155142112,+0000.0012880360776127,+0000.8779404782399591,+0000.0866934701682167,+0000.0000000000000000
+0000.0376881564484297,+0000.0012209554064311,+0000.8716210977365808,+0000.0894697904085581,+0000.0000000000000000
+0000.0414640364317130,+0000.0011524363416725,+0000.8651041041161454,+0000.0922794231104693,+0000.0000000000000000
+0000.0454028153831057,+0000.0010827759292456,+0000.8583928858924990,+0000.0951215227951497,+0000.0000000000000000
+0000.0495015581815397,+0000.0010122835035742,+0000.8514909328874465,+0000.0979952254274396,+0000.0000000000000000
+0000.0537572364970917,+0000.0009412804163152,+0000.8444018342875647,+0000.1008996487990284,+0000.0000000000000000
+0000.0581667306749198,+0000.0008700997563087,+0000.8371292766494525,+0000.1038338929193190,+0000.0000000000000000
+0000.0627268316756498,+0000.0007990860609550,+0000.8296770418442783,+0000.1067970404191168,+0000.0000000000000000
+0000.0674342430652974,+0000.0007285950191825,+0000.8220490049549972,+0000.1097881569605227,+0000.0000000000000000
+0000.0722855830597630,+0000.0006589931662189,+0000.8142491321144580,+0000.1128062916595600,+0000.0000000000000000
+0000.0772773866172836,+0000.0005906575703370,+0000.8062814782972499,+0000.1158504775151293,+0000.0000000000000000
+0000.0824061075811348,+0000.0005239755118175,+0000.7981501850584587,+0000.1189197318485889,+0000.0000000000000000
+0000.0876681208695191,+0000.0004593441543248,+0000.7898594782244048,+0000.1220130567517510,+0000.0000000000000000
+0000.0930597247123080,+0000.0003971702088614,+0000.7814136655363852,+0000.1251294395424451,+0000.0000000000000000
+0000.0985771429324157,+0000.0003378695906190,+0000.7728171342472800,+0000.1282678532296851,+0000.0000000000000000
+0000.1042165272714237,+0000.0002818670688342,+0000.7640743486743499,+0000.1314272569853920,+0000.0000000000000000
+0000.1099739597570322,+0000.0002295959099704,+0000.7551898477083372,+0000.1346065966246599,+0000.0000000000000000
+0000.1158454551125924,+0000.0001814975144026,+0000.7461682422789937,+0000.1378048050940111,+0000.0000000000000000
+0000.1218269632043181,+0000.0001380210468526,+0000.7370142127839983,+0000.1410208029648309,+0000.0000000000000000
+0000.1279143715282654,+0000.0000996230608309,+0000.7277325064746661,+0000.1442534989362374,+0000.0000000000000000
+0000.1341035077335464,+0000.0000667671172873,+0000.7183279348066003,+0000.1475017903425658,+0000.0000000000000000
+0000.1403901421795453,+0000.0000399233977774,+0000.7088053707540432,+0000.1507645636686338,+0000.0000000000000000
+0000.1467699905291472,+0000.0000195683123215,+0000.6991697460881356,+0000.1540406950703954,+0000.0000000000000000
+0000.1532387163710992,+0000.0000061841022794,+0000.6894260486252831,+0000.1573290509013379,+0000.0000000000000000
+0000.1597919338754457,+0000.0000002584384475,+0000.6795793194405476,+0000.1606284882455588,+0000.0000000000000000
+0000.1664252104755897,+0000.0000022840146580,+0000.6696346500558588,+0000.1639378554538933,+0000.0000000000000000
+0000.1731340695802238,+0000.0000127581371390,+0000.6595971795947062,+0000.1672559926879308,+0000.0000000000000000
+0000.1799139933091349,+0000.0000321823099016,+0000.6494720919148919,+0000.1705817324660717,+0000.0000000000000000
+0000.1867604252535739,+0000.0000610618164190,+0000.6392646127145956,+0000.1739139002154113,+0000.0000000000000000
+0000.1936687732588596,+0000.0000999052978574,+0000.6289800066157033,+0000.1772513148275794,+0000.0000000000000000
+0000.2006344122297753,+0000.0001492243281638,+0000.6186235742238059,+0000.1805927892182549,+0000.0000000000000000
+0000.2076526869513068,+0000.0002095329862257,+0000.6082006491728527,+0000.1839371308896146,+0000.0000000000000000
+0000.2147189149320431,+0000.0002813474254649,+0000.5977165951452528,+0000.1872831424972389,+0000.0000000000000000
+0000.2218283892572794,+0000.0003651854410146,+0000.5871768028830813,+0000.1906296224186243,+0000.0000000000000000
+0000.2289763814624564,+0000.0004615660349272,+0000.5765866871774938,+0000.1939753653251222,+0000.0000000000000000
+0000.2361581444141815,+0000.0005710089795245,+0000.5659516838507747,+0000.1973191627555190,+0000.0000000000000000
+0000.2433689152051475,+0000.0006940343792843,+0000.5552772467227394,+0000.2006598036928287,+0000.0000000000000000
+0000.2506039180555319,+0000.0008311622315025,+0000.5445688445725445,+0000.2039960751404205,+0000.0000000000000000
+0000.2578583672246950,+0000.0009829119860242,+0000.5338319580866122,+0000.2073267627026684,+0000.0000000000000000
+0000.2651274699250358,+0000.0011498021043114,+0000.5230720768073464,+0000.2106506511633061,+0000.0000000000000000
+0000.2724064292426659,+0000.0013323496181668,+0000.5122946960721093,+0000.2139665250670577,+0000.0000000000000000
+0000.2796904470588456,+0000.0015310696883626,+0000.5015053139520991,+0000.2172731693006925,+0000.0000000000000000
+0000.2869747269712171,+0000.0017464751634471,+0000.4907094281912973,+0000.2205693696740384,+0000.0000000000000000
+0000.2942544772149827,+0000.0019790761390909,+0000.4799125331450251,+0000.2238539135009007,+0000.0000000000000000
+0000.3015249135809156,+0000.0022293795182006,+0000.4691201167211939,+0000.2271255901796895,+0000.0000000000000000
+0000.3087812623272653,+0000.0024978885720205,+0000.4583376573275453,+0000.2303831917731686,+0000.0000000000000000
+0000.3160187630860203,+0000.0027851025026494,+0000.4475706208250275,+0000.2336255135863022,+0000.0000000000000000
+0000.3232326717624403,+0000.0030915160071822,+0000.4368244574856930,+0000.2368513547446843,+0000.0000000000000000
+0000.3304182634214760,+0000.0034176188437194,+0000.4261045989666883,+0000.2400595187681161,+0000.0000000000000000
+0000.3375708351644451,+0000.0037638953995228,+0000.4154164552909901,+0000.2432488141450416,+0000.0000000000000000
+0000.3446857089928790,+0000.0041308242617996,+0000.4047654118428741,+0000.2464180549024469,+0000.0000000000000000
+0000.3517582346567483,+0000.0045188777910836,+0000.3941568263769640,+0000.2495660611752039,+0000.0000000000000000
+0000.3587837924840921,+0000.0049285216976502,+0000.3835960260486950,+0000.2526916597695622,+0000.0000000000000000
+0000.3657577961955129,+0000.0053602146213394,+0000.3730883044571898,+0000.2557936847259574,+0000.0000000000000000
+0000.3726756956964780,+0000.0058144077148262,+0000.3626389187112099,+0000.2588709778774854,+0000.0000000000000000
+0000.3795329798481268,+0000.0062915442308465,+0000.3522530865179717,+0000.2619223894030547,+0000.0000000000000000
+0000.3863251792148417,+0000.0067920591133900,+0000.3419359832931278,+0000.2649467783786401,+0000.0000000000000000
+0000.3930478687877537,+0000.0073163785935109,+0000.3316927392966374,+0000.2679430133220976,+0000.0000000000000000
+0000.3996966706799217,+0000.0078649197895459,+0000.3215284367964236,+0000.2709099727341086,+0000.0000000000000000
+0000.4062672567939744,+0000.0084380903122764,+0000.3114481072594633,+0000.2738465456342856,+0000.0000000000000000
+0000.4127553514609972,+0000.0090362878754771,+0000.3014567285727923,+0000.2767516320907329,+0000.0000000000000000
+0000.4191567340472959,+0000.0096598999116546,+0000.2915592222950625,+0000.2796241437459866,+0000.0000000000000000
+0000.4254672415267892,+0000.0103093031934902,+0000.2817604509456537,+0000.2824630043340664,+0000.0000000000000000
+0000.4316827710214741,+0000.0109848634612661,+0000.2720652153226268,+0000.2852671501946326,+0000.0000000000000000
+0000.4377992823050249,+0000.0116869350565727,+0000.2624782518603850,+0000.2880355307780168,+0000.0000000000000000
+0000.4438128002679679,+0000.0124158605621781,+0000.2530042300251474,+0000.2907671091447062,+0000.0000000000000000
+0000.4497194173449569,+0000.0131719704486525,+0000.2436477497482462,+0000.2934608624581438,+0000.0000000000000000
+0000.4555152959023794,+0000.0139555827281208,+0000.2344133389006087,+0000.2961157824688908,+0000.0000000000000000
+0000.4611966705822637,+0000.0147670026146588,+0000.2253054508101377,+0000.2987308759929395,+0000.0000000000000000
+0000.4667598506047047,+0000.0156065221924591,+0000.2163284618224142,+0000.3013051653804217,+0000.0000000000000000
+0000.4722012220254297,+0000.0164744200913882,+0000.2074866689054651,+0000.3038376889777165,+0000.0000000000000000
+0000.4775172499476981,+0000.0173709611703654,+0000.1987842873006107,+0000.3063275015813254,+0000.0000000000000000
+0000.4827044806856281,+0000.0182963962086239,+0000.1902254482245978,+0000.3087736748811498,+0000.0000000000000000
+0000.4877595438810633,+0000.0192509616053047,+0000.1818141966155951,+0000.3111752978980364,+0000.0000000000000000
+0000.4926791545702208,+0000.0202348790876265,+0000.1735544889325556,+0000.3135314774095966,+0000.0000000000000000
+0000.4974601151980372,+0000.0212483554271433,+0000.1654501910059261,+0000.3158413383688930,+0000.0000000000000000
+0000.5020993175822783,+0000.0222915821653989,+0000.1575050759404216,+0000.3181040243119008,+0000.0000000000000000
+0000.5065937448236116,+0000.0233647353482990,+0000.1497228220714336,+0000.3203186977566552,+0000.0000000000000000
+0000.5109404731605151,+0000.0244679752694629,+0000.1421070109777367,+0000.3224845405922850,+0000.0000000000000000
+0000.5151366737698801,+0000.0256014462233580,+0000.1346611255500049,+0000.3246007544567565,+0000.0000000000000000
+0000.5191796145101929,+0000.0267652762675483,+0000.1273885481157701,+0000.3266665611064883,+0000.0000000000000000
+0000.5230666616082610,+0000.0279595769951925,+0000.1202925586230836,+0000.3286812027734626,+0000.0000000000000000
+0000.5267952812849970,+0000.0291844433165570,+0000.1133763328859081,+0000.3306439425125374,+0000.0000000000000000
+0000.5303630413238759,+0000.0304399532512221,+0000.1066429408862266,+0000.3325540645386749,+0000.0000000000000000
+0000.5337676125783041,+0000.0317261677304463,+0000.1000953451398926,+0000.3344108745513565,+0000.0000000000000000
+0000.5370067704162995,+0000.0330431304091882,+0000.0937363991246676,+0000.3362137000498440,+0000.0000000000000000
+0000.5400783961046191,+0000.0343908674893763,+0000.0875688457709309,+0000.3379618906350733,+0000.0000000000000000
+0000.5429804781285339,+0000.0357693875531468,+0000.0815953160160666,+0000.3396548183022521,+0000.0000000000000000
+0000.5457111134482638,+0000.0371786814071263,+0000.0758183274250449,+0000.3412918777195644,+0000.0000000000000000
+0000.5482685086904238,+0000.0386187219373020,+0000.0702402828756709,+0000.3428724864966027,+0000.0000000000000000
+0000.5506509812739068,+0000.0400894639747077,+0000.0648634693105578,+0000.3443960854408272,+0000.0000000000000000
+0000.5528569604712568,+0000.0415908441731058,+0000.0596900565547957,+0000.3458621388008413,+0000.0000000000000000
+0000.5548849884002705,+0000.0431227808959251,+0000.0547220962048689,+0000.3472701344989352,+0000.0000000000000000
+0000.5567337209512907,+0000.0446851741161836,+0000.0499615205826580,+0000.3486195843498671,+0000.0000000000000000
+0000.5584019286456678,+0000.0462779053273273,+0000.0454101417584490,+0000.3499100242685553,+0000.0000000000000000
+0000.5598884974244172,+0000.0479008374642226,+0000.0410696506465595,+0000.3511410144648002,+0000.0000000000000000
+0000.5611924293702883,+0000.0495538148372615,+0000.0369416161679325,+0000.3523121396245172,+0000.0000000000000000
+0000.5623128433591931,+0000.0512366630773224,+0000.0330274844831928,+0000.3534230090802913,+0000.0000000000000000
+0000.5632489756420542,+0000.0529491890917922,+0000.0293285782995637,+0000.3544732569665893,+0000.0000000000000000
+0000.5640001803566811,+0000.0546911810328401,+0000.0258460962457102,+0000.3554625423647680,+0000.0000000000000000
+0000.5645659299696686,+0000.0564624082772524,+0000.0225811123202235,+0000.3563905494328550,+0000.0000000000000000
+0000.5649458156473688,+0000.0582626214183782,+0000.0195345754103507,+0000.3572569875239016,+0000.0000000000000000
+0000.5651395475553280,+0000.0600915522682785,+0000.0167073088852959,+0000.3580615912910973,+0000.0000000000000000
+0000.5651469550880431,+0000.0619489138735250,+0000.0141000102597807,+0000.3588041207786506,+0000.0000000000000000
+0000.5649679870261672,+0000.0638344005420114,+0000.0117132509302507,+0000.3594843615015704,+0000.0000000000000000
+0000.5646027116232990,+0000.0657476878809252,+0000.0095474759855974,+0000.3601021245101777,+0000.0000000000000000
+0000.5640513166209551,+0000.0676884328473799,+0000.0076030040887150,+0000.3606572464429494,+0000.0000000000000000
+0000.5633141091918670,+0000.0696562738108539,+0000.0058800274311730,+0000.3611495895661055,+0000.0000000000000000
+0000.5623915158128148,+0000.0716508306264790,+0000.0043786117619952,+0000.3615790417987105,+0000.0000000000000000
+0000.5612840820648893,+0000.0736717047208557,+0000.0030986964876369,+0000.3619455167266175,+0000.0000000000000000
+0000.5599924723638031,+0000.0757184791895384,+0000.0020400948455748,+0000.3622489536010832,+0000.0000000000000000
+0000.5585174696175702,+0000.0777907189062873,+0000.0012024941498431,+0000.3624893173262989,+0000.0000000000000000
+0000.5568599748150872,+0000.0798879706431293,+0000.0005854561098110,+0000.3626665984319718,+0000.0000000000000000
+0000.5550210065427256,+0000.0820097632029757,+0000.0001884172203191,+0000.3627808130339790,+0000.0000000000000000
+0000.5530017004302651,+0000.0841556075638058,+0000.0000106892240635,+0000.3628320027818651,+0000.0000000000000000
+0000.5508033085285158,+0000.0863249970333410,+0000.0000514596458284,+0000.3628202347923144,+0000.0000000000000000
+0000.5484271986151683,+0000.0885174074157788,+0000.0003097923976790,+0000.3627456015713733,+0000.0000000000000000
+0000.5458748534320849,+0000.0907322971908953,+0000.0007846284553912,+0000.3626082209216280,+0000.0000000000000000
+0000.5431478698544233,+0000.0929691077020361,+0000.0014747866051549,+0000.3624082358383852,+0000.0000000000000000
+0000.5402479579897709,+0000.0952272633571394,+0000.0023789642605374,+0000.3621458143925518,+0000.0000000000000000
+0000.5371769402109948,+0000.0975061718403969,+0000.0034957383488149,+0000.3618211495997930,+0000.0000000000000000
+0000.5339367501194682,+0000.0998052243349962,+0000.0048235662668425,+0000.3614344592786927,+0000.0000000000000000
+0000.5305294314446202,+0000.1021237957558230,+0000.0063607869044715,+0000.3609859858950847,+0000.0000000000000000
+0000.5269571368748268,+0000.1044612449939521,+0000.0081056217365221,+0000.3604759963946985,+0000.0000000000000000
+0000.5232221268225877,+0000.1068169151717717,+0000.0100561759822335,+0000.3599047820234065,+0000.0000000000000000
+0000.5193267681278652,+0000.1091901339075282,+0000.0122104398298849,+0000.3592726581347211,+0000.0000000000000000
+0000.5152735326942283,+0000.1115802135909010,+0000.0145662897283938,+0000.3585799639864766,+0000.0000000000000000
+0000.5110649960625935,+0000.1139864516700387,+0000.0171214897440104,+0000.3578270625233569,+0000.0000000000000000
+0000.5067038359240882,+0000.1164081309455565,+0000.0198736929797259,+0000.3570143401506288,+0000.0000000000000000
+0000.5021928305695192,+0000.1188445198776764,+0000.0228204430595562,+0000.3561422064932478,+0000.0000000000000000
+0000.4975348572792465,+0000.1212948729010942,+0000.0259591756742995,+0000.3552110941453591,+0000.0000000000000000
+0000.4927328906513950,+0000.1237584307506799,+0000.0292872201901811,+0000.3542214584077434,+0000.0000000000000000
+0000.4877900008752339,+0000.1262344207952847,+0000.0328018013155803,+0000.3531737770139007,+0000.0000000000000000
+0000.4827093519429223,+0000.1287220573814524,+0000.0365000408295976,+0000.3520685498460274,+0000.0000000000000000
+0000.4774941998053457,+0000.1312205421875313,+0000.0403789593691565,+0000.3509062986379660,+0000.0000000000000000
+0000.4721478904745833,+0000.1337290645833455,+0000.0444354782713754,+0000.3496875666706954,+0000.0000000000000000
+0000.4666738580695483,+0000.1362468020017450,+0000.0486664214744600,+0000.3484129184542464,+0000.0000000000000000
+0000.4610756228073979,+0000.1387729203177905,+0000.0530685174743017,+0000.3470829394005097,+0000.0000000000000000
+0000.4553567889462596,+0000.1413065742341951,+0000.0576384013323593,+0000.3456982354871856,+0000.0000000000000000
+0000.4495210426735961,+0000.1438469076779010,+0000.0623726167393554,+0000.3442594329091470,+0000.0000000000000000
+0000.4435721499462025,+0000.1463930542018287,+0000.0672676181291381,+0000.3427671777228305,+0000.0000000000000000
+0000.4375139542799855,+0000.1489441373969185,+0000.0723197728447890,+0000.3412221354783065,+0000.0000000000000000
+0000.4313503744961385,+0000.1514992713084276,+0000.0775253633505560,+0000.3396249908448775,+0000.0000000000000000
+0000.4250854024175259,+0000.1540575608613689,+0000.0828805894948917,+0000.3379764472262131,+0000.0000000000000000
+0000.4187231005208614,+0000.1566181022938229,+0000.0883815708199775,+0000.3362772263653379,+0000.0000000000000000
+0000.4122675995488492,+0000.1591799835934900,+0000.0940243489132810,+0000.3345280679443793,+0000.0000000000000000
+0000.4057230960772689,+0000.1617422849441252,+0000.0998048898060010,+0000.3327297291726047,+0000.0000000000000000
+0000.3990938500408868,+0000.1643040791772239,+0000.1057190864143969,+0000.3308829843674921,+0000.0000000000000000
+0000.3923841822246560,+0000.1668644322275900,+0000.1117627610182422,+0000.3289886245295113,+0000.0000000000000000
+0000.3855984717131669,+0000.1694224035978413,+0000.1179316677827057,+0000.3270474569062859,+0000.0000000000000000
+0000.3787411533060642,+0000.1719770468254973,+0000.1242214953161883,+0000.3250603045522498,+0000.0000000000000000
+0000.3718167148967977,+0000.1745274099581871,+0000.1306278692668984,+0000.3230280058781163,+0000.0000000000000000
+0000.3648296948224618,+0000.1770725360298736,+0000.1371463549503677,+0000.3209514141972967,+0000.0000000000000000
+0000.3577846791784828,+0000.1796114635452697,+0000.1437724600140211,+0000.3188313972622259,+0000.0000000000000000
+0000.3506862991027642,+0000.1821432269675982,+0000.1505016371341548,+0000.3166688367954825,+0000.0000000000000000
+0000.3435392280361391,+0000.1846668572083733,+0000.1573292867388442,+0000.3144646280166430,+0000.0000000000000000
+0000.3363481789519978,+0000.1871813821240841,+0000.1642507597635240,+0000.3122196791603938,+0000.0000000000000000
+0000.3291179015599633,+0000.1896858270148162,+0000.1712613604344040,+0000.3099349109908163,+0000.0000000000000000
+0000.3218531794916234,+0000.1921792151257789,+0000.1783563490721205,+0000.3076112563104768,+0000.0000000000000000
+0000.3145588274583881,+0000.1946605681523385,+0000.1855309449249552,+0000.3052496594643179,+0000.0000000000000000
+0000.3072396883930541,+0000.1971289067479813,+0000.1927803290205404,+0000.3028510758384238,+0000.0000000000000000
+0000.2999006305691718,+0000.1995832510349254,+0000.2000996470416601,+0000.3004164713542425,+0000.0000000000000000
+0000.2925465447089526,+0000.2020226211145693,+0000.2074840122155816,+0000.2979468219608963,+0000.0000000000000000
+0000.2851823410716953,+0000.2044460375828716,+0000.2149285082248130,+0000.2954431131206199,+0000.0000000000000000
+0000.2778129465280679,+0000.2068525220455465,+0000.2224281921340699,+0000.2929063392923156,+0000.0000000000000000
+0000.2704433016282155,+0000.2092410976341626,+0000.2299780973253367,+0000.2903375034122847,+0000.0000000000000000
+0000.2630783576545613,+0000.2116107895240307,+0000.2375732364502843,+0000.2877376163711235,+0000.0000000000000000
+0000.2557230736663374,+0000.2139606254526722,+0000.2452086043930408,+0000.2851076964879495,+0000.0000000000000000
+0000.2483824135428589,+0000.2162896362378092,+0000.2528791812359902,+0000.2824487689833416,+0000.0000000000000000
+0000.2410613430159457,+0000.2185968562958180,+0000.2605799352386892,+0000.2797618654495469,+0000.0000000000000000
+0000.2337648267031354,+0000.2208813241603475,+0000.2683058258177488,+0000.2770480233187680,+0000.0000000000000000
+0000.2264978251359232,+0000.2231420830004764,+0000.2760518065339317,+0000.2743082853296684,+0000.0000000000000000
+0000.2192652917937754,+0000.2253781811358553,+0000.2838128280752149,+0000.2715436989951543,+0000.0000000000000000
+0000.2120721701358423,+0000.2275886725537963,+0000.2915838412442063,+0000.2687553160661549,+0000.0000000000000000
+0000.2049233906360154,+0000.2297726174230631,+0000.2993597999445070,+0000.2659441919964145,+0000.0000000000000000
+0000.1978238678289659,+0000.2319290826059543,+0000.3071356641574319,+0000.2631113854076477,+0000.0000000000000000
+0000.1907784973581658,+0000.2340571421682592,+0000.3149064029193562,+0000.2602579575542185,+0000.0000000000000000
+0000.1837921530336106,+0000.2361558778886468,+0000.3226669972910716,+0000.2573849717866707,+0000.0000000000000000
+0000.1768696839046380,+0000.2382243797623610,+0000.3304124433137828,+0000.2544934930192181,+0000.0000000000000000
+0000.1700159113401039,+0000.2402617465039762,+0000.3381377549601954,+0000.2515845871957245,+0000.0000000000000000
+0000.1632356261262361,+0000.2422670860469525,+0000.3458379670693119,+0000.2486593207574994,+0000.0000000000000000
+0000.1565335855769247,+0000.2442395160389454,+0000.3535081382714933,+0000.2457187601126365,+0000.0000000000000000
+0000.1499145106671806,+0000.2461781643333613,+0000.3611433538912343,+0000.2427639711082235,+0000.0000000000000000
+0000.1433830831808866,+0000.2480821694765333,+0000.3687387288385797,+0000.2397960185040002,+0000.0000000000000000
+0000.1369439428801422,+0000.2499506811923619,+0000.3762894104804506,+0000.2368159654470453,+0000.0000000000000000
+0000.1306016847012723,+0000.2517828608593241,+0000.3837905814869070,+0000.2338248729524967,+0000.0000000000000000
+0000.1243608559708066,+0000.2535778819842034,+0000.3912374626599742,+0000.2308237993850156,+0000.0000000000000000
+0000.1182259536478297,+0000.2553349306718339,+0000.3986253157376674,+0000.2278137999426690,+0000.0000000000000000
+0000.1122014215976027,+0000.2570532060857625,+0000.4059494461684922,+0000.2247959261481425,+0000.0000000000000000
+0000.1062916478901781,+0000.2587319209068807,+0000.4132052058630171,+0000.2217712253399241,+0000.0000000000000000
+0000.1005009621322525,+0000.2603703017836164,+0000.4203879959139903,+0000.2187407401701408,+0000.0000000000000000
+0000.0948336328287946,+0000.2619675897768067,+0000.4274932692890956,+0000.2157055081053031,+0000.0000000000000000
+0000.0892938647830907,+0000.2635230407976242,+0000.4345165334857786,+0000.2126665609335064,+0000.0000000000000000
+0000.0838857965279712,+0000.2650359260381846,+0000.4414533531582079,+0000.2096249242756363,+0000.0000000000000000
+0000.0786134977945173,+0000.2665055323969963,+0000.4482993527079317,+0000.2065816171005548,+0000.0000000000000000
+0000.0734809670225280,+0000.2679311628942848,+0000.4550502188341537,+0000.2035376512490334,+0000.0000000000000000
+0000.0684921289072748,+0000.2693121370811480,+0000.4617017030504209,+0000.2004940309611561,+0000.0000000000000000
+0000.0636508319880091,+0000.2706477914421664,+0000.4682496241608631,+0000.1974517524089612,+0000.0000000000000000
+0000.0589608462822230,+0000.2719374797865269,+0000.4746898706922769,+0000.1944118032389732,+0000.0000000000000000
+0000.0544258609607171,+0000.2731805736345154,+0000.4810184032873598,+0000.1913751621174077,+0000.0000000000000000
+0000.0500494820700984,+0000.2743764625923553,+0000.4872312570525021,+0000.1883427982850441,+0000.0000000000000000
+0000.0458352303004916,+0000.2755245547211550,+0000.4933245438619484,+0000.1853156711164052,+0000.0000000000000000
+0000.0417865388045182,+0000.2766242768940947,+0000.4992944546117896,+0000.1822947296895974,+0000.0000000000000000
+0000.0379067510628429,+0000.2776750751456289,+0000.5051372614301726,+0000.1792809123613556,+0000.0000000000000000
+0000.0341991188008763,+0000.2786764150125829,+0000.5108493198374567,+0000.1762751463490839,+0000.0000000000000000
+0000.0306667999598015,+0000.2796277818623740,+0000.5164270708535192,+0000.1732783473243052,+0000.0000000000000000
+0000.0273128567184149,+0000.2805286812147885,+0000.5218670430560011,+0000.1702914190107955,+0000.0000000000000000
+0000.0241402535693804,+0000.2813786390513948,+0000.5271658545868751,+0000.1673152527923498,+0000.0000000000000000
+0000.0211518554533990,+0000.2821772021158047,+0000.5323202151005100,+0000.1643507273302864,+0000.0000000000000000
+0000.0183504259474048,+0000.2829239382032697,+0000.5373269276613171,+0000.1613987081880086,+0000.0000000000000000
+0000.0157386255119519,+0000.2836184364389812,+0000.5421828905830089,+0000.1584600474660579,+0000.0000000000000000
+0000.0133190097962750,+0000.2842603075476447,+0000.5468850992118972,+0000.1555355834441830,+0000.0000000000000000
+0000.0110940280049088,+0000.2848491841089576,+0000.5514306476498211,+0000.1526261402363126,+0000.0000000000000000
+0000.0090660213234052,+0000.2853847208050599,+0000.5558167304197137,+0000.1497325274518210,+0000.0000000000000000
+0000.0072372214059169,+0000.2858665946552267,+0000.5600406440715944,+0000.1468555398672620,+0000.0000000000000000
+0000.0056097489266923,+0000.2862945052383532,+0000.5640997887247945,+0000.1439959571101599,+0000.0000000000000000
+0000.0041856121936874,+0000.2866681749061628,+0000.5679916695501275,+0000.1411545433500224,+0000.0000000000000000
+0000.0029667058266638,+0000.2869873489824888,+0000.5717138981902423,+0000.1383320470006052,+0000.0000000000000000
+0000.0019548095013588,+0000.2872517959522255,+0000.5752641941127359,+0000.1355292004336797,+0000.0000000000000000
+0000.0011515867583892,+0000.2874613076376772,+0000.5786403859023243,+0000.1327467197016094,+0000.0000000000000000
+0000.0005585838793357,+0000.2876156993623895,+0000.5818404124862978,+0000.1299853042719770,+0000.0000000000000000
+0000.0001772288298015,+0000.2877148101046573,+0000.5848623242945526,+0000.1272456367709887,+0000.0000000000000000
+0000.0000088302707632,+0000.2877585026359625,+0000.5877042843522643,+0000.1245283827410099,+0000.0000000000000000
+0000.0000545766379864,+0000.2877466636499572,+0000.5903645693059907,+0000.1218341904060658,+0000.0000000000000000
+0000.0003155352907768,+0000.2876792038765794,+0000.5928415703831634,+0000.1191636904494802,+0000.0000000000000000
+0000.0007926517302252,+0000.2875560581854035,+0000.5951337942805178,+0000.1165174958038535,+0000.0000000000000000
+0000.0014867488874783,+0000.2873771856753775,+0000.5972398639861926,+0000.1138962014509518,+0000.0000000000000000
+0000.0023985264828245,+0000.2871425697518040,+0000.5991585195323276,+0000.1113003842330439,+0000.0000000000000000
+0000.0035285604551285,+0000.2868522181917398,+0000.6008886186760090,+0000.1087306026771229,+0000.0000000000000000
+0000.0048773024629722,+0000.2865061631947450,+0000.6024291375126900,+0000.1061873968295928,+0000.0000000000000000
+0000.0064450794576242,+0000.2861044614230733,+0000.6037791710175479,+0000.1036712881017545,+0000.0000000000000000
+0000.0082320933269675,+0000.2856471940264241,+0000.6049379335168412,+0000.1011827791297672,+0000.0000000000000000
+0000.0102384206124450,+0000.2851344666562434,+0000.6059047590878539,+0000.0987223536434577,+0000.0000000000000000
+0000.0124640122976976,+0000.2845664094654791,+0000.6066791018880782,+0000.0962904763487451,+0000.0000000000000000
+0000.0149086936706024,+0000.2839431770954430,+0000.6072605364132593,+0000.0938875928206952,+0000.0000000000000000
+0000.0175721642561217,+0000.2832649486511100,+0000.6076487576828018,+0000.0915141294099663,+0000.0000000000000000
+0000.0204539978233028,+0000.2825319276613259,+0000.6078435813552571,+0000.0891704931601143,+0000.0000000000000000
+0000.0235536424650946,+0000.2817443420281944,+0000.6078449437705828,+0000.0868570717361283,+0000.0000000000000000
+0000.0268704207488773,+0000.2809024439620952,+0000.6076529019218797,+0000.0845742333671476,+0000.0000000000000000
+0000.0304035299414250,+0000.2800065099037520,+0000.6072676333554546,+0000.0823223267993682,+0000.0000000000000000
+0000.0341520423065156,+0000.2790568404347956,+0000.6066894359982052,+0000.0801016812604838,+0000.0000000000000000
+0000.0381149054725973,+0000.2780537601734136,+0000.6059187279155579,+0000.0779126064384311,+0000.0000000000000000
+0000.0422909428750274,+0000.2769976176592211,+0000.6049560469962381,+0000.0757553924695135,+0000.0000000000000000
+0000.0466788542687138,+0000.2758887852239865,+0000.6038020505673015,+0000.0736303099399981,+0000.0000000000000000
+0000.0512772163143155,+0000.2747276588494479,+0000.6024575149377182,+0000.0715376098985188,+0000.0000000000000000
+0000.0560844832323537,+0000.2735146580142729,+0000.6009233348717368,+0000.0694775238816367,+0000.0000000000000000
+0000.0610989875313762,+0000.2722502255259411,+0000.5992005229924313,+0000.0674502639502516,+0000.0000000000000000
+0000.0663189408067453,+0000.2709348273423900,+0000.5972902091137338,+0000.0654560227371311,+0000.0000000000000000
+0000.0717424346063978,+0000.2695689523793048,+0000.5951936395060193,+0000.0634949735082780,+0000.0000000000000000
+0000.0773674413693200,+0000.2681531123068807,+0000.5929121760900073,+0000.0615672702337920,+0000.0000000000000000
+0000.0831918154336080,+0000.2666878413328092,+0000.5904472955628437,+0000.0596730476707391,+0000.0000000000000000
+0000.0892132941093080,+0000.2651736959736576,+0000.5878005884581433,+0000.0578124214588909,+0000.0000000000000000
+0000.0954294988232353,+0000.2636112548151223,+0000.5849737581357555,+0000.0559854882258868,+0000.0000000000000000
+0000.1018379363288855,+0000.2620011182585409,+0000.5819686197073802,+0000.0541923257051933,+0000.0000000000000000
+0000.1084359999855428,+0000.2603439082575386,+0000.5787870988931446,+0000.0524329928637740,+0000.0000000000000000
+0000.1152209710989027,+0000.2586402680414225,+0000.5754312308167775,+0000.0507075300428972,+0000.0000000000000000
+0000.1221900203308380,+0000.2568908618286179,+0000.5719031587324970,+0000.0490159591080472,+0000.0000000000000000
+0000.1293402091740460,+0000.2550963745272303,+0000.5682051326886250,+0000.0473582836100987,+0000.0000000000000000
+0000.1366684914855905,+0000.2532575114251600,+0000.5643395081307998,+0000.0457344889584496,+0000.0000000000000000
+0000.1441717150875552,+0000.2513749978698807,+0000.5603087444393966,+0000.0441445426031677,+0000.0000000000000000
+0000.1518466234301106,+0000.2494495789351158,+0000.5561154034066355,+0000.0425883942281380,+0000.0000000000000000
+0000.1596898573100627,+0000.2474820190798038,+0000.5517621476549205,+0000.0410659759552127,+0000.0000000000000000
+0000.1676979566551176,+0000.2454731017941705,+0000.5472517389931674,+0000.0395772025575445,+0000.0000000000000000
+0000.1758673623636930,+0000.2434236292360203,+0000.5425870367165901,+0000.0381219716836967,+0000.0000000000000000
+0000.1841944182059587,+0000.2413344218576595,+0000.5377709958457887,+0000.0367001640905930,+0000.0000000000000000
+0000.1926753727759729,+0000.2392063180217874,+0000.5328066653144587,+0000.0353116438877809,+0000.0000000000000000
+0000.2013063815045388,+0000.2370401736088026,+0000.5276971860969670,+0000.0339562587896915,+0000.0000000000000000
+0000.2100835087270703,+0000.2348368616130816,+0000.5224457892822774,+0000.0326338403775706,+0000.0000000000000000
+0000.2190027297990208,+0000.2325972717309658,+0000.5170557940984742,+0000.0313442043715391,+0000.0000000000000000
+0000.2280599332689314,+0000.2303223099399898,+0000.5115306058807351,+0000.0300871509103437,+0000.0000000000000000
+0000.2372509231030168,+0000.2280128980670591,+0000.5058737139896128,+0000.0288624648403112,+0000.0000000000000000
+0000.2465714209528760,+0000.2256699733512975,+0000.5000886896824427,+0000.0276699160133837,+0000.0000000000000000
+0000.2560170684787504,+0000.2232944879949983,+0000.4941791839333736,+0000.0265092595928776,+0000.0000000000000000
+0000.2655834297153463,+0000.2208874087091845,+0000.4881489252078230,+0000.0253802363676461,+0000.0000000000000000
+0000.2752659934878822,+0000.2184497162490235,+0000.4820017171892344,+0000.0242825730738597,+0000.0000000000000000
+0000.2850601758653609,+0000.2159824049428803,+0000.4757414364663350,+0000.0232159827254238,+0000.0000000000000000
+0000.2949613226628232,+0000.2134864822140539,+0000.4693720301722904,+0000.0221801649508324,+0000.0000000000000000
+0000.3049647119857079,+0000.2109629680932277,+0000.4628975135834006,+0000.0211748063376637,+0000.0000000000000000
+0000.3150655568071153,+0000.2084128947274101,+0000.4563219676809418,+0000.0201995807845326,+0000.0000000000000000
+0000.3252590075907297,+0000.2058373058787727,+0000.4496495366710983,+0000.0192541498593992,+0000.0000000000000000
+0000.3355401549504774,+0000.2032372564190295,+0000.4428844254663082,+0000.0183381631641848,+0000.0000000000000000
+0000.3459040323392146,+0000.2006138118176782,+0000.4360308971365069,+0000.0174512587066000,+0000.0000000000000000
+0000.3563456187790031,+0000.1979680476228933,+0000.4290932703208454,+0000.0165930632772581,+0000.0000000000000000
+0000.3668598416189566,+0000.1953010489390258,+0000.4220759166091227,+0000.0157631928328948,+0000.0000000000000000
+0000.3774415793291299,+0000.1926139098958962,+0000.4149832578899654,+0000.0149612528850083,+0000.0000000000000000
+0000.3880856643153794,+0000.1899077331165763,+0000.4078197636738103,+0000.0141868388942338,+0000.0000000000000000
+0000.3987868857692315,+0000.1871836291777243,+0000.4005899483837230,+0000.0134395366693209,+0000.0000000000000000
+0000.4095399925438802,+0000.1844427160654536,+0000.3932983686197313,+0000.0127189227709345,+0000.0000000000000000
+0000.4203396960470597,+0000.1816861186297698,+0000.3859496204027949,+0000.0120245649203752,+0000.0000000000000000
+0000.4311806731643063,+0000.1789149680317965,+0000.3785483363916747,+0000.0113560224122225,+0000.0000000000000000
+0000.4420575692028195,+0000.1761304011893023,+0000.3710991830770971,+0000.0107128465307809,+0000.0000000000000000
+0000.4529650008477898,+0000.1733335602192005,+0000.3636068579621295,+0000.0100945809708800,+0000.0000000000000000
+0000.4638975591444517,+0000.1705255918754420,+0000.3560760867185527,+0000.0095007622615534,+0000.0000000000000000
+0000.4748498124909163,+0000.1677076469864701,+0000.3485116203295328,+0000.0089309201930803,+0000.0000000000000000
+0000.4858163096506633,+0000.1648808798874672,+0000.3409182322150495,+0000.0083845782468197,+0000.0000000000000000
+0000.4967915827688545,+0000.1620464478542039,+0000.3333007153490193,+0000.0078612540279218,+0000.0000000000000000
+0000.5077701504073363,+0000.1592055105316875,+0000.3256638793608479,+0000.0073604597001282,+0000.0000000000000000
+0000.5187465205881558,+0000.1563592293631610,+0000.3180125476262077,+0000.0068817024224751,+0000.0000000000000000
+0000.5297151938374255,+0000.1535087670183458,+0000.3103515543559858,+0000.0064244847882428,+0000.0000000000000000
+0000.5406706662420809,+0000.1506552868193324,+0000.3026857416735925,+0000.0059883052649937,+0000.0000000000000000
+0000.5516074325100606,+0000.1477999521671208,+0000.2950199566870794,+0000.0055726586357391,+0000.0000000000000000
+0000.5625199890257924,+0000.1449439259678122,+0000.2873590485649147,+0000.0051770364414803,+0000.0000000000000000
+0000.5734028369134999,+0000.1420883700590166,+0000.2797078656036253,+0000.0048009274238579,+0000.0000000000000000
+0000.5842504850947854,+0000.1392344446359207,+0000.2720712523007949,+0000.0044438179684985,+0000.0000000000000000
+0000.5950574533472556,+0000.1363833076787441,+0000.2644540464259024,+0000.0041051925480976,+0000.0000000000000000
+0000.6058182753505174,+0000.1335361143818878,+0000.2568610761019398,+0000.0037845341656548,+0000.0000000000000000
+0000.6165275017327061,+0000.1306940165828810,+0000.2492971568875017,+0000.0034813247969109,+0000.0000000000000000
+0000.6271797031080882,+0000.1278581621940922,+0000.2417670888658830,+0000.0031950458319361,+0000.0000000000000000
+0000.6377694730979081,+0000.1250296946363911,+0000.2342756537497360,+0000.0029251785159642,+0000.0000000000000000
+0000.6482914313458574,+0000.1222097522751338,+0000.2268276119904921,+0000.0026712043885164,+0000.0000000000000000
+0000.6587402265201637,+0000.1193994678576752,+0000.2194276999011899,+0000.0024326057209707,+0000.0000000000000000
+0000.6691105392932865,+0000.1165999679553950,+0000.2120806267989386,+0000.0022088659523794,+0000.0000000000000000
+0000.6793970853118865,+0000.1138123724082059,+0000.2047910721571021,+0000.0019994701228049,+0000.0000000000000000
+0000.6895946181439108,+0000.1110377937720842,+0000.1975636827796277,+0000.0018039053043769,+0000.0000000000000000
+0000.6996979322091030,+0000.1082773367709060,+0000.1904030699905910,+0000.0016216610293997,+0000.0000000000000000
+0000.7097018656801695,+0000.1055320977531150,+0000.1833138068510756,+0000.0014522297156396,+0000.0000000000000000
+0000.7196013033668955,+0000.1028031641512488,+0000.1763004253937117,+0000.0012951070881433,+0000.0000000000000000
+0000.7293911795742001,+0000.1000916139471529,+0000.1693674138811953,+0000.0011497925974513,+0000.0000000000000000
+0000.7390664809270587,+0000.0973985151422772,+0000.1625192140965207,+0000.0010157898341429,+0000.0000000000000000
+0000.7486222491726222,+0000.0947249252332413,+0000.1557602186550585,+0000.0008926069390775,+0000.0000000000000000
+0000.7580535839524094,+0000.0920718906914621,+0000.1490947683467891,+0000.0007797570093388,+0000.0000000000000000
+0000.7673556455355872,+0000.0894404464515636,+0000.1425271495132708,+0000.0006767584995784,+0000.0000000000000000
+0000.7765236575261442,+0000.0868316154032789,+0000.1360615914521779,+0000.0005831356183985,+0000.0000000000000000
+0000.7855529095307410,+0000.0842464078907908,+0000.1297022638588226,+0000.0004984187196450,+0000.0000000000000000
+0000.7944387597935164,+0000.0816858212186462,+0000.1234532742996039,+0000.0004221446882329,+0000.0000000000000000
+0000.8031766377866725,+0000.0791508391649267,+0000.1173186657279601,+0000.0003538573204402,+0000.0000000000000000
+0000.8117620467667988,+0000.0766424315015456,+0000.1113024140334466,+0000.0002931076982088,+0000.0000000000000000
+0000.8201905662905051,+0000.0741615535206578,+0000.1054084256314677,+0000.0002394545573690,+0000.0000000000000000
+0000.8284578546812278,+0000.0717091455715101,+0000.0996405350977455,+0000.0001924646495160,+0000.0000000000000000
+0000.8365596514581889,+0000.0692861326029678,+0000.0940025028415769,+0000.0001517130972660,+0000.0000000000000000
+0000.8444917797197443,+0000.0668934237143193,+0000.0884980128232353,+0000.0001167837427005,+0000.0000000000000000
+0000.8522501484742561,+0000.0645319117167346,+0000.0831306703202243,+0000.0000872694887846,+0000.0000000000000000
+0000.8598307549294367,+0000.0622024727006826,+0000.0779039997363708,+0000.0000627726335094,+0000.0000000000000000
+0000.8672296867281422,+0000.0599059656143952,+0000.0728214424609016,+0000.0000429051965607,+0000.0000000000000000
+0000.8744431241371563,+0000.0576432318498232,+0000.0678863547747142,+0000.0000272892383056,+0000.0000000000000000
+0000.8814673421785971,+0000.0554150948394769,+0000.0631020058110214,+0000.0000155571709042,+0000.0000000000000000
+0000.8882987127126903,+0000.0532223596622716,+0000.0584715755637251,+0000.0000073520613121,+0000.0000000000000000
+0000.8949337064665089,+0000.0510658126581407,+0000.0539981529493354,+0000.0000023279260147,+0000.0000000000000000
+0000.9013688950021157,+0000.0489462210550159,+0000.0496847339255794,+0000.0000001500172886,+0000.0000000000000000
+0000.9076009526330113,+0000.0468643326040415,+0000.0455342196621411,+0000.0000004951008054,+0000.0000000000000000
+0000.9136266582825251,+0000.0448208752252804,+0000.0415494147677905,+0000.0000030517244035,+0000.0000000000000000
+0000.9194428972789328,+0000.0428165566658924,+0000.0377330255773210,+0000.0000075204778532,+0000.0000000000000000
+0000.9250466630958647,+0000.0408520641667822,+0000.0340876584939057,+0000.0000136142434469,+0000.0000000000000000
+0000.9304350590285203,+0000.0389280641420589,+0000.0306158183921646,+0000.0000210584372557,+0000.0000000000000000
+0000.9356052998110747,+0000.0370452018678816,+0000.0273199070801489,+0000.0000295912408941,+0000.0000000000000000
+0000.9405547131668264,+0000.0352041011847913,+0000.0242022218247414,+0000.0000389638236406,+0000.0000000000000000
+0000.9452807412986813,+0000.0334053642097686,+0000.0212649539367726,+0000.0000489405547767,+0000.0000000000000000
+0000.9497809423148353,+0000.0316495710599939,+0000.0185101874191680,+0000.0000592992060023,+0000.0000000000000000
+0000.9540529915857241,+0000.0299372795899731,+0000.0159398976805083,+0000.0000698311437939,+0000.0000000000000000
+0000.9580946830386139,+0000.0282690251386826,+0000.0135559503111214,+0000.0000803415115816,+0000.0000000000000000
+0000.9619039303844186,+0000.0266453202896884,+0000.0113600999242534,+0000.0000906494016390,+0000.0000000000000000
+0000.9654787682750339,+0000.0250666546435424,+0000.0093539890648849,+0000.0001005880165382,+0000.0000000000000000
+0000.9688173533948186,+0000.0235334946021747,+0000.0075391471828954,+0000.0001100048201107,+0000.0000000000000000
+0000.9719179654819240,+0000.0220462831658071,+0000.0059169896744929,+0000.0001187616777755,+0000.0000000000000000
+0000.9747790082815736,+0000.0206054397418215,+0000.0044888169904432,+0000.0001267349861611,+0000.0000000000000000
+0000.9773990104268176,+0000.0192113599676502,+0000.0032558138136007,+0000.0001338157919309,+0000.0000000000000000
+0000.9797766262514389,+0000.0178644155448079,+0000.0022190483040270,+0000.0001399098997256,+0000.0000000000000000
+0000.9819106365310489,+0000.0165649540864334,+0000.0013794714133477,+0000.0001449379691695,+0000.0000000000000000
+0000.9837999491517760,+0000.0153132989780182,+0000.0007379162693616,+0000.0001488356008437,+0000.0000000000000000
+0000.9854435997087976,+0000.0141097492502989,+0000.0002950976297127,+0000.0001515534111902,+0000.0000000000000000
+0000.9868407520321034,+0000.0129545794655818,+0000.0000516114060155,+0000.0001530570962988,+0000.0000000000000000
+0000.9879906986395025,+0000.0118480396172353,+0000.0000079342587640,+0000.0001533274844975,+0000.0000000000000000
+0000.9888928611175960,+0000.0107903550420589,+0000.0001644232625896,+0000.0001523605777546,+0000.0000000000000000
+0000.9895467904296492,+0000.0097817263458791,+0000.0005213156426501,+0000.0001501675818210,+0000.0000000000000000
+0000.9899521671507171,+0000.0088223293419474,+0000.0010787285822283,+0000.0001467749251065,+0000.0000000000000000
+0000.9901088016289269,+0000.0079123150034918,+0000.0018366591013026,+0000.0001422242662783,+0000.0000000000000000
+0000.9900166340744558,+0000.0070518094284315,+0000.0027949840065641,+0000.0001365724905480,+0000.0000000000000000
+0000.9896757345743480,+0000.0062409138178469,+0000.0039534599131307,+0000.0001298916946737,+0000.0000000000000000
+0000.9890863030348380,+0000.0054797044677287,+0000.0053117233367838,+0000.0001222691606489,+0000.0000000000000000
+0000.9882486690498373,+0000.0047682327738405,+0000.0068692908582026,+0000.0001138073181188,+0000.0000000000000000
+0000.9871632916962602,+0000.0041065252495956,+0000.0086255593586274,+0000.0001046236955159,+0000.0000000000000000
+0000.9858307592570557,+0000.0034945835575644,+0000.0105798063254259,+0000.0000948508599534,+0000.0000000000000000
+0000.9842517888703087,+0000.0029323845538916,+0000.0127311902298892,+0000.0000846363459100,+0000.0000000000000000
+0000.9824272261066672,+0000.0024198803458304,+0000.0150787509747732,+0000.0000741425727285,+0000.0000000000000000
+0000.9803580444729945,+0000.0019569983624663,+0000.0176214104135450,+0000.0000635467509938,+0000.0000000000000000
+0000.9780453448459085,+0000.0015436414385558,+0000.0203579729377098,+0000.0000530407778252,+0000.0000000000000000
+0000.9754903548317985,+0000.0011796879112884,+0000.0232871261357561,+0000.0000428311211564,+0000.0000000000000000
+0000.9726944280554055,+0000.0008649917298896,+0000.0264074415216502,+0000.0000331386930539,+0000.0000000000000000
+0000.9696590433793079,+0000.0005993825783190,+0000.0297173753302105,+0000.0000241987121618,+0000.0000000000000000
+0000.9663858040508012,+0000.0003826660106239,+0000.0332152693832303,+0000.0000162605553440,+0000.0000000000000000
+0000.9628764367788627,+0000.0002146235989283,+0000.0368993520236013,+0000.0000095875986069,+0000.0000000000000000
+0000.9591327907435432,+0000.0000950130942697,+0000.0407677391147776,+0000.0000044570474089,+0000.0000000000000000
+0000.9551568365341673,+0000.0000235685997370,+0000.0448184351096548,+0000.0000011597564403,+0000.0000000000000000
+0000.9509506650208108,+0000.0000000007561249,+0000.0490493341840733,+0000.0000000000389902,+0000.0000000000000000
+0000.9465164861559130,+0000.0000239969398887,+0000.0534582214381871,+0000.0000012954660105,+0000.0000000000000000
+0000.9418566277126444,+0000.0000952214732772,+0000.0580427741590822,+0000.0000053766549954,+0000.0000000000000000
+0000.9369735339537475,+0000.0002133158465057,+0000.0628005631509458,+0000.0000125870488005,+0000.0000000000000000
+0000.9318697642348993,+0000.0003778989519077,+0000.0677290541286535,+0000.0000232826845389,+0000.0000000000000000
+0000.9265479915468969,+0000.0005885673298244,+0000.0728256091705936,+0000.0000378319526846,+0000.0000000000000000
+0000.9210110009904406,+0000.0008448954261281,+0000.0780874882369002,+0000.0000566153465306,+0000.0000000000000000
+0000.9152616881881205,+0000.0011464358613902,+0000.0835118507483260,+0000.0000800252021627,+0000.0000000000000000
+0000.9093030576378828,+0000.0014927197111004,+0000.0890957572219399,+0000.0001084654290764,+0000.0000000000000000
+0000.9031382210016375,+0000.0018832567973651,+0000.0948361709693596,+0000.0001423512316372,+0000.0000000000000000
+0000.8967703953360256,+0000.0023175359913440,+0000.1007299598511137,+0000.0001821088215160,+0000.0000000000000000
+0000.8902029012615440,+0000.0027950255267732,+0000.1067738980903718,+0000.0002281751213106,+0000.0000000000000000
+0000.8834391610786034,+0000.0033151733238753,+0000.1129646681380355,+0000.0002809974594854,+0000.0000000000000000
+0000.8764826968221393,+0000.0038774073237916,+0000.1192988625972147,+0000.0003410332568537,+0000.0000000000000000
+0000.8693371282605895,+0000.0044811358335762,+0000.1257729862010323,+0000.0004087497048014,+0000.0000000000000000
+0000.8620061708447506,+0000.0051257478806236,+0000.1323834578392559,+0000.0004846234353691,+0000.0000000000000000
+0000.8544936335989022,+0000.0058106135775755,+0000.1391266126400197,+0000.0005691401835021,+0000.0000000000000000
+0000.8468034169591432,+0000.0065350844966050,+0000.1459987041026389,+0000.0006627944416124,+0000.0000000000000000
+0000.8389395105662774,+0000.0072984940529315,+0000.1529959062741622,+0000.0007660891066284,+0000.0000000000000000
+0000.8309059910033191,+0000.0081001578980015,+0000.1601143159788299,+0000.0008795351198490,+0000.0000000000000000
+0000.8227070194879200,+0000.0089393743211070,+0000.1673499550912620,+0000.0010036510997104,+0000.0000000000000000
+0000.8143468395144217,+0000.0098154246604732,+0000.1746987728572883,+0000.0011389629678165,+0000.0000000000000000
+0000.8058297744561999,+0000.0107275737219017,+0000.1821566482536238,+0000.0012860035682741,+0000.0000000000000000
+0000.7971602251184124,+0000.0116750702064352,+0000.1897193923943794,+0000.0014453122807722,+0000.0000000000000000
+0000.7883426672476932,+0000.0126571471461149,+0000.1973827509786268,+0000.0016174346275647,+0000.0000000000000000
+0000.7793816490062393,+0000.0136730223466203,+0000.2051424067726822,+0000.0018029218744578,+0000.0000000000000000
+0000.7702817884003857,+0000.0147218988384801,+0000.2129939821348349,+0000.0020023306262987,+0000.0000000000000000
+0000.7610477706702309,+0000.0158029653350537,+0000.2209330415776416,+0000.0022162224170732,+0000.0000000000000000
+0000.7516843456488076,+0000.0169153966972677,+0000.2289550943591574,+0000.0024451632947670,+0000.0000000000000000
+0000.7421963250789241,+0000.0180583544057732,+0000.2370555971138022,+0000.0026897234014999,+0000.0000000000000000
+0000.7325885799001381,+0000.0192309870387558,+0000.2452299565121712,+0000.0029504765489345,+0000.0000000000000000
+0000.7228660374993654,+0000.0204324307569996,+0000.2534735319541511,+0000.0032279997894835,+0000.0000000000000000
+0000.7130336789378000,+0000.0216618097934534,+0000.2617816382855447,+0000.0035228729832016,+0000.0000000000000000
+0000.7030965361424870,+0000.0229182369497962,+0000.2701495485466487,+0000.0038356783610673,+0000.0000000000000000
+0000.6930596890699990,+0000.0242008140977158,+0000.2785724967475863,+0000.0041670000846984,+0000.0000000000000000
+0000.6829282628512741,+0000.0255086326849994,+0000.2870456806611133,+0000.0045174238026129,+0000.0000000000000000
+0000.6727074249054961,+0000.0268407742471360,+0000.2955642646436782,+0000.0048875362036893,+0000.0000000000000000
+0000.6624023820311553,+0000.0281963109229308,+0000.3041233824780167,+0000.0052779245678968,+0000.0000000000000000
+0000.6520183774835159,+0000.0295743059743393,+0000.3127181402277602,+0000.0056891763143843,+0000.0000000000000000
+0000.6415606880249130,+0000.0309738143102049,+0000.3213436191172617,+0000.0061218785476202,+0000.0000000000000000
+0000.6310346209625108,+0000.0323938830139649,+0000.3299948784219834,+0000.0065766176015406,+0000.0000000000000000
+0000.6204455111653064,+0000.0338335518743775,+0000.3386669583780725,+0000.0070539785822431,+0000.0000000000000000
+0000.6097987180752407,+0000.0352918539189327,+0000.3473548830967528,+0000.0075545449090737,+0000.0000000000000000
+0000.5990996226988335,+0000.0367678159507843,+0000.3560536634954035,+0000.0080788978549783,+0000.0000000000000000
+0000.5883536245880320,+0000.0382604590875106,+0000.3647583002383455,+0000.0086276160861116,+0000.0000000000000000
+0000.5775661388197477,+0000.0397687993020662,+0000.3734637866774844,+0000.0092012752007012,+0000.0000000000000000
+0000.5667425929608171,+0000.0412918479654352,+0000.3821651118057169,+0000.0098004472680303,+0000.0000000000000000
+0000.5558884240277022,+0000.0428286123914045,+0000.3908572632132734,+0000.0104257003676196,+0000.0000000000000000
+0000.5450090754499861,+0000.0443780963817129,+0000.3995352300398724,+0000.0110775981284279,+0000.0000000000000000
+0000.5341099940237128,+0000.0459393007723506,+0000.4081940059347825,+0000.0117566992691538,+0000.0000000000000000
+0000.5231966268697423,+0000.0475112239808719,+0000.4168285920100571,+0000.0124635571393284,+0000.0000000000000000
+0000.5122744183886477,+0000.0490928625535427,+0000.4254339997958727,+0000.0131987192619366,+0000.0000000000000000
+0000.5013488072274084,+0000.0506832117121743,+0000.4340052541832819,+0000.0139627268771352,+0000.0000000000000000
+0000.4904252232438339,+0000.0522812659014890,+0000.4425373963663842,+0000.0147561144882927,+0000.0000000000000000
+0000.4795090844777888,+0000.0538860193351203,+0000.4510254867769163,+0000.0155794094101744,+0000.0000000000000000
+0000.4686057941386755,+0000.0554964665408824,+0000.4594646080013456,+0000.0164331313190962,+0000.0000000000000000
+0000.4577207375956936,+0000.0571116029044717,+0000.4678498676935884,+0000.0173177918062461,+0000.0000000000000000
+0000.4468592793804033,+0000.0587304252127960,+0000.4761764014726764,+0000.0182338939341241,+0000.0000000000000000
+0000.4360267602103887,+0000.0603519321934516,+0000.4844393758005508,+0000.0191819317956085,+0000.0000000000000000
+0000.4252284940203391,+0000.0619751250537444,+0000.4926339908486286,+0000.0201623900772877,+0000.0000000000000000
+0000.4144697650153197,+0000.0635990080166923,+0000.5007554833417445,+0000.0211757436262431,+0000.0000000000000000
+0000.4037558247380242,+0000.0652225888540364,+0000.5087991293865829,+0000.0222224570213564,+0000.0000000000000000
+0000.3930918891649254,+0000.0668448794164431,+0000.5167602472702929,+0000.0233029841483382,+0000.0000000000000000
+0000.3824831358172655,+0000.0684648961599189,+0000.5246342002427956,+0000.0244177677800197,+0000.0000000000000000
+0000.3719347008962061,+0000.0700816606698794,+0000.5324163992722030,+0000.0255672391617114,+0000.0000000000000000
+0000.3614516764506743,+0000.0716942001792074,+0000.5401023057691654,+0000.0267518176009527,+0000.0000000000000000
+0000.3510391075652811,+0000.0733015480837594,+0000.5476874342874418,+0000.0279719100635177,+0000.0000000000000000
+0000.3407019895771763,+0000.0749027444533726,+0000.5551673551942407,+0000.0292279107752103,+0000.0000000000000000
+0000.3304452653303357,+0000.0764968365363957,+0000.5625376973044801,+0000.0305202008287884,+0000.0000000000000000
+0000.3202738224540976,+0000.0780828792613725,+0000.5697941504864146,+0000.0318491477981152,+0000.0000000000000000
+0000.3101924906798758,+0000.0796599357315268,+0000.5769324682303963,+0000.0332151053582008,+0000.0000000000000000
+0000.3002060391884685,+0000.0812270777150394,+0000.5839484701838449,+0000.0346184129126470,+0000.0000000000000000
+0000.2903191740016022,+0000.0827833861285807,+0000.5908380446427365,+0000.0360593952270804,+0000.0000000000000000
+0000.2805365354046611,+0000.0843279515145784,+0000.5975971510100767,+0000.0375383620706836,+0000.0000000000000000
+0000.2708626954092358,+0000.0858598745134294,+0000.6042218222120065,+0000.0390556078653280,+0000.0000000000000000
+0000.2613021552632570,+0000.0873782663269098,+0000.6107081670684793,+0000.0406114113413539,+0000.0000000000000000
+0000.2518593429969700,+0000.0888822491763531,+0000.6170523726243611,+0000.0422060352023156,+0000.0000000000000000
+0000.2425386110129377,+0000.0903709567536544,+0000.6232507064354598,+0000.0438397257979479,+0000.0000000000000000
+0000.2333442337276278,+0000.0918435346631818,+0000.6292995188047922,+0000.0455127128043981,+0000.0000000000000000
+0000.2242804052525267,+0000.0932991408582821,+0000.6351952449748799,+0000.0472252089143113,+0000.0000000000000000
+0000.2153512371273564,+0000.0947369460679737,+0000.6409344072697241,+0000.0489774095349458,+0000.0000000000000000
+0000.2065607560984752,+0000.0961561342169359,+0000.6465136171884609,+0000.0507694924961278,+0000.0000000000000000
+0000.1979129019544805,+0000.0975559028364230,+0000.6519295774429794,+0000.0526016177661170,+0000.0000000000000000
+0000.1894115254073741,+0000.0989354634662936,+0000.6571790839483206,+0000.0544739271780117,+0000.0000000000000000
+0000.1810603860268873,+0000.1002940420497236,+0000.6622590277575138,+0000.0563865441658752,+0000.0000000000000000
+0000.1728631502345668,+0000.1016308793167053,+0000.6671663969394068,+0000.0583395735093210,+0000.0000000000000000
+0000.1648233893473101,+0000.1029452311605973,+0000.6718982784027197,+0000.0603331010893730,+0000.0000000000000000
+0000.1569445776774042,+0000.1042363690036176,+0000.6764518596645117,+0000.0623671936544664,+0000.0000000000000000
+0000.1492300906954241,+0000.1055035801538175,+0000.6808244305552937,+0000.0644418985954645,+0000.0000000000000000
+0000.1416832032454712,+0000.1067461681513718,+0000.6850133848705741,+0000.0665572437325828,+0000.0000000000000000
+0000.1343070878235007,+0000.1079634531055603,+0000.6890162219588638,+0000.0687132371120750,+0000.0000000000000000
+0000.1271048129127053,+0000.1091547720219615,+0000.6928305482506764,+0000.0709098668146567,+0000.0000000000000000
+0000.1200793413858068,+0000.1103194791177258,+0000.6964540787232633,+0000.0731471007732040,+0000.0000000000000000
+0000.1132335289645804,+0000.1114569461284714,+0000.6998846383039495,+0000.0754248866029987,+0000.0000000000000000
+0000.1065701227427358,+0000.1125665626029167,+0000.7031201632111724,+0000.0777431514431751,+0000.0000000000000000
+0000.1000917597773689,+0000.1136477361873596,+0000.7061587022273064,+0000.0801018018079649,+0000.0000000000000000
+0000.0938009657404626,+0000.1146998928996877,+0000.7089984179089532,+0000.0825007234508963,+0000.0000000000000000
+0000.0877001536361395,+0000.1157224773911937,+0000.7116375877320957,+0000.0849397812405711,+0000.0000000000000000
+0000.0817916225883661,+0000.1167149531984479,+0000.7140746051666890,+0000.0874188190464972,+0000.0000000000000000
+0000.0760775566907861,+0000.1176768029826357,+0000.7163079806881465,+0000.0899376596384318,+0000.0000000000000000
+0000.0705600239269071,+0000.1186075287582905,+0000.7183363427183005,+0000.0924961045965020,+0000.0000000000000000
+0000.0652409751558843,+0000.1195066521106773,+0000.7201584384990467,+0000.0950939342343916,+0000.0000000000000000
+0000.0601222431711384,+0000.1203737144000822,+0000.7217731348961864,+0000.0977309075325928,+0000.0000000000000000
+0000.0552055418243846,+0000.1212082769563030,+0000.7231794191338398,+0000.1004067620854725,+0000.0000000000000000
+0000.0504924652196164,+0000.1220099212595703,+0000.7243763994603036,+0000.1031212140605098,+0000.0000000000000000
+0000.0459844869804882,+0000.1227782491104305,+0000.7253633057411598,+0000.1058739581679214,+0000.0000000000000000
+0000.0416829595848148,+0000.1235128827878484,+0000.7261394899830104,+0000.1086646676443263,+0000.0000000000000000
+0000.0375891137702240,+0000.1242134651940451,+0000.7267044267869831,+0000.1114929942487478,+0000.0000000000000000
+0000.0337040580138499,+0000.1248796599887352,+0000.7270577137283707,+0000.1143585682690445,+0000.0000000000000000
+0000.0300287780802280,+0000.1255111517095140,+0000.7271990716674717,+0000.1172609985427862,+0000.0000000000000000
+0000.0265641366427798,+0000.1261076458817063,+0000.7271283449862738,+0000.1201998724892399,+0000.0000000000000000
+0000.0233108729755632,+0000.1266688691141366,+0000.7268455017552359,+0000.1231747561550642,+0000.0000000000000000
+0000.0202696027196407,+0000.1271945691843283,+0000.7263506338258517,+0000.1261851942701791,+0000.0000000000000000
+0000.0174408177191581,+0000.1276845151096900,+0000.7256439568531338,+0000.1292307103180183,+0000.0000000000000000
+0000.0148248859298994,+0000.1281384972074056,+0000.7247258102444782,+0000.1323108066182167,+0000.0000000000000000
+0000.0124220514018988,+0000.1285563271419628,+0000.7235966570365530,+0000.1354249644195854,+0000.0000000000000000
+0000.0102324343322526,+0000.1289378379591127,+0000.7222570837011238,+0000.1385726440075111,+0000.0000000000000000
+0000.0082560311903416,+0000.1292828841090998,+0000.7207077998768564,+0000.1417532848237022,+0000.0000000000000000
+0000.0064927149164861,+0000.1295913414558749,+0000.7189496380315430,+0000.1449663055960960,+0000.0000000000000000
+0000.0049422351908034,+0000.1298631072749718,+0000.7169835530508579,+0000.1482111044833670,+0000.0000000000000000
+0000.0036042187746850,+0000.1300981002390987,+0000.7148106217560284,+0000.1514870592301877,+0000.0000000000000000
+0000.0024781699230721,+0000.1302962603901157,+0000.7124320423506785,+0000.1547935273361336,+0000.0000000000000000
+0000.0015634708688908,+0000.1304575491006793,+0000.7098491337962962,+0000.1581298462341336,+0000.0000000000000000
+0000.0008593823773729,+0000.1305819490217108,+0000.7070633351177333,+0000.1614953334831826,+0000.0000000000000000
+0000.0003650443711619,+0000.1306694640187744,+0000.7040762046370763,+0000.1648892869729872,+0000.0000000000000000
+0000.0000794766259299,+0000.1307201190966009,+0000.7008894191393378,+0000.1683109851381313,+0000.0000000000000000
+0000.0000015795351155,+0000.1307339603101118,+0000.6975047729684613,+0000.1717596871863114,+0000.0000000000000000
+0000.0001301349441304,+0000.1307110546651303,+0000.6939241770525552,+0000.1752346333381840,+0000.0000000000000000
+0000.0004638070532180,+0000.1306514900057866,+0000.6901496578645425,+0000.1787350450764529,+0000.0000000000000000
+0000.0010011433883483,+0000.1305553748908597,+0000.6861833563118505,+0000.1822601254089415,+0000.0000000000000000
+0000.0017405758396139,+0000.1304228384586124,+0000.6820275265603896,+0000.1858090591413842,+0000.0000000000000000
+0000.0026804217667862,+0000.1302540302785275,+0000.6776845347916253,+0000.1893810131630608,+0000.0000000000000000
+0000.0038188851704993,+0000.1300491201937448,+0000.6731568578950742,+0000.1929751367406816,+0000.0000000000000000
+0000.0051540579293455,+0000.1298082981497759,+0000.6684470820951890,+0000.1965905618256898,+0000.0000000000000000
+0000.0066839211019739,+0000.1295317740137173,+0000.6635579015120692,+0000.2002264033722398,+0000.0000000000000000
+0000.0084063462921486,+0000.1292197773809596,+0000.6584921166634854,+0000.2038817596634063,+0000.0000000000000000
+0000.0103190970777642,+0000.1288725573721872,+0000.6532526328998697,+0000.2075557126501789,+0000.0000000000000000
+0000.0124198305023568,+0000.1284903824176855,+0000.6478424587790816,+0000.2112473283008762,+0000.0000000000000000
+0000.0147060986266071,+0000.1280735400326390,+0000.6422647043826941,+0000.2149556569580597,+0000.0000000000000000
+0000.0171753501416756,+0000.1276223365811559,+0000.6365225795690075,+0000.2186797337081612,+0000.0000000000000000
+0000.0198249320410611,+0000.1271370970290864,+0000.6306193921705912,+0000.2224185787592611,+0000.0000000000000000
+0000.0226520913520575,+0000.1266181646878199,+0000.6245585461301371,+0000.2261711978299855,+0000.0000000000000000
+0000.0256539769225776,+0000.1260659009469952,+0000.6183435395853775,+0000.2299365825450497,+0000.0000000000000000
+0000.0288276412660400,+0000.1254806849977345,+0000.6119779628938035,+0000.2337137108424220,+0000.0000000000000000
+0000.0321700424617042,+0000.1248629135460561,+0000.6054654966027910,+0000.2375015473894486,+0000.0000000000000000
+0000.0356780461068568,+0000.1242130005163248,+0000.5988099093715884,+0000.2412990440052299,+0000.0000000000000000
+0000.0393484273240164,+0000.1235313767462734,+0000.5920150558357740,+0000.2451051400939359,+0000.0000000000000000
+0000.0431778728200411,+0000.1228184896710842,+0000.5850848744222631,+0000.2489187630866116,+0000.0000000000000000
+0000.0471629829931874,+0000.1220748030004287,+0000.5780233851180718,+0000.2527388288883120,+0000.0000000000000000
+0000.0513002740921338,+0000.1213007963858153,+0000.5708346871860720,+0000.2565642423359790,+0000.0000000000000000
+0000.0555861804212183,+0000.1204969650787866,+0000.5635229568376878,+0000.2603938976623071,+0000.0000000000000000
+0000.0600170565942206,+0000.1196638195818502,+0000.5560924448554050,+0000.2642266789685239,+0000.0000000000000000
+0000.0645891798301439,+0000.1188018852905851,+0000.5485474741777112,+0000.2680614607015595,+0000.0000000000000000
+0000.0692987522957738,+0000.1179117021280738,+0000.5408924374355738,+0000.2718971081405784,+0000.0000000000000000
+0000.0741419034909371,+0000.1169938241716074,+0000.5331317944473351,+0000.2757324778901202,+0000.0000000000000000
+0000.0791146926715852,+0000.1160488192717998,+0000.5252700696795166,+0000.2795664183770982,+0000.0000000000000000
+0000.0842131113157134,+0000.1150772686652051,+0000.5173118496627849,+0000.2833977703562967,+0000.0000000000000000
+0000.0894330856275800,+0000.1140797665781847,+0000.5092617803722843,+0000.2872253674219509,+0000.0000000000000000
+0000.0947704790751900,+0000.1130569198268054,+0000.5011245645760429,+0000.2910480365219614,+0000.0000000000000000
+0000.1002210949667217,+0000.1120093474074278,+0000.4929049591452456,+0000.2948645984806048,+0000.0000000000000000
+0000.1057806790583538,+0000.1109376800834804,+0000.4846077723339662,+0000.2986738685241994,+0000.0000000000000000
+0000.1114449221966168,+0000.1098425599639637,+0000.4762378610258975,+0000.3024746568135218,+0000.0000000000000000
+0000.1172094629871472,+0000.1087246400785116,+0000.4678001279567916,+0000.3062657689775495,+0000.0000000000000000
+0000.1230698904961283,+0000.1075845839459631,+0000.4592995189039193,+0000.3100460066539890,+0000.0000000000000000
+0000.1290217469791725,+0000.1064230651366905,+0000.4507410198502781,+0000.3138141680338587,+0000.0000000000000000
+0000.1350605306320330,+0000.1052407668327151,+0000.4421296541285301,+0000.3175690484067216,+0000.0000000000000000
+0000.1411816983692768,+0000.1040383813805385,+0000.4334704795380548,+0000.3213094407121297,+0000.0000000000000000
+0000.1473806686255941,+0000.1028166098406498,+0000.4247685854399211,+0000.3250341360938347,+0000.0000000000000000
+0000.1536528241737607,+0000.1015761615340934,+0000.4160290898380690,+0000.3287419244540766,+0000.0000000000000000
+0000.1599935149662644,+0000.1003177535829644,+0000.4072571364373958,+0000.3324315950133751,+0000.0000000000000000
+0000.1663980609917166,+0000.0990421104496874,+0000.3984578916882569,+0000.3361019368703388,+0000.0000000000000000
+0000.1728617551498024,+0000.0977499634707615,+0000.3896365418141273,+0000.3397517395653087,+0000.0000000000000000
+0000.1793798661355597,+0000.0964420503898893,+0000.3807982898321457,+0000.3433797936424052,+0000.0000000000000000
+0000.1859476413403319,+0000.0951191148872670,+0000.3719483525570910,+0000.3469848912153099,+0000.0000000000000000
+0000.1925603097633686,+0000.0937819061055004,+0000.3630919575969958,+0000.3505658265341350,+0000.0000000000000000
+0000.1992130849280228,+0000.0924311781761297,+0000.3542343403458849,+0000.3541213965499622,+0000.0000000000000000
+0000.2059011678094576,+0000.0910676897416905,+0000.3453807409663085,+0000.3576504014825431,+0000.0000000000000000
+0000.2126197497679599,+0000.0896922034772444,+0000.3365364013671377,+0000.3611516453876578,+0000.0000000000000000
+0000.2193640154814865,+0000.0883054856119144,+0000.3277065621849677,+0000.3646239367216312,+0000.0000000000000000
+0000.2261291458851427,+0000.0869083054471927,+0000.3188964597594596,+0000.3680660889082046,+0000.0000000000000000
+0000.2329103211080664,+0000.0855014348768666,+0000.3101113231127012,+0000.3714769209023657,+0000.0000000000000000
+0000.2397027234117518,+0000.0840856479042714,+0000.3013563709290333,+0000.3748552577549433,+0000.0000000000000000
+0000.2465015401202622,+0000.0826617201623808,+0000.2926368085448772,+0000.3781999311724796,+0000.0000000000000000
+0000.2533019665499385,+0000.0812304284314195,+0000.2839578249405681,+0000.3815097800780737,+0000.0000000000000000
+0000.2600992089326306,+0000.0797925501584819,+0000.2753245897393917,+0000.3847836511694956,+0000.0000000000000000
+0000.2668884873258320,+0000.0783488629778630,+0000.2667422502233999,+0000.3880203994729050,+0000.0000000000000000
+0000.2736650385174128,+0000.0769001442321722,+0000.2582159283546202,+0000.3912188888957944,+0000.0000000000000000
+0000.2804241189185531,+0000.0754471704948383,+0000.2497507178098571,+0000.3943779927767511,+0000.0000000000000000
+0000.2871610074385050,+0000.0739907170946875,+0000.2413516810369503,+0000.3974965944298569,+0000.0000000000000000
+0000.2938710083494005,+0000.0725315576424264,+0000.2330238463207786,+0000.4005735876873941,+0000.0000000000000000
+0000.3005494541309728,+0000.0710704635589184,+0000.2247722048725924,+0000.4036078774375161,+0000.0000000000000000
+0000.3071917082998318,+0000.0696082036060486,+0000.2166017079354060,+0000.4065983801587131,+0000.0000000000000000
+0000.3137931682135379,+0000.0681455434217954,+0000.2085172639174154,+0000.4095440244472511,+0000.0000000000000000
+0000.3203492678571740,+0000.0666832450563248,+0000.2005237355442717,+0000.4124437515422291,+0000.0000000000000000
+0000.3268554806065397,+0000.0652220665127302,+0000.1926259370358778,+0000.4152965158448521,+0000.0000000000000000
+0000.3333073219616171,+0000.0637627612914346,+0000.1848286313162619,+0000.4181012854306859,+0000.0000000000000000
+0000.3397003522578395,+0000.0623060779381119,+0000.1771365272461681,+0000.4208570425578801,+0000.0000000000000000
+0000.3460301793489411,+0000.0608527595958045,+0000.1695542768859893,+0000.4235627841692646,+0000.0000000000000000
+0000.3522924612554706,+0000.0594035435619573,+0000.1620864727960425,+0000.4262175223865293,+0000.0000000000000000
+0000.3584829087868024,+0000.0579591608500003,+0000.1547376453637613,+0000.4288202849994355,+0000.0000000000000000
+0000.3645972881270670,+0000.0565203357555769,+0000.1475122601699388,+0000.4313701159474169,+0000.0000000000000000
+0000.3706314233894223,+0000.0550877854280026,+0000.1404147153876793,+0000.4338660757948953,+0000.0000000000000000
+0000.3765811991297345,+0000.0536622194485609,+0000.1334493392245757,+0000.4363072421971282,+0000.0000000000000000
+0000.3824425628267030,+0000.0522443394126087,+0000.1266203874000241,+0000.4386927103606638,+0000.0000000000000000
+0000.3882115273231172,+0000.0508348385188168,+0000.1199320406628757,+0000.4410215934951898,+0000.0000000000000000
+0000.3938841732225468,+0000.0494344011646754,+0000.1133884023566379,+0000.4432930232561395,+0000.0000000000000000
+0000.3994566512484161,+0000.0480437025484557,+0000.1069934960231574,+0000.4455061501799703,+0000.0000000000000000
+0000.4049251845594717,+0000.0466634082767825,+0000.1007512630523672,+0000.4476601441113782,+0000.0000000000000000
+0000.4102860710172461,+0000.0452941739814401,+0000.0946655603820045,+0000.4497541946193090,+0000.0000000000000000
+0000.4155356854115108,+0000.0439366449410389,+0000.0887401582411508,+0000.4517875114062991,+0000.0000000000000000
+0000.4206704816362258,+0000.0425914557115524,+0000.0829787379452784,+0000.4537593247069430,+0000.0000000000000000
+0000.4256869948193091,+0000.0412592297637157,+0000.0773848897392170,+0000.4556688856777578,+0000.0000000000000000
+0000.4305818433986865,+0000.0399405791288544,+0000.0719621106963994,+0000.4575154667760592,+0000.0000000000000000
+0000.4353517311511185,+0000.0386361040526110,+0000.0667138026666389,+0000.4592983621296310,+0000.0000000000000000
+0000.4399934491684344,+0000.0373463926559868,+0000.0616432702788070,+0000.4610168878967714,+0000.0000000000000000
+0000.4445038777775052,+0000.0360720206065440,+0000.0567537190018354,+0000.4626703826141150,+0000.0000000000000000
+0000.4488799884090038,+0000.0348135507971468,+0000.0520482532586540,+0000.4642582075351948,+0000.0000000000000000
+0000.4531188454102567,+0000.0335715330329649,+0000.0475298745981955,+0000.4657797469585825,+0000.0000000000000000
+0000.4572176077989301,+0000.0323465037294078,+0000.0432014799285658,+0000.4672344085430957,+0000.0000000000000000
+0000.4611735309617510,+0000.0311389856173215,+0000.0390658598071242,+0000.4686216236138026,+0000.0000000000000000
+0000.4649839682946120,+0000.0299494874581605,+0000.0351256967911309,+0000.4699408474560963,+0000.0000000000000000
+0000.4686463727805288,+0000.0287785037696457,+0000.0313835638526593,+0000.4711915595971655,+0000.0000000000000000
+0000.4721582985098056,+0000.0276265145594618,+0000.0278419228532161,+0000.4723732640775161,+0000.0000000000000000
+0000.4755174021374028,+0000.0264939850702527,+0000.0245031230831679,+0000.4734854897091762,+0000.0000000000000000
+0000.4787214442792513,+0000.0253813655331760,+0000.0213693998642602,+0000.4745277903233119,+0000.0000000000000000
+0000.4817682908432625,+0000.0242890909331396,+0000.0184428732193997,+0000.4754997450041974,+0000.0000000000000000
+0000.4846559142987654,+0000.0232175807833397,+0000.0157255466060420,+0000.4764009583118521,+0000.0000000000000000
+0000.4873823948809163,+0000.0221672389097328,+0000.0132193057166135,+0000.4772310604927369,+0000.0000000000000000
+0000.4899459217283183,+0000.0211384532476071,+0000.0109259173476873,+0000.4779897076763866,+0000.0000000000000000
+0000.4923447939564366,+0000.0201315956470404,+0000.0088470283353693,+0000.4786765820611533,+0000.0000000000000000
+0000.4945774216635708,+0000.0191470216904077,+0000.0069841645601726,+0000.4792913920858485,+0000.0000000000000000
+0000.4966423268702910,+0000.0181850705194564,+0000.0053387300204080,+0000.4798338725898443,+0000.0000000000000000
+0000.4985381443899380,+0000.0172460646749047,+0000.0039120059764378,+0000.4803037849587188,+0000.0000000000000000
+0000.5002636226320472,+0000.0163303099455971,+0000.0027051501640102,+0000.4807009172583447,+0000.0000000000000000
+0000.5018176243370843,+0000.0154380952292287,+0000.0017191960784491,+0000.4810250843552374,+0000.0000000000000000
+0000.5031991272410287,+0000.0145696924049597,+0000.0009550523306934,+0000.4812761280233180,+0000.0000000000000000
+0000.5044072246713628,+0000.0137253562161344,+0000.0004135020740008,+0000.4814539170385015,+0000.0000000000000000
+0000.5054411260733433,+0000.0129053241649193,+0000.0000952025026929,+0000.4815583472590440,+0000.0000000000000000
+0000.5063001574650647,+0000.0121098164184107,+0000.0000006844233687,+0000.4815893416931553,+0000.0000000000000000
+0000.5069837618231923,+0000.0113390357257623,+0000.0001303518980446,+0000.4815468505530001,+0000.0000000000000000
+0000.5074914993976058,+0000.0105931673471906,+0000.0004844819601013,+0000.4814308512951017,+0000.0000000000000000
+0000.5078230479551876,+0000.0098723789937235,+0000.0010632244030898,+0000.4812413486479985,+0000.0000000000000000
+0000.5079782029527573,+0000.0091768207796199,+0000.0018666016421866,+0000.4809783746254357,+0000.0000000000000000
+0000.5079568776388963,+0000.0085066251852195,+0000.0028945086487600,+0000.4806419885271235,+0000.0000000000000000
+0000.5077591030846846,+0000.0078619070316955,+0000.0041467129582938,+0000.4802322769253255,+0000.0000000000000000
+0000.5073850281434779,+0000.0072427634678674,+0000.0056228547506237,+0000.4797493536380306,+0000.0000000000000000
+0000.5068349193392970,+0000.0066492739677329,+0000.0073224470036965,+0000.4791933596892730,+0000.0000000000000000
+0000.5061091606843615,+0000.0060815003399853,+0000.0092448757206735,+0000.4785644632549792,+0000.0000000000000000
+0000.5052082534258329,+0000.0055394867491259,+0000.0113894002285017,+0000.4778628595965390,+0000.0000000000000000
+0000.5041328157216837,+0000.0050232597478488,+0000.0137551535502616,+0000.4770887709802055,+0000.0000000000000000
+0000.5028835822457784,+0000.0045328283209153,+0000.0163411428502619,+0000.4762424465830437,+0000.0000000000000000
+0000.5014614037232440,+0000.0040681839406559,+0000.0191462499495308,+0000.4753241623865688,+0000.0000000000000000
+0000.4998672463953234,+0000.0036293006337158,+0000.0221692319151444,+0000.4743342210558158,+0000.0000000000000000
+0000.4981021914146633,+0000.0032161350590815,+0000.0254087217197669,+0000.4732729518064878,+0000.0000000000000000
+0000.4961674341708744,+0000.0028286265974729,+0000.0288632289740354,+0000.4721407102576165,+0000.0000000000000000
+0000.4940642835481429,+0000.0024666974520264,+0000.0325311407270244,+0000.4709378782728059,+0000.0000000000000000
+0000.4917941611135552,+0000.0021302527600580,+0000.0364107223394182,+0000.4696648637869683,+0000.0000000000000000
+0000.4893586002367582,+0000.0018191807156892,+0000.0405001184264655,+0000.4683221006210865,+0000.0000000000000000
+0000.4867592451440854,+0000.0015333527038856,+0000.0447973538678042,+0000.4669100482842243,+0000.0000000000000000
+0000.4839978499041829,+0000.0012726234450853,+0000.0493003348885071,+0000.4654291917622241,+0000.0000000000000000
+0000.4810762773467998,+0000.0010368311505471,+0000.0540068502082222,+0000.4638800412944304,+0000.0000000000000000
+0000.4779964979183335,+0000.0008257976887674,+0000.0589145722551200,+0000.4622631321377787,+0000.0000000000000000
+0000.4747605884697775,+0000.0006393287620736,+0000.0640210584494451,+0000.4605790243187033,+0000.0000000000000000
+0000.4713707309820084,+0000.0004772140939259,+0000.0693237525513347,+0000.4588283023727306,+0000.0000000000000000
+0000.4678292112259888,+0000.0003392276264449,+0000.0748199860761803,+0000.4570115750713853,+0000.0000000000000000
+0000.4641384173626120,+0000.0002251277282284,+0000.0805069797701846,+0000.4551294751389743,+0000.0000000000000000
+0000.4603008384787393,+0000.0001346574121966,+0000.0863818451534318,+0000.4531826589556319,+0000.0000000000000000
+0000.4563190630615623,+0000.0000675445633199,+0000.0924415861253930,+0000.4511718062497245,+0000.0000000000000000
+0000.4521957774158688,+0000.0000235021762506,+0000.0986831006286158,+0000.4490976197792643,+0000.0000000000000000
+0000.4479337640194708,+0000.0000022286024819,+0000.1051031823770706,+0000.4469608250009764,+0000.0000000000000000
+0000.4435358998199296,+0000.0000034078069990,+0000.1116985226441659,+0000.4447621697289053,+0000.0000000000000000
+0000.4390051544775385,+0000.0000267096342597,+0000.1184657121058788,+0000.4425024237823225,+0000.0000000000000000
+0000.4343445885483967,+0000.0000717900832742,+0000.1254012427457075,+0000.4401823786226211,+0000.0000000000000000
+0000.4295573516147003,+0000.0001382915916492,+0000.1325015098138269,+0000.4378028469798232,+0000.0000000000000000
+0000.4246466803588516,+0000.0002258433284162,+0000.1397628138448713,+0000.4353646624678603,+0000.0000000000000000
+0000.4196158965881520,+0000.0003340614954160,+0000.1471813627244210,+0000.4328686791920105,+0000.0000000000000000
+0000.4144684052049596,+0000.0004625496370625,+0000.1547532738139792,+0000.4303157713439981,+0000.0000000000000000
+0000.4092076921257449,+0000.0006108989584047,+0000.1624745761273662,+0000.4277068327884836,+0000.0000000000000000
+0000.4038373221549934,+0000.0007786886509725,+0000.1703412125535552,+0000.4250427766404784,+0000.0000000000000000
+0000.3983609368071144,+0000.0009654862266040,+0000.1783490421330879,+0000.4223245348331933,+0000.0000000000000000
+0000.3927822520819760,+0000.0011708478587518,+0000.1864938423836066,+0000.4195530576756653,+0000.0000000000000000
+0000.3871050561984640,+0000.0013943187310990,+0000.1947713116660874,+0000.4167293134043490,+0000.0000000000000000
+0000.3813332072800809,+0000.0016354333933887,+0000.2031770716028529,+0000.4138542877236768,+0000.0000000000000000
+0000.3754706310004333,+0000.0018937161240297,+0000.2117066695361005,+0000.4109289833394359,+0000.0000000000000000
+0000.3695213181844699,+0000.0021686812996317,+0000.2203555810321937,+0000.4079544194837042,+0000.0000000000000000
+0000.3634893223748247,+0000.0024598337705512,+0000.2291192124217383,+0000.4049316314328853,+0000.0000000000000000
+0000.3573787573552765,+0000.0027666692430333,+0000.2379929033840910,+0000.4018616700175988,+0000.0000000000000000
+0000.3511937946374393,+0000.0030886746672052,+0000.2469719295708156,+0000.3987456011245396,+0000.0000000000000000
+0000.3449386609162502,+0000.0034253286304992,+0000.2560515052600126,+0000.3955845051932377,+0000.0000000000000000
+0000.3386176354870093,+0000.0037761017569490,+0000.2652267860510217,+0000.3923794767050197,+0000.0000000000000000
+0000.3322350476303279,+0000.0041404571114650,+0000.2744928715938226,+0000.3891316236643844,+0000.0000000000000000
+0000.3257952739701660,+0000.0045178506090166,+0000.2838448083435142,+0000.3858420670773029,+0000.0000000000000000
+0000.3193027357979877,+0000.0049077314286556,+0000.2932775923525913,+0000.3825119404207650,+0000.0000000000000000
+0000.3127618963721072,+0000.0053095424317505,+0000.3027861720880884,+0000.3791423891080537,+0000.0000000000000000
+0000.3061772581876219,+0000.0057227205848158,+0000.3123654512794466,+0000.3757345699481151,+0000.0000000000000000
+0000.2995533602272732,+0000.0061466973855417,+0000.3220102917860728,+0000.3722896506011120,+0000.0000000000000000
+0000.2928947751844921,+0000.0065808992931044,+0000.3317155164940637,+0000.3688088090283395,+0000.0000000000000000
+0000.2862061066654222,+0000.0070247481616329,+0000.3414759122359948,+0000.3652932329369498,+0000.0000000000000000
+0000.2794919863759615,+0000.0074776616763656,+0000.3512862327249608,+0000.3617441192227117,+0000.0000000000000000
+0000.2727570712860155,+0000.0079390537932226,+0000.3611412015131750,+0000.3581626734075868,+0000.0000000000000000
+0000.2660060407778755,+0000.0084083351805424,+0000.3710355149689366,+0000.3545501090726451,+0000.0000000000000000
+0000.2592435937842636,+0000.0088849136630752,+0000.3809638452614806,+0000.3509076472911801,+0000.0000000000000000
+0000.2524744459087750,+0000.0093681946679526,+0000.3909208433679699,+0000.3472365160553021,+0000.0000000000000000
+0000.2457033265378356,+0000.0098575816725070,+0000.4009011420870506,+0000.3435379497026064,+0000.0000000000000000
+0000.2389349759405187,+0000.0103524766533206,+0000.4108993590682929,+0000.3398131883378676,+0000.0000000000000000
+0000.2321741423654255,+0000.0108522805363444,+0000.4209100998418184,+0000.3360634772564115,+0000.0000000000000000
+0000.2254255791271402,+0000.0113563936479796,+0000.4309279608620576,+0000.3322900663628223,+0000.0000000000000000
+0000.2186940416884032,+0000.0118642161666973,+0000.4409475325566290,+0000.3284942095882704,+0000.0000000000000000
+0000.2119842847441223,+0000.0123751485747901,+0000.4509634023711989,+0000.3246771643098884,+0000.0000000000000000
+0000.2053010593002678,+0000.0128885921100557,+0000.4609701578236824,+0000.3208401907659936,+0000.0000000000000000
+0000.1986491097533198,+0000.0134039492176496,+0000.4709623895570443,+0000.3169845514719859,+0000.0000000000000000
+0000.1920331709771931,+0000.0139206240005637,+0000.4809346943844511,+0000.3131115106377917,+0000.0000000000000000
+0000.1854579654093897,+0000.0144380226697035,+0000.4908816783380135,+0000.3092223335828929,+0000.0000000000000000
+0000.1789282001460551,+0000.0149555539928365,+0000.5007979597068987,+0000.3053182861542094,+0000.0000000000000000
+0000.1724485640421864,+0000.0154726297418668,+0000.5106781720738364,+0000.3014006341421103,+0000.0000000000000000
+0000.1660237248260048,+0000.0159886651383783,+0000.5205169673342432,+0000.2974706427013735,+0000.0000000000000000
+0000.1596583262202774,+0000.0165030792972612,+0000.5303090187120028,+0000.2935295757704585,+0000.0000000000000000
+0000.1533569850766500,+0000.0170152956680199,+0000.5400490237627924,+0000.2895786954925375,+0000.0000000000000000
+0000.1471242885287625,+0000.0175247424734025,+0000.5497317073560454,+0000.2856192616417895,+0000.0000000000000000
+0000.1409647911576164,+0000.0180308531450612,+0000.5593518246487776,+0000.2816525310485446,+0000.0000000000000000
+0000.1348830121747187,+0000.0185330667566338,+0000.5689041640404434,+0000.2776797570282039,+0000.0000000000000000
+0000.1288834326293446,+0000.0190308284525587,+0000.5783835501032017,+0000.2737021888148948,+0000.0000000000000000
+0000.1229704926324128,+0000.0195235898737000,+0000.5877848464981943,+0000.2697210709956927,+0000.0000000000000000
+0000.1171485886059531,+0000.0200108095790965,+0000.5971029588641471,+0000.2657376429508029,+0000.0000000000000000
+0000.1114220705548090,+0000.0204919534631749,+0000.6063328376871061,+0000.2617531382949100,+0000.0000000000000000
+0000.1057952393687063,+0000.0209664951685993,+0000.6154694811360750,+0000.2577687843266191,+0000.0000000000000000
+0000.1002723441484390,+0000.0214339164941534,+0000.6245079378786467,+0000.2537858014787608,+0000.0000000000000000
+0000.0948575795613171,+0000.0218937077982480,+0000.6334433098658306,+0000.2498054027746041,+0000.0000000000000000
+0000.0895550832316875,+0000.0223453683960224,+0000.6422707550818123,+0000.2458287932904777,+0000.0000000000000000
+0000.0843689331598938,+0000.0227884069519837,+0000.6509854902658094,+0000.2418571696223131,+0000.0000000000000000
+0000.0793031451756677,+0000.0232223418664164,+0000.6595827936008070,+0000.2378917193571085,+0000.0000000000000000
+0000.0743616704306499,+0000.0236467016553062,+0000.6680580073612707,+0000.2339336205527731,+0000.0000000000000000
+0000.0695483929238680,+0000.0240610253248941,+0000.6764065405291463,+0000.2299840412220916,+0000.0000000000000000
+0000.0648671270683864,+0000.0244648627387497,+0000.6846238713691253,+0000.2260441388237384,+0000.0000000000000000
+0000.0603216152955565,+0000.0248577749790117,+0000.6927055499660270,+0000.2221150597594048,+0000.0000000000000000
+0000.0559155257044488,+0000.0252393346997228,+0000.7006472007158930,+0000.2181979388799353,+0000.0000000000000000
+0000.0516524497508573,+0000.0256091264733400,+0000.7084445247795628,+0000.2142938989962400,+0000.0000000000000000
+0000.0475358999805821,+0000.0259667471302247,+0000.7160933024908064,+0000.2104040503983866,+0000.0000000000000000
+0000.0435693078113911,+0000.0263118060893803,+0000.7235893957153887,+0000.2065294903838399,+0000.0000000000000000
+0000.0397560213586921,+0000.0266439256823712,+0000.7309287501666795,+0000.2026713027922572,+0000.0000000000000000
+0000.0360993033097560,+0000.0269627414686597,+0000.7381073976737417,+0000.1988305575478427,+0000.0000000000000000
+0000.0326023288499730,+0000.0272679025422552,+0000.7451214583952026,+0000.1950083102125693,+0000.0000000000000000
+0000.0292681836367818,+0000.0275590718307225,+0000.7519671429864269,+0000.1912056015460686,+0000.0000000000000000
+0000.0260998618274082,+0000.0278359263845287,+0000.7586407547130209,+0000.1874234570750420,+0000.0000000000000000
+0000.0231002641580523,+0000.0280981576584102,+0000.7651386915123251,+0000.1836628866712124,+0000.0000000000000000
+0000.0202721960798549,+0000.0283454717828047,+0000.7714574479967539,+0000.1799248841405865,+0000.0000000000000000
+0000.0176183659479910,+0000.0285775898263421,+0000.7775936174057578,+0000.1762104268199089,+0000.0000000000000000
+0000.0151413832673715,+0000.0287942480493409,+0000.7835438934997412,+0000.1725204751835464,+0000.0000000000000000
+0000.0128437569977605,+0000.0289951981466660,+0000.7893050723938957,+0000.1688559724616777,+0000.0000000000000000
+0000.0107278939154056,+0000.0291802074818739,+0000.7948740543353918,+0000.1652178442673286,+0000.0000000000000000
+0000.0087960970345602,+0000.0293490593106259,+0000.8002478454220574,+0000.1616069982327564,+0000.0000000000000000
+0000.0070505640907559,+0000.0295015529945011,+0000.8054235592551166,+0000.1580243236596266,+0000.0000000000000000
+0000.0054933860839366,+0000.0296375042041012,+0000.8103984185356132,+0000.1544706911763488,+0000.0000000000000000
+0000.0041265458846943,+0000.0297567451123123,+0000.8151697565942776,+0000.1509469524087157,+0000.0000000000000000
+0000.0029519169030068,+0000.0298591245767230,+0000.8197350188608041,+0000.1474539396594659,+0000.0000000000000000
+0000.0019712618219124,+0000.0299445083111371,+0000.8240917642654754,+0000.1439924656014749,+0000.0000000000000000
+0000.0011862313948291,+0000.0300127790470382,+0000.8282376665774704,+0000.1405633229806622,+0000.0000000000000000
+0000.0005983633086088,+0000.0300638366834184,+0000.8321705156784696,+0000.1371672843295030,+0000.0000000000000000
+0000.0002090811131318,+0000.0300975984261505,+0000.8358882187655453,+0000.1338051016951725,+0000.0000000000000000
+0000.0000196932170873,+0000.0301139989159795,+0000.8393888014902605,+0000.1304775063766725,+0000.0000000000000000
+0000.0000313919513971,+0000.0301129903453000,+0000.8426704090294381,+0000.1271852086738646,+0000.0000000000000000
+0000.0002452527006573,+0000.0300945425639808,+0000.8457313070842447,+0000.1239288976511170,+0000.0000000000000000
+0000.0006622331029156,+0000.0300586431732808,+0000.8485698828139476,+0000.1207092409098559,+0000.0000000000000000
+0000.0012831723184832,+0000.0300052976089484,+0000.8511846456970338,+0000.1175268843755344,+0000.0000000000000000
+0000.0021087903684292,+0000.0299345292124086,+0000.8535742283241882,+0000.1143824520949739,+0000.0000000000000000
+0000.0031396875424351,+0000.0298463792902595,+0000.8557373871190241,+0000.1112765460482812,+0000.0000000000000000
+0000.0043763438772744,+0000.0297409071627429,+0000.8576730029882202,+0000.1082097459717626,+0000.0000000000000000
+0000.0058191187060976,+0000.0296181901998007,+0000.8593800819015210,+0000.1051826091925806,+0000.0000000000000000
+0000.0074682502777124,+0000.0294783238460665,+0000.8608577553975081,+0000.1021956704787131,+0000.0000000000000000
+0000.0093238554477216,+0000.0293214216337145,+0000.8621052810194780,+0000.0992494418990860,+0000.0000000000000000
+0000.0113859294412559,+0000.0291476151835153,+0000.8631220426787671,+0000.0963444126964616,+0000.0000000000000000
+0000.0136543456859159,+0000.0289570541945364,+0000.8639075509441365,+0000.0934810491754111,+0000.0000000000000000
+0000.0161288557176333,+0000.0287499064213770,+0000.8644614432607490,+0000.0906597946002404,+0000.0000000000000000
+0000.0188090891574512,+0000.0285263576403218,+0000.8647834840944633,+0000.0878810691077636,+0000.0000000000000000
+0000.0216945537610996,+0000.0282866116029363,+0000.8648735650050350,+0000.0851452696309293,+0000.0000000000000000
+0000.0247846355383885,+0000.0280308899786176,+0000.8647317046449768,+0000.0824527698380173,+0000.0000000000000000
+0000.0280785989459228,+0000.0277594322846187,+0000.8643580486873103,+0000.0798039200821483,+0000.0000000000000000
+0000.0315755871518681,+0000.0274724958049804,+0000.8637528696787071,+0000.0771990473644442,+0000.0000000000000000
+0000.0352746223697647,+0000.0271703554973194,+0000.8629165668217408,+0000.0746384553111750,+0000.0000000000000000
+0000.0391746062658508,+0000.0268533038878925,+0000.8618496656841660,+0000.0721224241620907,+0000.0000000000000000
+0000.0432743204379095,+0000.0265216509554360,+0000.8605528178345665,+0000.0696512107720878,+0000.0000000000000000
+0000.0475724269620207,+0000.0261757240028185,+0000.8590268004086490,+0000.0672250486265117,+0000.0000000000000000
+0000.0520674690130582,+0000.0258158675177396,+0000.8572725156010430,+0000.0648441478681590,+0000.0000000000000000
+0000.0567578715534473,+0000.0254424430215617,+0000.8552909900874321,+0000.0625086953375589,+0000.0000000000000000
+0000.0616419420938745,+0000.0250558289066722,+0000.8530833743745075,+0000.0602188546249456,+0000.0000000000000000
+0000.0667178715200084,+0000.0246564202630857,+0000.8506509420800368,+0000.0579747661368690,+0000.0000000000000000
+0000.0719837349911112,+0000.0242446286930510,+0000.8479950891426097,+0000.0557765471732282,+0000.0000000000000000
+0000.0774374929076703,+0000.0238208821151362,+0000.8451173329597251,+0000.0536242920174683,+0000.0000000000000000
+0000.0830769919431071,+0000.0233856245569956,+0000.8420193114598167,+0000.0515180720400804,+0000.0000000000000000
+0000.0888999661464102,+0000.0229393159370615,+0000.8387027821034918,+0000.0494579358130365,+0000.0000000000000000
+0000.0949040381119934,+0000.0224824318358048,+0000.8351696208153131,+0000.0474439092368886,+0000.0000000000000000
+0000.1010867202112571,+0000.0220154632558548,+0000.8314218208522526,+0000.0454759956806354,+0000.0000000000000000
+0000.1074454158943269,+0000.0215389163719576,+0000.8274614916009508,+0000.0435541761327645,+0000.0000000000000000
+0000.1139774210535308,+0000.0210533122702003,+0000.8232908573116415,+0000.0416784093646272,+0000.0000000000000000
+0000.1206799254537241,+0000.0205591866768008,+0000.8189122557646622,+0000.0398486321048128,+0000.0000000000000000
+0000.1275500142209397,+0000.0200570896773550,+0000.8143281368748910,+0000.0380647592268142,+0000.0000000000000000
+0000.1345846693973530,+0000.0195475854252892,+0000.8095410612308745,+0000.0363266839464832,+0000.0000000000000000
+0000.1417807715582281,+0000.0190312518410210,+0000.8045536985692943,+0000.0346342780314564,+0000.0000000000000000
+0000.1491351014841416,+0000.0185086803012809,+0000.7993688261920755,+0000.0329873920225019,+0000.0000000000000000
+0000.1566443418975105,+0000.0179804753187343,+0000.7939893273188556,+0000.0313858554648995,+0000.0000000000000000
+0000.1643050792579557,+0000.0174472542123939,+0000.7884181893787207,+0000.0298294771509298,+0000.0000000000000000
+0000.1721138056099176,+0000.0169096467691147,+0000.7826585022468912,+0000.0283180453740763,+0000.0000000000000000
+0000.1800669204923195,+0000.0163682948956972,+0000.7767134564193998,+0000.0268513281925835,+0000.0000000000000000
+0000.1881607329000328,+0000.0158238522623479,+0000.7705863411335723,+0000.0254290737040466,+0000.0000000000000000
+0000.1963914633035680,+0000.0152769839377171,+0000.7642805424287793,+0000.0240510103299354,+0000.0000000000000000
+0000.2047552457151091,+0000.0147283660153465,+0000.7577995411588729,+0000.0227168471106712,+0000.0000000000000000
+0000.2132481298124566,+0000.0141786852321797,+0000.7511469109452585,+0000.0214262740101051,+0000.0000000000000000
+0000.2218660831134752,+0000.0136286385787739,+0000.7443263160783483,+0000.0201789622294023,+0000.0000000000000000
+0000.2306049931940200,+0000.0130789329020615,+0000.7373415093727608,+0000.0189745645311576,+0000.0000000000000000
+0000.2394606699601827,+0000.0125302845006231,+0000.7301963299669887,+0000.0178127155722052,+0000.0000000000000000
+0000.2484288479669842,+0000.0119834187122147,+0000.7228947010756948,+0000.0166930322451061,+0000.0000000000000000
+0000.2575051887769543,+0000.0114390694949688,+0000.7154406276985545,+0000.0156151140295224,+0000.0000000000000000
+0000.2666852833692697,+0000.0108979790011669,+0000.7078381942784456,+0000.0145785433511174,+0000.0000000000000000
+0000.2759646545875241,+0000.0103608971446344,+0000.7000915623185575,+0000.0135828859492838,+0000.0000000000000000
+0000.2853387596335004,+0000.0098285811618868,+0000.6922049679518105,+0000.0126276912528019,+0000.0000000000000000
+0000.2948029925931011,+0000.0093017951671031,+0000.6841827194760883,+0000.0117124927637072,+0000.0000000000000000
+0000.3043526870077332,+0000.0087813097013887,+0000.6760291948423672,+0000.0108368084485109,+0000.0000000000000000
+0000.3139831184823783,+0000.0082679012762045,+0000.6677488391047760,+0000.0100001411366408,+0000.0000000000000000
+0000.3236895073224743,+0000.0077623519117783,+0000.6593461618391914,+0000.0092019789265558,+0000.0000000000000000
+0000.3334670212117711,+0000.0072654486704258,+0000.6508257345194060,+0000.0084417955983971,+0000.0000000000000000
+0000.3433107779220239,+0000.0067779831847522,+0000.6421921878601891,+0000.0077190510330347,+0000.0000000000000000
+0000.3532158480474038,+0000.0063007511819573,+0000.6334502091324279,+0000.0070331916382110,+0000.0000000000000000
+0000.3631772577752314,+0000.0058345520033828,+0000.6246045394412912,+0000.0063836507800940,+0000.0000000000000000
+0000.3731899916798782,+0000.0053801881203151,+0000.6156599709788086,+0000.0057698492209977,+0000.0000000000000000
+0000.3832489955475109,+0000.0049384646460263,+0000.6066213442439781,+0000.0051911955624845,+0000.0000000000000000
+0000.3933491792175449,+0000.0045101888446896,+0000.5974935452436011,+0000.0046470866941639,+0000.0000000000000000
+0000.4034854194535924,+0000.0040961696368579,+0000.5882815026624756,+0000.0041369082470739,+0000.0000000000000000
+0000.4136525628355165,+0000.0036972171021283,+0000.5789901850105100,+0000.0036600350518450,+0000.0000000000000000
+0000.4238454286643969,+0000.0033141419796597,+0000.5696245977541962,+0000.0032158316017470,+0000.0000000000000000
+0000.4340588118914924,+0000.0029477551659722,+0000.5601897804231233,+0000.0028036525194119,+0000.0000000000000000
+0000.4442874860640885,+0000.0025988672110460,+0000.5506908036971927,+0000.0024228430276727,+0000.0000000000000000
+0000.4545262062780777,+0000.0022682878128067,+0000.5411327664849905,+0000.0020727394241250,+0000.0000000000000000
+0000.4647697121510471,+0000.0019568253100352,+0000.5315207929801726,+0000.0017526695587446,+0000.0000000000000000
+0000.4750127308021222,+0000.0016652861744621,+0000.5218600297086334,+0000.0014619533147821,+0000.0000000000000000
+0000.4852499798449101,+0000.0013944745018016,+0000.5121556425611492,+0000.0011999030921387,+0000.0000000000000000
+0000.4954761703808453,+0000.0011451915026664,+0000.5024128138229842,+0000.0009658242935038,+0000.0000000000000000
+0000.5056860100048183,+0000.0009182349930239,+0000.4926367391897808,+0000.0007590158123767,+0000.0000000000000000
+0000.5158742058147695,+0000.0007143988848197,+0000.4828326247774194,+0000.0005787705229910,+0000.0000000000000000
+0000.5260354674170200,+0000.0005344726772223,+0000.4730056841337908,+0000.0004243757719664,+0000.0000000000000000
+0000.5361645099383171,+0000.0003792409483460,+0000.4631611352423227,+0000.0002951138710139,+0000.0000000000000000
+0000.5462560570375010,+0000.0002494828481276,+0000.4533041975236559,+0000.0001902625907149,+0000.0000000000000000
+0000.5563048439065286,+0000.0001459715925399,+0000.4434400888459419,+0000.0001090956549894,+0000.0000000000000000
+0000.5663056202745843,+0000.0000694739593427,+0000.4335740225302057,+0000.0000508832358666,+0000.0000000000000000
+0000.5762531534016575,+0000.0000207497858372,+0000.4237112043641059,+0000.0000148924483991,+0000.0000000000000000
+0000.5861422310675783,+0000.0000005514687710,+0000.4138568296183387,+0000.0000003878453116,+0000.0000000000000000
+0000.5959676645443528,+0000.0000096234668219,+0000.4040160800776426,+0000.0000066319111822,+0000.0000000000000000
+0000.6057242915631362,+0000.0000487018058310,+0000.3941941210752586,+0000.0000328855557738,+0000.0000000000000000
+0000.6154069792677764,+0000.0001185135871888,+0000.3843960985387372,+0000.0000784086062971,+0000.0000000000000000
+0000.6250106271467016,+0000.0002197764995829,+0000.3746271360554581,+0000.0001424602982568,+0000.0000000000000000
+0000.6345301699548350,+0000.0003531983344361,+0000.3648923319461150,+0000.0002242997646133,+0000.0000000000000000
+0000.6439605806166134,+0000.0005194765053686,+0000.3551967563550212,+0000.0003231865229965,+0000.0000000000000000
+0000.6532968731020764,+0000.0007192975718562,+0000.3455454483654526,+0000.0004383809606145,+0000.0000000000000000
+0000.6625341052891797,+0000.0009533367674647,+0000.3359434131267326,+0000.0005691448166227,+0000.0000000000000000
+0000.6716673817970933,+0000.0012222575329447,+0000.3263956190082824,+0000.0007147416616791,+0000.0000000000000000
+0000.6806918567996467,+0000.0015267110544440,+0000.3169069947715412,+0000.0008744373743678,+0000.0000000000000000
+0000.6896027368041207,+0000.0018673358069964,+0000.3074824267747116,+0000.0010475006141711,+0000.0000000000000000
+0000.6983952834080253,+0000.0022447571038423,+0000.2981267561972805,+0000.0012332032908516,+0000.0000000000000000
+0000.7070648160263981,+0000.0026595866516241,+0000.2888447762921540,+0000.0014308210298235,+0000.0000000000000000
+0000.7156067145802131,+0000.0031124221117166,+0000.2796412296747776,+0000.0016396336332921,+0000.0000000000000000
+0000.7240164221589083,+0000.0036038466680733,+0000.2705208056361336,+0000.0018589255368844,+0000.0000000000000000
+0000.7322894476472415,+0000.0041344286019669,+0000.2614881374891924,+0000.0020879862615986,+0000.0000000000000000
+0000.7404213683099586,+0000.0047047208734408,+0000.2525477999559914,+0000.0023261108606087,+0000.0000000000000000
+0000.7484078323460155,+0000.0053152607101752,+0000.2437043065829962,+0000.0025726003608125,+0000.0000000000000000
+0000.7562445613984515,+0000.0059665692038873,+0000.2349621071987638,+0000.0028267621988970,+0000.0000000000000000
+0000.7639273530283842,+0000.0066591509144862,+0000.2263255854055918,+0000.0030879106515374,+0000.0000000000000000
+0000.7714520831398852,+0000.0073934934819514,+0000.2177990561186705,+0000.0033553672594925,+0000.0000000000000000
+0000.7788147083668377,+0000.0081700672468323,+0000.2093867631407824,+0000.0036284612455470,+0000.0000000000000000
+0000.7860112684153656,+0000.0089893248790585,+0000.2010928767797835,+0000.0039065299257918,+0000.0000000000000000
+0000.7930378883535223,+0000.0098517010152788,+0000.1929214915170299,+0000.0041889191141682,+0000.0000000000000000
+0000.7998907808597501,+0000.0107576119052514,+0000.1848766237150473,+0000.0044749835199507,+0000.0000000000000000
+0000.8065662484212919,+0000.0117074550676386,+0000.1769622093729485,+0000.0047640871381203,+0000.0000000000000000
+0000.8130606854775311,+0000.0127016089545952,+0000.1691821019357570,+0000.0050556036321162,+0000.0000000000000000
+0000.8193705805175397,+0000.0137404326264217,+0000.1615400701470284,+0000.0053489167090097,+0000.0000000000000000
+0000.8254925181216239,+0000.0148242654356070,+0000.1540397959560961,+0000.0056434204866726,+0000.0000000000000000
+0000.8314231809515310,+0000.0159534267213694,+0000.1466848724741012,+0000.0059385198529978,+0000.0000000000000000
+0000.8371593516805361,+0000.0171282155136814,+0000.1394788019891186,+0000.0062336308166633,+0000.0000000000000000
+0000.8426979148725535,+0000.0183489102479832,+0000.1324249940301023,+0000.0065281808493605,+0000.0000000000000000
+0000.8480358588023520,+0000.0196157684909328,+0000.1255267634871456,+0000.0068216092195690,+0000.0000000000000000
+0000.8531702772146307,+0000.0209290266756677,+0000.1187873287926714,+0000.0071133673170295,+0000.0000000000000000
+0000.8580983710268554,+0000.0222888998489693,+0000.1122098101557172,+0000.0074029189684576,+0000.0000000000000000
+0000.8628174499713356,+0000.0236955814295499,+0000.1057972278551113,+0000.0076897407440027,+0000.0000000000000000
+0000.8673249341731759,+0000.0251492429763684,+0000.0995525005965051,+0000.0079733222539500,+0000.0000000000000000
+0000.8716183556685915,+0000.0266500339697289,+0000.0934784439254093,+0000.0082531664362698,+0000.0000000000000000
+0000.8756953598588902,+0000.0281980816028017,+0000.0875777687042780,+0000.0085287898340295,+0000.0000000000000000
+0000.8795537069015462,+0000.0297934905857536,+0000.0818530796495235,+0000.0087997228631763,+0000.0000000000000000
+0000.8831912730329666,+0000.0314363429606356,+0000.0763068739362627,+0000.0090655100701346,+0000.0000000000000000
+0000.8866060518295267,+0000.0331266979286965,+0000.0709415398626562,+0000.0093257103791201,+0000.0000000000000000
+0000.8897961554005227,+0000.0348645916903754,+0000.0657593555796710,+0000.0095798973294303,+0000.0000000000000000
+0000.8927598155127627,+0000.0366500372957941,+0000.0607624878895964,+0000.0098276593018460,+0000.0000000000000000
+0000.8954953846491035,+0000.0384830245089034,+0000.0559529911072161,+0000.0100685997347764,+0000.0000000000000000
+0000.8980013369982125,+0000.0403635196840492,+0000.0513328059880372,+0000.0103023373297006,+0000.0000000000000000
+0000.9002762693741201,+0000.0422914656534102,+0000.0469037587269871,+0000.0105285062454819,+0000.0000000000000000
+0000.9023189020672163,+0000.0442667816288545,+0000.0426675600217099,+0000.0107467562822186,+0000.0000000000000000
+0000.9041280796251145,+0000.0462893631149729,+0000.0386258042062279,+0000.0109567530536839,+0000.0000000000000000
+0000.9057027715631056,+0000.0483590818360456,+0000.0347799684519005,+0000.0111581781489475,+0000.0000000000000000
+0000.9070420730020399,+0000.0504757856743512,+0000.0311314120408816,+0000.0113507292827268,+0000.0000000000000000
+0000.9081452052367734,+0000.0526392986222891,+0000.0276813757064770,+0000.0115341204344598,+0000.0000000000000000
+0000.9090115162325757,+0000.0548494207473942,+0000.0244309810439891,+0000.0117080819760402,+0000.0000000000000000
+0000.9096404810481874,+0000.0571059281691184,+0000.0213812299944696,+0000.0118723607882241,+0000.0000000000000000
+0000.9100317021876047,+0000.0594085730498984,+0000.0185330043968172,+0000.0120267203656791,+0000.0000000000000000
+0000.9101849098799553,+0000.0617570835987024,+0000.0158870656110610,+0000.0121709409102805,+0000.0000000000000000
+0000.9100999622848387,+0000.0641511640869413,+0000.0134440542149798,+0000.0123048194132396,+0000.0000000000000000
+0000.9097768456268540,+0000.0665904948781087,+0000.0112044897697160,+0000.0124281697253207,+0000.0000000000000000
+0000.9092156742559846,+0000.0690747324700154,+0000.0091687706582862,+0000.0125408226157133,+0000.0000000000000000
+0000.9084166906350044,+0000.0716035095510310,+0000.0073371739946622,+0000.0126426258193017,+0000.0000000000000000
+0000.9073802652549660,+0000.0741764350670555,+0000.0057098556059180,+0000.0127334440720601,+0000.0000000000000000
+0000.9061068964763421,+0000.0767930943038232,+0000.0042868500846142,+0000.0128131591352200,+0000.0000000000000000
+0000.9045972102983831,+0000.0794530489813335,+0000.0030680709128788,+0000.0128816698074038,+0000.0000000000000000
+0000.9028519600554555,+0000.0821558373601815,+0000.0020533106589179,+0000.0129388919254445,+0000.0000000000000000
+0000.9008720260403017,+0000.0849009743623602,+0000.0012422412437506,+0000.0129847583535868,+0000.0000000000000000
+0000.8986584150555378,+0000.0876879517043277,+0000.0006344142793045,+0000.0130192189608294,+0000.0000000000000000
+0000.8962122598927476,+0000.0905162380421129,+0000.0002292614779530,+0000.0130422405871860,+0000.0000000000000000
+0000.8935348187399784,+0000.0933852791300506,+0000.0000260951319927,+0000.0130538069979777,+0000.0000000000000000
+0000.8906274745175374,+0000.0962944979916839,+0000.0000241086638070,+0000.0130539188269712,+0000.0000000000000000
+0000.8874917341415660,+0000.0992432951044370,+0000.0002223772459416,+0000.0130425935080548,+0000.0000000000000000
+0000.8841292277197002,+0000.1022310485941533,+0000.0006198584907637,+0000.0130198651953823,+0000.0000000000000000
+0000.8805417076734310,+0000.1052571144448082,+0000.0012153932092018,+0000.0129857846725583,+0000.0000000000000000
+0000.8767310477917679,+0000.1083208267195777,+0000.0020077062384723,+0000.0129404192501816,+0000.0000000000000000
+0000.8726992422169204,+0000.1114214977929466,+0000.0029954073374965,+0000.0128838526526359,+0000.0000000000000000
+0000.8684484043593191,+0000.1145584185966968,+0000.0041769921502869,+0000.0128161848936966,+0000.0000000000000000
+0000.8639807657446313,+0000.1177308588776508,+0000.0055508432366658,+0000.0127375321410515,+0000.0000000000000000
+0000.8592986747960192,+0000.1209380674653581,+0000.0071152311685279,+0000.0126480265700942,+0000.0000000000000000
+0000.8544045955464266,+0000.1241792725539226,+0000.0088683156927247,+0000.0125478162069256,+0000.0000000000000000
+0000.8493011062865445,+0000.1274536819942410,+0000.0108081469583889,+0000.0124370647608251,+0000.0000000000000000
+0000.8439908981464083,+0000.1307604835982765,+0000.0129326668094956,+0000.0123159514458192,+0000.0000000000000000
+0000.8384767736147068,+0000.1340988454535451,+0000.0152397101393154,+0000.0121846707924321,+0000.0000000000000000
+0000.8327616449928001,+0000.1374679162496147,+0000.0177270063089841,+0000.0120434324486006,+0000.0000000000000000
+0000.8268485327848205,+0000.1408668256163816,+0000.0203921806280855,+0000.0118924609707119,+0000.0000000000000000
+0000.8207405640296459,+0000.1442946844711288,+0000.0232327558943952,+0000.0117319956048294,+0000.0000000000000000
+0000.8144409705694382,+0000.1477505853774882,+0000.0262461539954417,+0000.0115622900576315,+0000.0000000000000000
+0000.8079530872566776,+0000.1512336029160775,+0000.0294296975691940,+0000.0113836122580506,+0000.0000000000000000
+0000.8012803501078110,+0000.1547427940621312,+0000.0327806117208726,+0000.0111962441091849,+0000.0000000000000000
+0000.7944262943937871,+0000.1582771985763351,+0000.0362960257989798,+0000.0110004812308976,+0000.0000000000000000
+0000.7873945526766146,+0000.1618358394041585,+0000.0399729752258697,+0000.0107966326933568,+0000.0000000000000000
+0000.7801888527883267,+0000.1654177230854870,+0000.0438084033850236,+0000.0105850207411620,+0000.0000000000000000
+0000.7728130157591706,+0000.1690218401725562,+0000.0477991635589987,+0000.0103659805092740,+0000.0000000000000000
+0000.7652709536895184,+0000.1726471656580628,+0000.0519420209227155,+0000.0101398597297029,+0000.0000000000000000
+0000.7575666675686366,+0000.1762926594131632,+0000.0562336545881999,+0000.0099070184299999,+0000.0000000000000000
+0000.7497042450475984,+0000.1799572666320912,+0000.0606706596965780,+0000.0096678286237318,+0000.0000000000000000
+0000.7416878581588430,+0000.1836399182866978,+0000.0652495495620239,+0000.0094226739924350,+0000.0000000000000000
+0000.7335217609859961,+0000.1873395315906357,+0000.0699667578632676,+0000.0091719495601003,+0000.0000000000000000
+0000.7252102872934177,+0000.1910550104681279,+0000.0748186408785431,+0000.0089160613599108,+0000.0000000000000000
+0000.7167578481036549,+0000.1947852460339293,+0000.0798014797688602,+0000.0086554260935553,+0000.0000000000000000
+0000.7081689292343689,+0000.1985291170793291,+0000.0849114829028065,+0000.0083904707834949,+0000.0000000000000000
+0000.6994480887892794,+0000.2022854905666646,+0000.0901447882260419,+0000.0081216324180137,+0000.0000000000000000
+0000.6905999546140402,+0000.2060532221284046,+0000.0954974656677236,+0000.0078493575898313,+0000.0000000000000000
+0000.6816292217064823,+0000.2098311565756843,+0000.1009655195897651,+0000.0075741021280678,+0000.0000000000000000
+0000.6725406495883075,+0000.2136181284135149,+0000.1065448912742000,+0000.0072963307239769,+0000.0000000000000000
+0000.6633390596467186,+0000.2174129623590966,+0000.1122314614434769,+0000.0070165165507075,+0000.0000000000000000
+0000.6540293324337189,+0000.2212144738697940,+0000.1180210528191065,+0000.0067351408773800,+0000.0000000000000000
+0000.6446164049328440,+0000.2250214696754945,+0000.1239094327143341,+0000.0064526926773270,+0000.0000000000000000
+0000.6351052677989705,+0000.2288327483150464,+0000.1298923156544340,+0000.0061696682315488,+0000.0000000000000000
+0000.6255009625608720,+0000.2326471006804303,+0000.1359653660318192,+0000.0058865707268779,+0000.0000000000000000
+0000.6158085787997172,+0000.2364633105633577,+0000.1421242007875535,+0000.0056039098493714,+0000.0000000000000000
+0000.6060332512947874,+0000.2402801552094025,+0000.1483643921224548,+0000.0053222013733549,+0000.0000000000000000
+0000.5961801571517892,+0000.2440964058724790,+0000.1546814702294945,+0000.0050419667462369,+0000.0000000000000000
+0000.5862545128999941,+0000.2479108283765681,+0000.1610709260541193,+0000.0047637326693181,+0000.0000000000000000
+0000.5762615715669096,+0000.2517221836811607,+0000.1675282140770086,+0000.0044880306749208,+0000.0000000000000000
