+0001.0000000000000000,+0000.0000000000000000,+0000.0000000000000000,+0000.0000000000000000,+0000.0000000000000000
+0000.9997495251844728,+0000.0000500926205904,+0000.0002003671360233,+0000.0000000050196519,+0000.0000000100392619
+0000.9989984118939041,+0000.0002002801493728,+0000.0008010670734470,+0000.0000000802953194,+0000.0000001605879568
+0000.9977475930739541,+0000.0004502917548038,+0000.0018008962002260,+0000.0000004063338526,+0000.0000008126371637
+0000.9959986218937639,+0000.0007996766087346,+0000.0031978511610130,+0000.0000012835026729,+0000.0000025668338160
+0000.9937536691389580,+0000.0012478047219299,+0000.0049891328487082,+0000.0000031313147952,+0000.0000062619756090
+0000.9910155195687163,+0000.0017938681115662,+0000.0071711519815583,+0000.0000064874298834,+0000.0000129729082759
+0000.9877875672437667,+0000.0024368822984824,+0000.0097395362547586,+0000.0000120063733638,+0000.0000240078296287
+0000.9840738098340897,+0000.0031756881313336,+0000.0126891390523942,+0000.0000204579761850,+0000.0000409050059978
+0000.9798788419170399,+0000.0040089539341705,+0000.0160140497024672,+0000.0000327255383853,+0000.0000654289079374
+0000.9752078472784877,+0000.0049351779733546,+0000.0197076052546990,+0000.0000498037201824,+0000.0000995657732763
+0000.9700665902314579,+0000.0059526912391101,+0000.0237624037577813,+0000.0000727961648561,+0000.0001455186067947
+0000.9644614059685825,+0000.0070596605364158,+0000.0281703190097777,+0000.0001029128582359,+0000.0002057016269880
+0000.9583991899665099,+0000.0082540918793479,+0000.0329225167524630,+0000.0001414672301416,+0000.0002827341715379
+0000.9518873864621712,+0000.0095338341824137,+0000.0380094722775203,+0000.0001898730036467,+0000.0003794340742484
+0000.9449339760225581,+0000.0108965832418456,+0000.0434209894097312,+0000.0002496407985496,+0000.0004988105273159
+0000.9375474622313671,+0000.0123398859992758,+0000.0491462208295426,+0000.0003223744959327,+0000.0006440564438822
+0000.9297368575174924,+0000.0138611450796777,+0000.0551736896947725,+0000.0004097673711803,+0000.0008185403368774
+0000.9215116681519807,+0000.0154576235949359,+0000.0614913125186115,+0000.0005135980032950,+0000.0010257977311772
+0000.9128818784416044,+0000.0171264502039034,+0000.0680864232585983,+0000.0006357259688083,+0000.0012695221270862
+0000.9038579341486852,+0000.0188646244193209,+0000.0749457985688588,+0000.0007780873290231,+0000.0015535555341122
+0000.8944507251682703,+0000.0206690221515034,+0000.0820556841655749,+0000.0009426899197464,+0000.0018818785949052
+0000.8846715674951313,+0000.0225364014782467,+0000.0894018222534353,+0000.0011316084530759,+0000.0022586003201109
+0000.8745321845143462,+0000.0244634086299903,+0000.0969694799587562,+0000.0013469794411893,+0000.0026879474557186
+0000.8640446876505272,+0000.0264465841788508,+0000.1047434787128985,+0000.0015909959524538,+0000.0031742535052701
+0000.8532215564118762,+0000.0284823694197721,+0000.1127082245277951,+0000.0018659022105153,+0000.0037219474300413
+0000.8420756178664256,+0000.0305671129316592,+0000.1208477391035575,+0000.0021739880473556,+0000.0043355420510024
+0000.8306200255887990,+0000.0326970773060409,+0000.1291456917065423,+0000.0025175832216058,+0000.0050196221770122
+0000.8188682381168371,+0000.0348684460304808,+0000.1375854317546887,+0000.0028990516136893,+0000.0057788324843042
+0000.8068339969583087,+0000.0370773305136687,+0000.1461500220455370,+0000.0033207853096211,+0000.0066178651728648
+0000.7945313041887304,+0000.0393197772388628,+0000.1548222725610678,+0000.0037851985855301,+0000.0075414474258091
+0000.7819743996820457,+0000.0415917750321130,+0000.1635847747823626,+0000.0042947218051786,+0000.0085543286983002
+0000.7691777380165863,+0000.0438892624314819,+0000.1724199364460390,+0000.0048517952429427,+0000.0096612678629505
+0000.7561559650992723,+0000.0462081351432963,+0000.1813100166735676,+0000.0054588628448793,+0000.0108670202389847
+0000.7429238945515421,+0000.0485442535712990,+0000.1902371614037979,+0000.0061183659406423,+0000.0121763245327190
+0000.7294964839008332,+0000.0508934504044452,+0000.1991834390584498,+0000.0068327369191239,+0000.0135938897171484
+0000.7158888106218380,+0000.0532515382489753,+0000.2081308763698083,+0000.0076043928807837,+0000.0151243818785951
+0000.7021160480718649,+0000.0556143172903344,+0000.2170614942996096,+0000.0084357292796935,+0000.0167724110584978
+0000.6881934413649388,+0000.0579775829704368,+0000.2259573439778063,+0000.0093291135683538,+0000.0185425181184646
+0000.6741362832292027,+0000.0603371336657725,+0000.2348005425899424,+0000.0102868788583552,+0000.0204391616567272
+0000.6599598898921664,+0000.0626887783518603,+0000.2435733091419521,+0000.0113113176099441,+0000.0224667050040776
+0000.6456795770383279,+0000.0650283442395687,+0000.2522580000313589,+0000.0124046753635011,+0000.0246294033272439
+0000.6313106358834071,+0000.0673516843689056,+0000.2608371443542971,+0000.0135691445258824,+0000.0269313908675083
+0000.6168683094091046,+0000.0696546851459718,+0000.2692934788782950,+0000.0148068582244838,+0000.0293766683421448
+0000.6023677688020889,+0000.0719332738088690,+0000.2776099826113273,+0000.0161198842417569,+0000.0319690905359582
+0000.5878240901402754,+0000.0741834258085256,+0000.2857699108985298,+0000.0175102190427793,+0000.0347123541098903
+0000.5732522313690418,+0000.0764011720905565,+0000.2937568289788412,+0000.0189797819083029,+0000.0376099856532579
+0000.5586670096093749,+0000.0785826062644819,+0000.3015546449348892,+0000.0205304091855133,+0000.0406653300057409
+0000.5440830788391675,+0000.0807238916468586,+0000.3091476419706872,+0000.0221638486685268,+0000.0438815388747601
+0000.5295149079882565,+0000.0828212681651146,+0000.3165205099529323,+0000.0238817541203935,+0000.0472615597733032
+0000.5149767594867984,+0000.0848710591091657,+0000.3236583761532243,+0000.0256856799481255,+0000.0508081253026862
+0000.5004826683056438,+0000.0868696777182025,+0000.3305468351300812,+0000.0275770760419862,+0000.0545237428040865
+0000.4860464215265199,+0000.0888136335903329,+0000.3371719776912513,+0000.0295572827899467,+0000.0584106844019496
+0000.4716815384784954,+0000.0906995389031517,+0000.3435204188787482,+0000.0316275262779172,+0000.0624709774616879
+0000.4574012514763091,+0000.0925241144336483,+0000.3495793249208329,+0000.0337889136859784,+0000.0667063954832315
+0000.4432184871947242,+0000.0942841953662786,+0000.3553364390972979,+0000.0360424288904913,+0000.0711184494512080
+0000.4291458487118905,+0000.0959767368784334,+0000.3607801064664950,+0000.0383889282815599,+0000.0757083796616213
+0000.4151955982533056,+0000.0975988194929749,+0000.3658992974048102,+0000.0408291368049157,+0000.0804771480439937
+0000.4013796406665991,+0000.0991476541879662,+0000.3706836299116101,+0000.0433636442368633,+0000.0854254309969614
+0000.3877095076557968,+0000.1006205872541972,+0000.3751233906351588,+0000.0459929017004919,+0000.0905536127543556
+0000.3741963428023528,+0000.1020151048915954,+0000.3792095545774614,+0000.0487172184308756,+0000.0958617792977151
+0000.3608508873985433,+0000.1033288375361283,+0000.3829338034386439,+0000.0515367587965288,+0000.1013497128301557
+0000.3476834671171858,+0000.1045595639093260,+0000.3862885425641603,+0000.0544515395838923,+0000.1070168868254358
+0000.3347039795401341,+0000.1057052147830830,+0000.3892669164608240,+0000.0574614275510940,+0000.1128624616648650
+0000.3219218825660560,+0000.1067638764529728,+0000.3918628228505541,+0000.0605661372567585,+0000.1188852808736587
+0000.3093461837164781,+0000.1077337939138514,+0000.3940709252335484,+0000.0637652291690605,+0000.1250838679670616
+0000.2969854303571907,+0000.1086133737321229,+0000.3958866639355638,+0000.0670581080597081,+0000.1314564239154147
+0000.2848477008501498,+0000.1094011866096201,+0000.3973062656170057,+0000.0704440216870193,+0000.1380008252362051
+0000.2729405966496502,+0000.1100959696346473,+0000.3983267512244691,+0000.0739220597715909,+0000.1447146227196427
+0000.2612712353539001,+0000.1106966282163540,+0000.3989459423685828,+0000.0774911532676814,+0000.1515950407934817
+0000.2498462447221683,+0000.1112022376991985,+0000.3991624661149776,+0000.0811500739326253,+0000.1586389775310302
+0000.2386717576648511,+0000.1116120446549025,+0000.3989757581784468,+0000.0848974341962613,+0000.1658430053055383
+0000.2277534082126485,+0000.1119254678499020,+0000.3983860645134363,+0000.0887316873315749,+0000.1732033720924385
+0000.2170963284686170,+0000.1121420988869407,+0000.3973944412972209,+0000.0926511279273068,+0000.1807160034199147
+0000.2067051465451627,+0000.1122617025200712,+0000.3960027533052741,+0000.0966538926626333,+0000.1883765049668588
+0000.1965839854860275,+0000.1122842166429676,+0000.3942136706815182,+0000.1007379613834620,+0000.1961801658060247
+0000.1867364631714442,+0000.1122097519510673,+0000.3920306641093319,+0000.1049011584792778,+0000.2041219622888790
+0000.1771656932025720,+0000.1120385912787187,+0000.3894579983923011,+0000.1091411545589580,+0000.2121965625674503
+0000.1678742867596332,+0000.1117711886130911,+0000.3865007244569245,+0000.1134554684232870,+0000.2203983317470642
+0000.1588643554260361,+0000.1114081677872711,+0000.3831646697925205,+0000.1178414693314374,+0000.2287213376627350
+0000.1501375149690208,+0000.1109503208555525,+0000.3794564273467287,+0000.1222963795580443,+0000.2371593572706538
+0000.1416948900654507,+0000.1103986061545519,+0000.3753833428980290,+0000.1268172772369636,+0000.2457058836450050
+0000.1335371199595281,+0000.1097541460543804,+0000.3709535009297200,+0000.1314010994872429,+0000.2543541335691287
+0000.1256643650374420,+0000.1090182244046979,+0000.3661757090327788,+0000.1360446458162689,+0000.2630970557088125
+0000.1180763143020201,+0000.1081922836810458,+0000.3610594808678633,+0000.1407445817945913,+0000.2719273393544795
+0000.1107721937290365,+0000.1072779218374624,+0000.3556150177197433,+0000.1454974429962250,+0000.2808374237175328
+0000.1037507754846179,+0000.1062768888718879,+0000.3498531886799487,+0000.1502996391979857,+0000.2898195077655598
+0000.0970103879821038,+0000.1051910831114771,+0000.3437855094965074,+0000.1551474588305757,+0000.2988655605793362
+0000.0905489267545551,+0000.1040225472254254,+0000.3374241201319089,+0000.1600370736739828,+0000.3079673322141278
+0000.0843638661178749,+0000.1027734639734315,+0000.3307817610732534,+0000.1649645437890411,+0000.3171163650463992
+0000.0784522715979496,+0000.1014461516984793,+0000.3238717484409975,+0000.1699258226765824,+0000.3263040055859913
+0000.0728108130934774,+0000.1000430595730004,+0000.3167079479448451,+0000.1749167626553386,+0000.3355214167333384
+0000.0674357787451781,+0000.0985667626080707,+0000.3093047477380458,+0000.1799331204490162,+0000.3447595904596888
+0000.0623230894802687,+0000.0970199564356169,+0000.3016770302230695,+0000.1849705629728992,+0000.3540093608881456
+0000.0574683142001708,+0000.0954054518741384,+0000.2938401428641287,+0000.1900246733096554,+0000.3632614177519065
+0000.0528666855779594,+0000.0937261692887900,+0000.2858098680637188,+0000.1950909568638384,+0000.3725063202056936
+0000.0485131164310055,+0000.0919851327570819,+0000.2776023921623310,+0000.2001648476841433,+0000.3817345109654384
+0000.0444022166331492,+0000.0901854640518155,+0000.2692342736221995,+0000.2052417149421750,+0000.3909363307506607
+0000.0405283105297460,+0000.0883303764532023,+0000.2607224104576205,+0000.2103168695561389,+0000.4001020330032923
+0000.0368854548179302,+0000.0864231684024351,+0000.2520840069757508,+0000.2153855709476807,+0000.4092217988562032
+0000.0334674568536692,+0000.0844672170092734,+0000.2433365398933862,+0000.2204430339196743,+0000.4182857523239968
+0000.0302678933462951,+0000.0824659714264735,+0000.2344977238962525,+0000.2254844356426958,+0000.4272839756882829
+0000.0272801294005508,+0000.0804229461041151,+0000.2255854767085935,+0000.2305049227375705,+0000.4362065250491702
+0000.0244973378655484,+0000.0783417139371313,+0000.2166178837418085,+0000.2354996184412489,+0000.4450434460142630
+0000.0219125189494431,+0000.0762258993194745,+0000.2076131623916004,+0000.2404636298431459,+0000.4537847894963360
+0000.0195185200582730,+0000.0740791711186144,+0000.1985896260541593,+0000.2453920551787559,+0000.4624206275901974
+0000.0173080558168601,+0000.0719052355840583,+0000.1895656479319235,+0000.2502799911675427,+0000.4709410694996150
+0000.0152737282295697,+0000.0697078292038562,+0000.1805596247005738,+0000.2551225403816323,+0000.4793362774843680
+0000.0134080469383209,+0000.0674907115229809,+0000.1715899401085189,+0000.2599148186321704,+0000.4875964827980088
+0000.0117034495352643,+0000.0652576579376399,+0000.1626749285808677,+0000.2646519623598061,+0000.4957120015864220
+0000.0101523218874103,+0000.0630124524795607,+0000.1538328388995445,+0000.2693291360160012,+0000.5036732507174833
+0000.0087470184305490,+0000.0607588806042443,+0000.1450817980311066,+0000.2739415394217760,+0000.5114707635123242
+0000.0074798823899802,+0000.0585007219972852,+0000.1364397751738400,+0000.2784844150904830,+0000.5190952053484115
+0000.0063432658856924,+0000.0562417434126062,+0000.1279245460947741,+0000.2829530555014336,+0000.5265373891054935
+0000.0053295498800310,+0000.0539856915565966,+0000.1195536578273437,+0000.2873428103110651,+0000.5337882904249633
+0000.0044311639261802,+0000.0517362860318153,+0000.1113443937991022,+0000.2916490934886709,+0000.5408390627542311
+0000.0036406056763219,+0000.0494972123539600,+0000.1033137394585889,+0000.2958673903636769,+0000.5476810521474522
+0000.0029504601088325,+0000.0472721150555302,+0000.0954783484691485,+0000.2999932645717254,+0000.5543058117947633
+0000.0023534184345282,+0000.0450645908894657,+0000.0878545095365653,+0000.3040223648869456,+0000.5607051162524950
+0000.0018422966426680,+0000.0428781821458249,+0000.0804581139360871,+0000.3079504319280674,+0000.5668709753473522
+0000.0014100536482115,+0000.0407163700943179,+0000.0733046238031102,+0000.3117733047261714,+0000.5727956477281889
+0000.0010498090026846,+0000.0385825685652380,+0000.0664090412501940,+0000.3154869271422738,+0000.5784716540396094
+0000.0007548601319520,+0000.0364801176810696,+0000.0597858783716532,+0000.3190873541230446,+0000.5838917896922804
+0000.0005186990651955,+0000.0344122777507128,+0000.0534491281950569,+0000.3225707577834384,+0000.5890491372055962
+0000.0003350286204826,+0000.0323822233379286,+0000.0474122366372371,+0000.3259334333052002,+0000.5939370780991514
+0000.0001977780134591,+0000.0303930375152792,+0000.0416880755204246,+0000.3291718046406574,+0000.5985493043101796
+0000.0001011178569140,+0000.0284477063143908,+0000.0362889167019761,+0000.3322824300115123,+0000.6028798291152068
+0000.0000394745202474,+0000.0265491133830742,+0000.0312264073691972,+0000.3352620071927472,+0000.6069229975347338
+0000.0000075438192117,+0000.0247000348592728,+0000.0265115465481702,+0000.3381073785722004,+0000.6106734962011445
+0000.0000003040076990,+0000.0229031344715020,+0000.0221546628734405,+0000.3408155359767152,+0000.6141263626706431
+0000.0000130280448040,+0000.0211609588748932,+0000.0181653936627238,+0000.3433836252562986,+0000.6172769941612802
+0000.0000412951119021,+0000.0194759332315306,+0000.0145526653383819,+0000.3458089506180889,+0000.6201211557000964
+0000.0000810013560424,+0000.0178503570432114,+0000.0113246752346297,+0000.3480889787024855,+0000.6226549876636308
+0000.0001283698375633,+0000.0162864002443550,+0000.0084888748269390,+0000.3502213423942198,+0000.6248750126969227
+0000.0001799596614899,+0000.0147860995621418,+0000.0060519544170870,+0000.3522038443616624,+0000.6267781419976186
+0000.0002326742739628,+0000.0133513551505323,+0000.0040198293046290,+0000.3540344603182050,+0000.6283616809526705
+0000.0002837689066824,+0000.0119839275041494,+0000.0023976274724875,+0000.3557113420000391,+0000.6296233341166415
+0000.0003308571541063,+0000.0106854346575944,+0000.0011896788115989,+0000.3572328198552046,+0000.6305612095214956
+0000.0003719166699420,+0000.0094573496750580,+0000.0003995059063337,+0000.3585974054393035,+0000.6311738223093626
+0000.0004052939712874,+0000.0083009984345750,+0000.0000298163994520,+0000.3598037935138977,+0000.6314600976807878
+0000.0004297083406224,+0000.0072175577106708,+0000.0000824969522479,+0000.3608508638440632,+0000.6314193731523955
+0000.0004442548177101,+0000.0062080535585669,+0000.0005586088123900,+0000.3617376826922079,+0000.6310514001191249
+0000.0004484062753515,+0000.0052733600024685,+0000.0014583849988045,+0000.3624635040058536,+0000.6303563447175216
+0000.0004420145748222,+0000.0044141980298928,+0000.0027812291097986,+0000.3630277702975540,+0000.6293347879879323
+0000.0004253107987207,+0000.0036311348933810,+0000.0045257157574068,+0000.3634301132158351,+0000.6279877253346561
+0000.0003989045608597,+0000.0029245837203068,+0000.0066895926277584,+0000.3636703538064910,+0000.6263165652845837
+0000.0003637823947365,+0000.0022948034308965,+0000.0092697841640867,+0000.3637485024642717,+0000.6243231275460085
+0000.0003213052240159,+0000.0017418989639636,+0000.0122623968658021,+0000.3636647585754544,+0000.6220096403707637
+0000.0002732049203563,+0000.0012658218092597,+0000.0156627261938248,+0000.3634195098525077,+0000.6193787372240512
+0000.0002215799557884,+0000.0008663708447072,+0000.0194652650693546,+0000.3630133313624854,+0000.6164334527676640
+0000.0001688901587269,+0000.0005431934762181,+0000.0236637139499169,+0000.3624469842514849,+0000.6131772181636528
+0000.0001179505845439,+0000.0002957870771670,+0000.0282509924636373,+0000.3617214141679987,+0000.6096138557066529
+0000.0000719245134612,+0000.0001235007240208,+0000.0332192525795005,+0000.3608377493885690,+0000.6057475727944482
+0000.0000343155903219,+0000.0000255372240358,+0000.0385598932882910,+0000.3597972986497234,+0000.6015829552476276
+0000.0000089591225736,+0000.0000009554303516,+0000.0442635767661611,+0000.3586015486906577,+0000.5971249599902559
+0000.0000000125545389,+0000.0000486728392584,+0000.0503202459895095,+0000.3572521615118008,+0000.5923789071048924
+0000.0000119451377503,+0000.0001674684638487,+0000.0567191437674027,+0000.3557509713547056,+0000.5873504712762925
+0000.0000495268187961,+0000.0003559859777305,+0000.0634488331545482,+0000.3540999814094959,+0000.5820456726394291
+0000.0001178163677413,+0000.0006127371219451,+0000.0704972192055129,+0000.3523013602563250,+0000.5764708670484758
+0000.0002221487717701,+0000.0009361053677214,+0000.0778515720279782,+0000.3503574380480177,+0000.5706327357845126
+0000.0003681219202177,+0000.0013243498271938,+0000.0854985510903066,+0000.3482707024413943,+0000.5645382747208875
+0000.0005615826086381,+0000.0017756094037316,+0000.0934242307362864,+0000.3460437942853408,+0000.5581947829660031
+0000.0008086118909736,+0000.0022879071730621,+0000.1016141268575521,+0000.3436795030740146,+0000.5516098510043976
+0000.0011155098102559,+0000.0028591549859181,+0000.1100532246718296,+0000.3411807621740954,+0000.5447913483579010
+0000.0014887795395604,+0000.0034871582825048,+0000.1187260075528847,+0000.3385506438354386,+0000.5377474107896110
+0000.0019351109661892,+0000.0041696211086894,+0000.1276164868562759,+0000.3357923539946867,+0000.5304864270741591
+0000.0024613637532173,+0000.0049041513234088,+0000.1367082326827597,+0000.3329092268819948,+0000.5230170253586195
+0000.0030745499136445,+0000.0056882659864302,+0000.1459844055194145,+0000.3299047194412217,+0000.5153480591392889
+0000.0037818159334229,+0000.0065193969152435,+0000.1554277886967988,+0000.3267824055744038,+0000.5074885928801312
+0000.0045904244806218,+0000.0073948963995804,+0000.1650208215991869,+0000.3235459702213656,+0000.4994478872992452
+0000.0055077357388208,+0000.0083120430616806,+0000.1747456335626710,+0000.3201992032860596,+0000.4912353843507681
+0000.0065411884036945,+0000.0092680478502287,+0000.1845840783953946,+0000.3167459934210177,+0000.4828606919296642
+0000.0076982803824315,+0000.0102600601555677,+0000.1945177694522772,+0000.3131903216819053,+0000.4743335683278183
+0000.0089865492363513,+0000.0112851740336374,+0000.2045281151961798,+0000.3095362550640725,+0000.4656639064697590
+0000.0104135524075664,+0000.0123404345257978,+0000.2145963551756139,+0000.3057879399335483,+0000.4568617179574733
+0000.0119868472710937,+0000.0134228440615879,+0000.2247035963489617,+0000.3019495953648095,+0000.4479371169535471
+0000.0137139710542507,+0000.0145293689313252,+0000.2348308496844979,+0000.2980255063977905,+0000.4389003039321356
+0000.0156024206653915,+0000.0156569458152538,+0000.2449590669642303,+0000.2940200172270663,+0000.4297615493280579
+0000.0176596324743868,+0000.0168024883559313,+0000.2550691777199603,+0000.2899375243358097,+0000.4205311771139117
+0000.0198929620873660,+0000.0179628937604410,+0000.2651421262293324,+0000.2857824695874595,+0000.4112195483354008
+0000.0223096641583087,+0000.0191350494189702,+0000.2751589084995048,+0000.2815593332879811,+0000.4018370446352352
+0000.0249168722800484,+0000.0203158395262743,+0000.2851006091660702,+0000.2772726272316992,+0000.3923940517959081
+0000.0277215789971752,+0000.0215021516925742,+0000.2949484382351110,+0000.2729268877436147,+0000.3829009433315247
+0000.0307306159831457,+0000.0226908835304654,+0000.3046837675965645,+0000.2685266687310727,+0000.3733680641587520
+0000.0339506344236228,+0000.0238789492044747,+0000.3142881672374112,+0000.2640765347576381,+0000.3638057143768534
+0000.0373880856476720,+0000.0250632859299797,+0000.3237434410836975,+0000.2595810541520216,+0000.3542241331866290
+0000.0410492020481215,+0000.0262408604083633,+0000.3330316624014573,+0000.2550447921646125,+0000.3446334829774454
+0000.0449399783317666,+0000.0274086751853804,+0000.3421352086870981,+0000.2504723041842060,+0000.3350438336115490
+0000.0490661531395206,+0000.0285637749198899,+0000.3510367959788973,+0000.2458681290273266,+0000.3254651469343654
+0000.0534331910759575,+0000.0297032525503122,+0000.3597195125224592,+0000.2412367823123306,+0000.3159072615389405
+0000.0580462651869447,+0000.0308242553463940,+0000.3681668517242247,+0000.2365827499302867,+0000.3063798778121499
+0000.0629102399231947,+0000.0319239908340906,+0000.3763627443284327,+0000.2319104816243920,+0000.2968925432898900
+0000.0680296546265790,+0000.0329997325816431,+0000.3842915897543536,+0000.2272243846895877,+0000.2874546383478366
+0000.0734087075752958,+0000.0340488258352612,+0000.3919382865326409,+0000.2225288178034278,+0000.2780753622533744
+0000.0790512406225710,+0000.0350686929930674,+0000.3992882617808091,+0000.2178280849994000,+0000.2687637196041525
+0000.0849607244627923,+0000.0360568389063730,+0000.4063274996602932,+0000.2131264297932003,+0000.2595285071773412
+0000.0911402445575578,+0000.0370108559976627,+0000.4130425687591615,+0000.2084280294723554,+0000.2503783012132624
+0000.0975924877528287,+0000.0379284291850522,+0000.4194206483466744,+0000.2037369895592353,+0000.2413214451562095
+0000.1043197296173281,+0000.0388073406034247,+0000.4254495534483788,+0000.1990573384569035,+0000.2323660378739648
+0000.1113238225304932,+0000.0396454741128071,+0000.4311177586922464,+0000.1943930222872456,+0000.2235199223772079
+0000.1186061845473535,+0000.0404408195850574,+0000.4364144208792862,+0000.1897478999299641,+0000.2147906750583388
+0000.1261677890656765,+0000.0411914769603225,+0000.4413294002340498,+0000.1851257382710361,+0000.2061855954689150
+0000.1340091553196475,+0000.0418956600652592,+0000.4458532802934524,+0000.1805302076684306,+0000.1977116966532101
+0000.1421303397224408,+0000.0425517001854619,+0000.4499773863947176,+0000.1759648776426437,+0000.1893756960547364
+0000.1505309280784514,+0000.0431580493850586,+0000.4536938027260569,+0000.1714332127991096,+0000.1811840070113235
+0000.1592100286842533,+0000.0437132835669522,+0000.4569953879065320,+0000.1669385689890458,+0000.1731427308532167
+0000.1681662663359289,+0000.0442161052677320,+0000.4598757890645063,+0000.1624841897146198,+0000.1652576496172130
+0000.1773977772579680,+0000.0446653461817833,+0000.4623294543867512,+0000.1580732027842404,+0000.1575342193892571
+0000.1869022049677941,+0000.0450599694097217,+0000.4643516441135607,+0000.1537086172228505,+0000.1499775642860730
+0000.1966766970878744,+0000.0453990714268157,+0000.4659384399581182,+0000.1493933204417479,+0000.1425924710854440
+0000.2067179031154943,+0000.0456818837676365,+0000.4670867529314421,+0000.1451300756719260,+0000.1353833845135013
+0000.2170219731583965,+0000.0459077744237555,+0000.4677943295573733,+0000.1409215196644069,+0000.1283544031960679
+0000.2275845576425853,+0000.0460762489518926,+0000.4680597564652211,+0000.1367701606604561,+0000.1215092762798452
+0000.2384008079970606,+0000.0461869512905202,+0000.4678824633508618,+0000.1326783766339160,+0000.1148514007276415
+0000.2494653783175040,+0000.0462396642834940,+0000.4672627243002293,+0000.1286484138076258,+0000.1083838192911470
+0000.2607724280098210,+0000.0462343099099085,+0000.4662016574723998,+0000.1246823854450510,+0000.1021092191628198
+0000.2723156254121714,+0000.0461709492199523,+0000.4647012231426397,+0000.1207822709178012,+0000.0960299313074357
+0000.2840881523921728,+0000.0460497819771453,+0000.4627642201089986,+0000.1169499150491858,+0000.0901479304724980
+0000.2960827099140373,+0000.0458711460079346,+0000.4603942804692444,+0000.1131870277333811,+0000.0844648358754027
+0000.3082915245684748,+0000.0456355162602200,+0000.4575958627781460,+0000.1094951838292243,+0000.0789819125639348
+0000.3207063560567356,+0000.0453435035729629,+0000.4543742435981614,+0000.1058758233269629,+0000.0737000734451775
+0000.3333185056173033,+0000.0449958531596423,+0000.4507355074599236,+0000.1023302517860726,+0000.0686198819770585
+0000.3461188253828437,+0000.0445934428088790,+0000.4466865352518689,+0000.0988596410413658,+0000.0637415555150429
+0000.3590977286527499,+0000.0441372808061269,+0000.4422349910614724,+0000.0954650301742304,+0000.0590649693054204
+0000.3722452010648010,+0000.0436285035809078,+0000.4373893074935966,+0000.0921473267453218,+0000.0545896611153728
+0000.3855508126476389,+0000.0430683730846118,+0000.4321586694944662,+0000.0889073082844824,+0000.0503148364888006
+0000.3990037307341437,+0000.0424582739044468,+0000.4265529967126457,+0000.0857456240331626,+0000.0462393746156014
+0000.4125927337140878,+0000.0417997101196233,+0000.4205829244312737,+0000.0826627969340434,+0000.0423618348009719
+0000.4263062256026441,+0000.0410943019064203,+0000.4142597831086133,+0000.0796592258621794,+0000.0386804635201431
+0000.4401322513995692,+0000.0403437818992741,+0000.4075955765667921,+0000.0767351880914758,+0000.0351932020428889
+0000.4540585132127867,+0000.0395499913155119,+0000.4006029588710260,+0000.0738908419897615,+0000.0318976946109139
+0000.4680723871180974,+0000.0387148758518478,+0000.3932952099443766,+0000.0711262299353675,+0000.0287912971503108
+0000.4821609407252330,+0000.0378404813612295,+0000.3856862099656105,+0000.0684412814476872,+0000.0258710865002400
+0000.4963109514196803,+0000.0369289493190285,+0000.3777904125997776,+0000.0658358165236493,+0000.0231338701378647
+0000.5105089252473277,+0000.0359825120880556,+0000.3696228171139330,+0000.0633095491718297,+0000.0205761963788542
+0000.5247411164088233,+0000.0350034879922284,+0000.3611989394319948,+0000.0608620911353381,+0000.0181943650316157
+0000.5389935473281374,+0000.0339942762091611,+0000.3525347821854635,+0000.0584929557944325,+0000.0159844384828056
+0000.5532520292598183,+0000.0329573514922562,+0000.3436468038180143,+0000.0562015622392922,+0000.0139422531906192
+0000.5675021833971721,+0000.0318952587332901,+0000.3345518868045038,+0000.0539872395032292,+0000.0120634315618049
+0000.5817294624435977,+0000.0308106073767516,+0000.3252673050460442,+0000.0518492309461608,+0000.0103433941874459
+0000.5959191726077170,+0000.0297060656975098,+0000.3158106905048190,+0000.0497866987779469,+0000.0087773724120075
+0000.6100564959820658,+0000.0285843549537008,+0000.3061999991437691,+0000.0477987287109727,+0000.0073604212094918
+0000.6241265132648157,+0000.0274482434269097,+0000.2964534762373441,+0000.0458843347310004,+0000.0060874323399302
+0000.6381142267827483,+0000.0263005403620105,+0000.2865896211210517,+0000.0440424639751991,+0000.0049531477589907
+0000.6520045837732004,+0000.0251440898192132,+0000.2766271514485675,+0000.0422720017060288,+0000.0039521732529906
+0000.6657824998822567,+0000.0239817644510353,+0000.2665849670260513,+0000.0405717763694635,+0000.0030789922711934
+0000.6794328828359906,+0000.0228164592170741,+0000.2564821132941185,+0000.0389405647258987,+0000.0023279799269184
+0000.6929406562410232,+0000.0216510850495844,+0000.2463377445287149,+0000.0373770970419666,+0000.0016934171387110
+0000.7062907834702506,+0000.0204885624829980,+0000.2361710868327514,+0000.0358800623314205,+0000.0011695048825795
+0000.7194682915898516,+0000.0193318152605205,+0000.2260014009904525,+0000.0344481136330669,+0000.0007503785261088
+0000.7324582952830488,+0000.0181837639310659,+0000.2158479452569455,+0000.0330798733137801,+0000.0004301222151599
+0000.7452460207261822,+0000.0170473194497755,+0000.2057299381556956,+0000.0317739383845562,+0000.0002027832837908
+0000.7578168293727854,+0000.0159253767953735,+0000.1956665213562442,+0000.0305288858175725,+0000.0000623866580246
+0000.7701562416014980,+0000.0148208086175514,+0000.1856767227045963,+0000.0293432778522086,+0000.0000029492241459
+0000.7822499601836991,+0000.0137364589275543,+0000.1757794194783496,+0000.0282156672780793,+0000.0000184941323179
+0000.7940838935269616,+0000.0126751368450509,+0000.1659933019383238,+0000.0271446026831887,+0000.0001030650064750
+0000.8056441786512327,+0000.0116396104142143,+0000.1563368372475160,+0000.0261286336553655,+0000.0002507400316717
+0000.8169172038546573,+0000.0106326005018611,+0000.1468282338278051,+0000.0251663159253238,+0000.0004556458903529
+0000.8278896310265417,+0000.0096567747903042,+0000.1374854062240159,+0000.0242562164397990,+0000.0007119715193392
+0000.8385484175660523,+0000.0087147418773678,+0000.1283259405434861,+0000.0233969183533680,+0000.0010139816597260
+0000.8488808378651836,+0000.0078090454958496,+0000.1193670605388430,+0000.0225870259277943,+0000.0013560301723296
+0000.8588745043159886,+0000.0069421588644258,+0000.1106255943998512,+0000.0218251693279113,+0000.0017325730918233
+0000.8685173878028791,+0000.0061164791817280,+0000.1021179423188434,+0000.0211100093032809,+0000.0021381813932685
+0000.8777978376406925,+0000.0053343222751434,+0000.0938600448936116,+0000.0204402417452377,+0000.0025675534453149
+0000.8867046009222882,+0000.0045979174153690,+0000.0858673524282815,+0000.0198146021089966,+0000.0030155271250650
+0000.8952268412383001,+0000.0039094023076464,+0000.0781547951927901,+0000.0192318696910291,+0000.0034770915702346
+0000.9033541567342573,+0000.0032708182701006,+0000.0707367546985179,+0000.0186908717520870,+0000.0039473985450374
+0000.9110765974713958,+0000.0026841056092499,+0000.0636270360457142,+0000.0181904874766137,+0000.0044217733970266
+0000.9183846820576503,+0000.0021510992024580,+0000.0568388413972368,+0000.0177296517597389,+0000.0048957255829162
+0000.9252694135184352,+0000.0016735242965190,+0000.0503847446293995,+0000.0173073588132724,+0000.0053649587423744
+0000.9317222943768558,+0000.0012529925312691,+0000.0442766672095916,+0000.0169226655826356,+0000.0058253802996479
+0000.9377353409146563,+0000.0008909981966273,+0000.0385258553478195,+0000.0165746949670528,+0000.0062731105738442
+0000.9433010965876367,+0000.0005889147309435,+0000.0331428584659578,+0000.0162626388356956,+0000.0067044913797667
+0000.9484126445698771,+0000.0003479914681162,+0000.0281375090268633,+0000.0159857608329744,+0000.0071160941021693
+0000.9530636194028514,+0000.0001693506404249,+0000.0235189037626977,+0000.0157433989666357,+0000.0075047272273903
+0000.9572482177280469,+0000.0000539846434607,+0000.0192953863382983,+0000.0155349679727182,+0000.0078674433174759
+0000.9609612080822431,+0000.0000027535690803,+0000.0154745314837029,+0000.0153599614520010,+0000.0082015454129732
+0000.9641979397372007,+0000.0000163830117117,+0000.0120631306263158,+0000.0152179537729952,+0000.0085045928517766
+0000.9669543505670877,+0000.0000954621528170,+0000.0090671790504346,+0000.0151086017370643,+0000.0087744064925967
+0000.9692269739285664,+0000.0002404421277495,+0000.0064918646090983,+0000.0150316460017794,+0000.0090090733328069
+0000.9710129445406516,+0000.0004516346786667,+0000.0043415580098943,+0000.0149869122591133,+0000.0092069505116742
+0000.9723100033532068,+0000.0007292110965939,+0000.0026198046933494,+0000.0149743121656241,+0000.0093666686912260
+0000.9731165013947425,+0000.0010732014551352,+0000.0013293183195731,+0000.0149938440223030,+0000.0094871348082465
+0000.9734314025922881,+0000.0014834941377448,+0000.0004719758754671,+0000.0150455932023063,+0000.0095675341921942
+0000.9732542855579569,+0000.0019598356598978,+0000.0000488144117120,+0000.0151297323253281,+0000.0096073320451053
+0000.9725853443387440,+0000.0025018307868411,+0000.0000600294156590,+0000.0152465211779228,+0000.0096062742808333
+0000.9714253881281253,+0000.0031089429471007,+0000.0005049748228540,+0000.0153963063796321,+0000.0095643877222883
+0000.9697758399399357,+0000.0037804949412290,+0000.0013821646669040,+0000.0155795207953132,+0000.0094819796566186
+0000.9676387342470060,+0000.0045156699447311,+0000.0026892763640534,+0000.0157966826946184,+0000.0093596367495913
+0000.9650167135888954,+0000.0053135128035139,+0000.0044231556257454,+0000.0160483946601299,+0000.0091982233217158
+0000.9619130241551463,+0000.0061729316195676,+0000.0065798229891658,+0000.0163353422461744,+0000.0089988789899462
+0000.9583315103523382,+0000.0070926996240306,+0000.0091544819526422,+0000.0166582923909028,+0000.0087630156800865
+0000.9542766083650354,+0000.0080714573342267,+0000.0121415286997085,+0000.0170180915847508,+0000.0084923140162789
+0000.9497533387228708,+0000.0091077149906170,+0000.0155345633923655,+0000.0174156637989104,+0000.0081887190952367
+0000.9447672978876878,+0000.0101998552690856,+0000.0193264030111311,+0000.0178520081779822,+0000.0078544356541136
+0000.9393246488764309,+0000.0113461362634561,+0000.0235090957165126,+0000.0183281965014848,+0000.0074919226421159
+0000.9334321109376331,+0000.0125446947324700,+0000.0280739367033048,+0000.0188453704193910,+0000.0071038872072013
+0000.9270969483007302,+0000.0137935496050366,+0000.0330114855165022,+0000.0194047384673747,+0000.0066932781103567
+0000.9203269580195207,+0000.0150906057369528,+0000.0383115847944859,+0000.0200075728679090,+0000.0062632785811318
+0000.9131304569323746,+0000.0164336579118494,+0000.0439633804026995,+0000.0206552061238684,+0000.0058172986292082
+0000.9055162677640096,+0000.0178203950785301,+0000.0499553429178569,+0000.0213490274116855,+0000.0053589668279179
+0000.8974937043948413,+0000.0192484048164536,+0000.0562752904204339,+0000.0220904787816017,+0000.0048921215866697
+0000.8890725563253881,+0000.0207151780206478,+0000.0629104125507043,+0000.0228810511729863,+0000.0044208019302736
+0000.8802630723653033,+0000.0222181137968065,+0000.0698472957806537,+0000.0237222802530529,+0000.0039492378041835
+0000.8710759435773531,+0000.0237545245569927,+0000.0770719498522846,+0000.0246157420877660,+0000.0034818399256040
+0000.8615222855086282,+0000.0253216413058573,+0000.0845698353301014,+0000.0255630486540552,+0000.0030231892013582
+0000.8516136197419796,+0000.0269166191070186,+0000.0923258922138739,+0000.0265658432028670,+0000.0025780257342611
+0000.8413618548027504,+0000.0285365427186770,+0000.1003245695550854,+0000.0276257954828603,+0000.0021512374406273
+0000.8307792664562533,+0000.0301784323874004,+0000.1085498560191307,+0000.0287445968349325,+0000.0017478483022832
+0000.8198784774332296,+0000.0318392497885059,+0000.1169853113330082,+0000.0299239551680157,+0000.0013730062772408
+0000.8086724366208443,+0000.0335159041013156,+0000.1256140985570620,+0000.0311655898269268,+0000.0010319708938512
+0000.7971743977587123,+0000.0352052582071124,+0000.1344190171170125,+0000.0324712263632174,+0000.0007301005539453
+0000.7853978976795898,+0000.0369041349974602,+0000.1433825365316297,+0000.0338425912202871,+0000.0004728395710334
+0000.7733567341351616,+0000.0386093237803754,+0000.1524868307700419,+0000.0352814063442334,+0000.0002657049701881
+0000.7610649432488966,+0000.0403175867714446,+0000.1617138131708854,+0000.0367893837320239,+0000.0001142730767496
+0000.7485367766378397,+0000.0420256656569268,+0000.1710451718550057,+0000.0383682199288247,+0000.0000241659214031
+0000.7357866782457402,+0000.0437302882157704,+0000.1804624055624493,+0000.0400195904864633,+0000.0000010374895773
+0000.7228292609312867,+0000.0454281749871428,+0000.1899468598430919,+0000.0417451443950327,+0000.0000505598434462
+0000.7096792828548369,+0000.0471160459701294,+0000.1994797635301369,+0000.0435464984998208,+0000.0001784091450760
+0000.6963516237070431,+0000.0487906273422175,+0000.2090422654253801,+0000.0454252319158683,+0000.0003902516094914
+0000.6828612608249189,+0000.0504486581828042,+0000.2186154711234436,+0000.0473828804522598,+0000.0006917294165734
+0000.6692232452380419,+0000.0520868971884631,+0000.2281804799040015,+0000.0494209310586592,+0000.0010884466108342
+0000.6554526776906684,+0000.0537021293661780,+0000.2377184216188248,+0000.0515408163062051,+0000.0015859550181241
+0000.6415646846836701,+0000.0552911726911036,+0000.2472104935017996,+0000.0537439089150947,+0000.0021897402083320
+0000.6275743945803390,+0000.0568508847154221,+0000.2566379968300497,+0000.0560315163411072,+0000.0029052075330820
+0000.6134969138208416,+0000.0583781691147756,+0000.2659823733640204,+0000.0584048754331002,+0000.0037376682672622
+0000.5993473032889106,+0000.0598699821590677,+0000.2752252414954178,+0000.0608651471735393,+0000.0046923258830647
+0000.5851405548739743,+0000.0613233390944864,+0000.2843484320325342,+0000.0634134115140141,+0000.0057742624849913
+0000.5708915682724757,+0000.0627353204236707,+0000.2933340235525647,+0000.0660506623173700,+0000.0069884254339195
+0000.5566151280706788,+0000.0641030780712571,+0000.3021643772519950,+0000.0687778024180577,+0000.0083396141880115
+0000.5423258811503532,+0000.0654238414222417,+0000.3108221712273349,+0000.0715956388121759,+0000.0098324673878946
+0000.5280383144600537,+0000.0666949232206545,+0000.3192904341183389,+0000.0745048779880719,+0000.0114714502128816
+0000.5137667331909687,+0000.0679137253166171,+0000.3275525780489768,+0000.0775061214086801,+0000.0132608420347578
+0000.4995252393977118,+0000.0690777442498509,+0000.3355924308014379,+0000.0805998611560990,+0000.0152047243949004
+0000.4853277111035009,+0000.0701845766580998,+0000.3433942671599985,+0000.0837864757485787,+0000.0173069693298220
+0000.4711877819261802,+0000.0712319244994040,+0000.3509428393643844,+0000.0870662261402075,+0000.0195712280698242
+0000.4571188212624759,+0000.0722176000773311,+0000.3582234066128461,+0000.0904392519128499,+0000.0220009201344972
+0000.4431339150667472,+0000.0731395308586692,+0000.3652217635571325,+0000.0939055676694847,+0000.0245992228479665
+0000.4292458472570528,+0000.0739957640736523,+0000.3719242677346682,+0000.0974650596382625,+0000.0273690612963644
+0000.4154670817830599,+0000.0747844710889942,+0000.3783178658837866,+0000.1011174824955036,+0000.0303130987486560
+0000.4018097453870165,+0000.0755039515445628,+0000.3843901190911533,+0000.1048624564159090,+0000.0334337275613584
+0000.3882856110876533,+0000.0761526372450092,+0000.3901292267226859,+0000.1086994643578495,+0000.0367330605868024
+0000.3749060824173033,+0000.0767290957979933,+0000.3955240490909016,+0000.1126278495906341,+0000.0402129231031677
+0000.3616821784381620,+0000.0772320339913222,+0000.4005641288153827,+0000.1166468134709832,+0000.0438748452841499
+0000.3486245195642190,+0000.0776603009017255,+0000.4052397108345808,+0000.1207554134748739,+0000.0477200552246010
+0000.3357433142137154,+0000.0780128907284704,+0000.4095417610300607,+0000.1249525614904150,+0000.0517494725373387
+0000.3230483463135024,+0000.0782889453456743,+0000.4134619834276175,+0000.1292370223774741,+0000.0559637025357320
+0000.3105489636768277,+0000.0784877565676549,+0000.4169928359417525,+0000.1336074127987215,+0000.0603630310150435
+0000.2982540672742842,+0000.0786087681221644,+0000.4201275446330877,+0000.1380622003261984,+0000.0649474196442655
+0000.2861721014141329,+0000.0786515773270580,+0000.4228601164516194,+0000.1425997028275883,+0000.0697165019796017
+0000.2743110448481980,+0000.0786159364664265,+0000.4251853504411639,+0000.1472180881352484,+0000.0746695801089633
+0000.2626784028176485,+0000.0785017538627901,+0000.4270988473835693,+0000.1519153740004544,+0000.0798056219355378
+0000.2512812000492320,+0000.0783090946426901,+0000.4285970178645538,+0000.1566894283355095,+0000.0851232591080146
+0000.2401259747131770,+0000.0780381811934438,+0000.4296770887457678,+0000.1615379697448281,+0000.0906207856027834
+0000.2292187733503685,+0000.0776893933095499,+0000.4303371080310919,+0000.1664585683461921,+0000.0962961569627975
+0000.2185651467747805,+0000.0772632680278165,+0000.4305759481182244,+0000.1714486468827253,+0000.1021469901964531
+0000.2081701469559581,+0000.0767604991508456,+0000.4303933074298119,+0000.1765054821252260,+0000.1081705643381586
+0000.1980383248836416,+0000.0761819364592228,+0000.4297897104215607,+0000.1816262065642551,+0000.1143638216713200
+0000.1881737294145462,+0000.0755285846132851,+0000.4287665059679178,+0000.1868078103909211,+0000.1207233696133299
+0000.1785799071007881,+0000.0748016017459689,+0000.4273258641292748,+0000.1920471437639899,+0000.1272454832599784
+0000.1692599029953846,+0000.0740022977489475,+0000.4254707713074990,+0000.1973409193614930,+0000.1339261085866758
+0000.1602162624299874,+0000.0731321322546789,+0000.4232050238000888,+0000.2026857152135869,+0000.1407608663016580
+0000.1514510337579963,+0000.0721927123178316,+0000.4205332197663210,+0000.2080779778128748,+0000.1477450563449765
+0000.1429657720528775,+0000.0711857897999416,+0000.4174607496215983,+0000.2135140254986839,+0000.1548736630268987
+0000.1347615437515793,+0000.0701132584618543,+0000.4139937848797726,+0000.2189900521101128,+0000.1621413607966810
+0000.1268389322297710,+0000.0689771507690951,+0000.4101392654658799,+0000.2245021309028979,+0000.1695425206323561
+0000.1191980442940587,+0000.0677796344157980,+0000.4059048855247935,+0000.2300462187244945,+0000.1770712170408553
+0000.1118385175750665,+0000.0665230085734818,+0000.4012990777544782,+0000.2356181604408841,+0000.1847212356560897
+0000.1047595288029364,+0000.0652096998714700,+0000.3963309962951796,+0000.2412136936084960,+0000.1924860814219180
+0000.0979598029451349,+0000.0638422581162288,+0000.3910104982086989,+0000.2468284533841227,+0000.2003589873458148
+0000.0914376231852669,+0000.0624233517575637,+0000.3853481235849433,+0000.2524579776648556,+0000.2083329238073706
+0000.0851908417194486,+0000.0609557631100057,+0000.3793550743153852,+0000.2580977124499672,+0000.2164006084051933
+0000.0792168913452498,+0000.0594423833381814,+0000.3730431915756161,+0000.2637430174162084,+0000.2245545163247439
+0000.0735127978171387,+0000.0578862072156390,+0000.3664249320620477,+0000.2693891716971827,+0000.2327868912079919
+0000.0680751929403096,+0000.0562903276667763,+0000.3595133430299233,+0000.2750313798574546,+0000.2410897565055360
+0000.0629003283736987,+0000.0546579301021963,+0000.3523220361822528,+0000.2806647780514380,+0000.2494549272904142
+0000.0579840901115919,+0000.0529922865581261,+0000.3448651604616801,+0000.2862844403566652,+0000.2578740225119368
+0000.0533220136116777,+0000.0512967496508817,+0000.3371573737990382,+0000.2918853852709716,+0000.2663384776674307
+0000.0489092995366060,+0000.0495747463579075,+0000.3292138138749693,+0000.2974625823623116,+0000.2748395578682055
+0000.0447408300745583,+0000.0478297716371153,+0000.3210500679524745,+0000.3030109590599700,+0000.2833683712758821
+0000.0408111858032768,+0000.0460653818966151,+0000.3126821418399758,+0000.3085254075756493,+0000.2919158828844829
+0000.0371146630612656,+0000.0442851883273372,+0000.3041264280467639,+0000.3140007919422286,+0000.3004729286224045
+0000.0336452917885966,+0000.0424928501111993,+0000.2953996731937474,+0000.3194319551581054,+0000.3090302297483513
+0000.0303968537989184,+0000.0406920675177904,+0000.2865189447437708,+0000.3248137264248326,+0000.3175784075146876
+0000.0273629014437120,+0000.0388865749028374,+0000.2775015971177942,+0000.3301409284651037,+0000.3261079980705525
+0000.0245367766287804,+0000.0370801336217869,+0000.2683652372636314,+0000.3354083849084458,+0000.3346094675773555
+0000.0219116301425662,+0000.0352765248722179,+0000.2591276897455449,+0000.3406109277314924,+0000.3430732275081785
+0000.0194804412551104,+0000.0334795424787022,+0000.2498069614234262,+0000.3457434047398268,+0000.3514896501029344
+0000.0172360375462356,+0000.0316929856341458,+0000.2404212057917487,+0000.3508006870779127,+0000.3598490839499570
+0000.0151711149209272,+0000.0299206516115471,+0000.2309886870485709,+0000.3557776767538520,+0000.3681418696651025
+0000.0132782577696022,+0000.0281663284601885,+0000.2215277439653573,+0000.3606693141656303,+0000.3763583556392214
+0000.0115499592308713,+0000.0264337877005155,+0000.2120567536293388,+0000.3654705856151970,+0000.3844889138240773
+0000.0099786415140889,+0000.0247267770317393,+0000.2025940951298523,+0000.3701765307969311,+0000.3925239555273884
+0000.0085566762389557,+0000.0230490130663260,+0000.1931581132600340,+0000.3747822502471970,+0000.4004539471874871
+0000.0072764047495787,+0000.0214041741055288,+0000.1837670823059825,+0000.3792829127412747,+0000.4082694260976352
+0000.0061301583603496,+0000.0197958929699423,+0000.1744391699944572,+0000.3836737626244608,+0000.4159610160507898
+0000.0051102784912960,+0000.0182277498990781,+0000.1651924016702990,+0000.3879501270640224,+0000.4235194428753042
+0000.0042091366508181,+0000.0167032655338103,+0000.1560446247743327,+0000.3921074232087484,+0000.4309355498322905
+0000.0034191542240460,+0000.0152258939953211,+0000.1470134736914136,+0000.3961411652432051,+0000.4382003128460140
+0000.0027328220255832,+0000.0137990160741871,+0000.1381163350382902,+0000.4000469713236801,+0000.4453048555382594
+0000.0021427195758534,+0000.0124259325428530,+0000.1293703134594982,+0000.4038205703831315,+0000.4522404640386639
+0000.0016415340609001,+0000.0111098576046198,+0000.1207921979983852,+0000.4074578087928524,+0000.4589986015432423
+0000.0012220789362169,+0000.0098539124920539,+0000.1123984291099090,+0000.4109546568683840,+0000.4655709225934361
+0000.0008773121359080,+0000.0086611192273644,+0000.1042050663799253,+0000.4143072152077704,+0000.4719492870490314
+0000.0006003538493376,+0000.0075343945570514,+0000.0962277570142405,+0000.4175117208506484,+0000.4781257737287221
+0000.0003845038283751,+0000.0064765440728087,+0000.0884817051598528,+0000.4205645532464822,+0000.4840926936924809
+0000.0002232581893058,+0000.0054902565303102,+0000.0809816421184638,+0000.4234622400210812,+0000.4898426031408387
+0000.0001103256745539,+0000.0045780983770906,+0000.0737417975105100,+0000.4262014625307840,+0000.4953683159070614
+0000.0000396433405212,+0000.0037425085004723,+0000.0667758714471401,+0000.4287790611936183,+0000.5006629155182480
+0000.0000053916390139,+0000.0029857932059031,+0000.0600970077639103,+0000.4311920405879203,+0000.5057197668032520
+0000.0000020088610293,+0000.0023101214357704,+0000.0537177683691463,+0000.4334375743086726,+0000.5105325270253813
+0000.0000242049129899,+0000.0017175202382813,+0000.0476501087576017,+0000.4355130095722975,+0000.5150951565188295
+0000.0000669743969048,+0000.0012098704954477,+0000.0419053547366545,+0000.4374158715616696,+0000.5194019288093233
+0000.0001256089673899,+0000.0007889029188318,+0000.0364941804113550,+0000.4391438675027287,+0000.5234474401996942
+0000.0001957089399743,+0000.0004561943211356,+0000.0314265874711087,+0000.4406948904652192,+0000.5272266188025619
+0000.0002731941266788,+0000.0002131641712020,+0000.0267118858184389,+0000.4420670228803300,+0000.5307347330033501
+0000.0003543138764465,+0000.0000610714394838,+0000.0223586755779571,+0000.4432585397683789,+0000.5339673993377335
+0000.0004356562996529,+0000.0000010117404591,+0000.0183748305205116,+0000.4442679116705283,+0000.5369205897688477
+0000.0005141566576140,+0000.0000339147779096,+0000.0147674829347159,+0000.4450938072787871,+0000.5395906383509731
+0000.0005871048997216,+0000.0001605420984177,+0000.0115430099757089,+0000.4457350957591535,+0000.5419742472669982
+0000.0006521523326122,+0000.0003814851578266,+0000.0087070215172276,+0000.4461908487634822,+0000.5440684922288511
+0000.0007073174075520,+0000.0006971637048379,+0000.0062643495307996,+0000.4464603421259387,+0000.5458708272308718
+0000.0007509906140386,+0000.0011078244852755,+0000.0042190390126674,+0000.4465430572407300,+0000.5473790886472883
+0000.0007819384694743,+0000.0016135402699781,+0000.0025743404756678,+0000.4464386821182296,+0000.5485914986666499
+0000.0007993065966107,+0000.0022142092086401,+0000.0013327040206146,+0000.4461471121172381,+0000.5495066680568962
+0000.0008026218823532,+0000.0029095545112573,+0000.0004957749984678,+0000.4456684503517893,+0000.5501235982561322
+0000.0007917937134045,+0000.0036991244582985,+0000.0000643912712500,+0000.4450030077713264,+0000.5504416827857204
+0000.0007671142861204,+0000.0045822927400164,+0000.0000385820767732,+0000.4441513029138746,+0000.5504607079832151
+0000.0007292579898635,+0000.0055582591246593,+0000.0004175684989251,+0000.4431140613323099,+0000.5501808530542421
+0000.0006792798650429,+0000.0066260504548445,+0000.0011997655420860,+0000.4418922146943757,+0000.5496026894436506
+0000.0006186131389354,+0000.0077845219705440,+0000.0023827858051428,+0000.4404868995579259,+0000.5487271795274515
+0000.0005490658442801,+0000.0090323589566367,+0000.0039634447473262,+0000.4388994558231358,+0000.5475556746286210
+0000.0004728165275276,+0000.0103680787123471,+0000.0059377675350826,+0000.4371314248642799,+0000.5460899123607625
+0000.0003924090555037,+0000.0117900328391268,+0000.0083009974558270,+0000.4351845473442142,+0000.5443320133053281
+0000.0003107465310982,+0000.0132964098431671,+0000.0110476058816353,+0000.4330607607150763,+0000.5422844770290230
+0000.0002310843304309,+0000.0148852380479149,+0000.0141713037626984,+0000.4307621964096174,+0000.5399501774493383
+0000.0001570222757637,+0000.0165543888113921,+0000.0176650546271738,+0000.4282911767279206,+0000.5373323575577494
+0000.0000924959601976,+0000.0183015800426959,+0000.0215210890615431,+0000.4256502114247925,+0000.5344346235107704
+0000.0000417672419584,+0000.0201243800112870,+0000.0257309206423196,+0000.4228419940038786,+0000.5312609381005564
+0000.0000094139277892,+0000.0220202114421230,+0000.0302853632869134,+0000.4198693977249054,+0000.5278156136182688
+0000.0000003186666376,+0000.0239863558893517,+0000.0351745499893699,+0000.4167354713309518,+0000.5241033041236888
+0000.0000196570764715,+0000.0260199583804286,+0000.0403879529031025,+0000.4134434345033813,+0000.5201289971366161
+0000.0000728851286408,+0000.0281180323222364,+0000.0459144047306215,+0000.4099966730522909,+0000.5158980047662103
+0000.0001657258157489,+0000.0302774646602000,+0000.0517421213776950,+0000.4063987338510345,+0000.5114159542953214
+0000.0003041551304842,+0000.0324950212808525,+0000.0578587258264648,+0000.4026533195236834,+0000.5066887782385150
+0000.0004943873842983,+0000.0347673526478809,+0000.0642512731800263,+0000.3987642828949118,+0000.5017227038928824
+0000.0007428598962025,+0000.0370909996612863,+0000.0709062768287024,+0000.3947356212119856,+0000.4965242424018229
+0000.0010562170832600,+0000.0394623997287147,+0000.0778097356855784,+0000.3905714701491686,+0000.4911001773532785
+0000.0014412939856128,+0000.0418778930376818,+0000.0849471624371857,+0000.3862760976052650,+0000.4854575529342545
+0000.0019050992600906,+0000.0443337290171616,+0000.0923036127533723,+0000.3818538973049774,+0000.4796036616643980
+0000.0024547976775152,+0000.0468260729762494,+0000.0998637153974955,+0000.3773093822158723,+0000.4735460317328674
+0000.0030976921599543,+0000.0493510129077868,+0000.1076117031779672,+0000.3726471777922439,+0000.4672924139620476
+0000.0038412053950683,+0000.0519045664440513,+0000.1155314446788119,+0000.3678720150580758,+0000.4608507684239923
+0000.0046928610656539,+0000.0544826879515583,+0000.1236064767064522,+0000.3629887235413875,+0000.4542292507349478
+0000.0056602647333255,+0000.0570812757517617,+0000.1318200373883785,+0000.3580022240723534,+0000.4474361980541811
+0000.0067510844159767,+0000.0596961794540333,+0000.1401550998575294,+0000.3529175214581127,+0000.4404801148143478
+0000.0079730308993794,+0000.0623232073871822,+0000.1485944064556442,+0000.3477396970473321,+0000.4333696582104621
+0000.0093338378238947,+0000.0649581341156822,+0000.1571205033877917,+0000.3424739011974059,+0000.4261136234752254
+0000.0108412415876990,+0000.0675967080263375,+0000.1657157757588630,+0000.3371253456580121,+0000.4187209289690886
+0000.0125029611084267,+0000.0702346589712031,+0000.1743624829226114,+0000.3316992958843608,+0000.4112006011133981
+0000.0143266774855001,+0000.0728677059524669,+0000.1830427940732242,+0000.3262010632935801,+0000.4035617591952286
+0000.0163200136055625,+0000.0754915648346711,+0000.1917388240083479,+0000.3206359974783121,+0000.3958136000731065
+0000.0184905137337470,+0000.0781019560699104,+0000.2004326689928772,+0000.3150094783909308,+0000.3879653828125346
+0000.0208456231334813,+0000.0806946124213619,+0000.2091064426520454,+0000.3093269085124050,+0000.3800264132807063
+0000.0233926677576816,+0000.0832652866706773,+0000.2177423118229333,+0000.3035937050194854,+0000.3720060287292223
+0000.0261388340539161,+0000.0858097592946447,+0000.2263225322927353,+0000.2978152919640865,+0000.3639135823946174
+0000.0290911489261424,+0000.0883238460966806,+0000.2348294843532497,+0000.2919970924786386,+0000.3557584281452885
+0000.0322564598952211,+0000.0908034057787468,+0000.2432457081007152,+0000.2861445210210697,+0000.3475499052042470
+0000.0356414155002599,+0000.0932443474394825,+0000.2515539384113020,+0000.2802629756728764,+0000.3392973229760793
+0000.0392524459821667,+0000.0956426379842728,+0000.2597371395224353,+0000.2743578305040869,+0000.3310099460070382
+0000.0430957442904947,+0000.0979943094333744,+0000.2677785391514962,+0000.2684344280181741,+0000.3226969791064606
+0000.0471772474541040,+0000.1002954661143126,+0000.2756616620844051,+0000.2624980716901024,+0000.3143675526570758
+0000.0515026183552421,+0000.1025422917248843,+0000.2833703631670174,+0000.2565540186106869,+0000.3060307081421690
+0000.0560772279462205,+0000.1047310562535412,+0000.2908888596341951,+0000.2506074722497432,+0000.2976953839162998
+0000.0609061379467674,+0000.1068581227439819,+0000.2982017627121801,+0000.2446635753508458,+0000.2893704012462246
+0000.0659940840595544,+0000.1089199538913149,+0000.3052941084318441,+0000.2387274029695662,+0000.2810644506477205
+0000.0713454597400128,+0000.1109131184572185,+0000.3121513875913088,+0000.2328039556674750,+0000.2727860785439848
+0000.0769643005558122,+0000.1128342974920213,+0000.3187595748086824,+0000.2268981528734998,+0000.2645436742699843
+0000.0828542691703217,+0000.1146802903520481,+0000.3251051566073668,+0000.2210148264236520,+0000.2563454574466111
+0000.0890186409827767,+0000.1164480205007321,+0000.3311751584779278,+0000.2151587142905342,+0000.2481994657480291
+0000.0954602904570029,+0000.1181345410826444,+0000.3369571708629525,+0000.2093344545129141,+0000.2401135430844861
+0000.1021816781692611,+0000.1197370402599407,+0000.3424393740134710,+0000.2035465793354994,+0000.2320953282218278
+0000.1091848386039610,+0000.1212528463010709,+0000.3476105616673272,+0000.1977995095689941,+0000.2241522438586467
+0000.1164713687249571,+0000.1226794324122398,+0000.3524601635026176,+0000.1920975491795247,+0000.2162914861806609
+0000.1240424173488282,+0000.1240144213025293,+0000.3569782663218368,+0000.1864448801162450,+0000.2085200149105608
+0000.1318986753439624,+0000.1252555894739705,+0000.3611556339241486,+0000.1808455573860281,+0000.2008445438718904
+0000.1400403666793383,+0000.1264008712286680,+0000.3649837256269434,+0000.1753035043824791,+0000.1932715320825713
+0000.1484672403435587,+0000.1274483623852844,+0000.3684547133994156,+0000.1698225084773709,+0000.1858071753943705
+0000.1571785631540656,+0000.1283963236979949,+0000.3715614975743150,+0000.1644062168810916,+0000.1784573986925330
+0000.1661731134746158,+0000.1292431839714980,+0000.3742977211067103,+0000.1590581327784842,+0000.1712278486686917
+0000.1754491758567631,+0000.1299875428661919,+0000.3766577823512684,+0000.1537816117462465,+0000.1641238871795302
+0000.1850045366198733,+0000.1306281733883355,+0000.3786368463327115,+0000.1485798584569654,+0000.1571505852021143
+0000.1948364803823894,+0000.1311640240605198,+0000.3802308544870945,+0000.1434559236746382,+0000.1503127173953584
+0000.2049417875545873,+0000.1315942207684211,+0000.3814365328543651,+0000.1384127015459748,+0000.1436147572766519
+0000.2153167328017901,+0000.1319180682804239,+0000.3822513987059654,+0000.1334529271910820,+0000.1370608730207389
+0000.2259570844851519,+0000.1321350514373136,+0000.3826737655942560,+0000.1285791745965522,+0000.1306549238867262
+0000.2368581050845363,+0000.1322448360098878,+0000.3827027468135774,+0000.1237938548135263,+0000.1244004572784723
+0000.2480145526066880,+0000.1322472692229326,+0000.3823382572660640,+0000.1190992144627032,+0000.1183007064416124
+0000.2594206829802949,+0000.1321423799446913,+0000.3815810137283613,+0000.1144973345473075,+0000.1123585887993451
+0000.2710702534360006,+0000.1319303785415594,+0000.3804325335186399,+0000.1099901295752292,+0000.1065767049285711
+0000.2829565268698022,+0000.1316116563983732,+0000.3788951315664298,+0000.1055793469900445,+0000.1009573381753505
+0000.2950722771846450,+0000.1311867851053181,+0000.3769719158909264,+0000.1012665669105909,+0000.0955024549085198
+0000.3074097956029733,+0000.1306565153131268,+0000.3746667814967463,+0000.0970532021782923,+0000.0902137054088615
+0000.3199608979430082,+0000.1300217752587995,+0000.3719844026989338,+0000.0929404987102140,+0000.0850924253890445
+0000.3327169328471474,+0000.1292836689648111,+0000.3689302238924643,+0000.0889295361559213,+0000.0801396381396560
+0000.3456687909505862,+0000.1284434741153083,+0000.3655104487843934,+0000.0850212288553405,+0000.0753560572943718
+0000.3588069149765116,+0000.1275026396134174,+0000.3617320281097156,+0000.0812163270940194,+0000.0707420902063363
+0000.3721213107405366,+0000.1264627828244964,+0000.3576026458555032,+0000.0775154186522820,+0000.0662978419271819
+0000.3856015590482297,+0000.1253256865105599,+0000.3531307040200689,+0000.0739189306433865,+0000.0620231197777549
+0000.3992368284646274,+0000.1240932954619347,+0000.3483253059376603,+0000.0704271316359789,+0000.0579174384997989
+0000.4130158889356552,+0000.1227677128325440,+0000.3431962382012426,+0000.0670401340550894,+0000.0539800259754692
+0000.4269271262373155,+0000.1213511961860005,+0000.3377539512194558,+0000.0637578968557754,+0000.0502098295014530
+0000.4409585572292948,+0000.1198461532600014,+0000.3320095384456877,+0000.0605802284625620,+0000.0466055226024541
+0000.4550978458850627,+0000.1182551374573407,+0000.3259747143209432,+0000.0575067899679987,+0000.0431655123686548
+0000.4693323200725136,+0000.1165808430720251,+0000.3196617909733828,+0000.0545370985822865,+0000.0398879472997922
+0000.4836489890541399,+0000.1148261002598401,+0000.3130836537212765,+0000.0516705313263810,+0000.0367707256383626
+0000.4980345616773234,+0000.1129938697628759,+0000.3062537354272531,+0000.0489063289597422,+0000.0338115041728055
+0000.5124754652216371,+0000.1110872373982384,+0000.2991859897549715,+0000.0462436001340805,+0000.0310077074910726
+0000.5269578648700778,+0000.1091094083214710,+0000.2918948633809670,+0000.0436813257635953,+0000.0283565376638891
+0000.5414676837697617,+0000.1070637010756341,+0000.2843952672164869,+0000.0412183636020324,+0000.0258549843360854
+0000.5559906236458193,+0000.1049535414374755,+0000.2767025466964267,+0000.0388534530164389,+0000.0234998352038397
+0000.5705121859307288,+0000.1027824560725720,+0000.2688324511945613,+0000.0365852199472775,+0000.0212876868548605
+0000.5850176933733315,+0000.1005540660112301,+0000.2608011026243258,+0000.0344121820437831,+0000.0192149559473298
+0000.5994923120854474,+0000.0982720799580398,+0000.2526249632889142,+0000.0323327539638416,+0000.0172778907037573
+0000.6139210739879677,+0000.0959402874475909,+0000.2443208030433573,+0000.0303452528267273,+0000.0154725826943571
+0000.6282888996153773,+0000.0935625518594399,+0000.2359056658336810,+0000.0284479038070925,+0000.0137949788844094
+0000.6425806212370191,+0000.0911428033056541,+0000.2273968356794929,+0000.0266388458582464,+0000.0122408939195876
+0000.6567810062520959,+0000.0886850314046248,+0000.2188118021678003,+0000.0249161375527382,+0000.0108060226227410
+0000.6708747808169364,+0000.0861932779546827,+0000.2101682255256360,+0000.0232777630276804,+0000.0094859526750650
+0000.6848466536604429,+0000.0836716295215771,+0000.2014839013411042,+0000.0217216380224192,+0000.0082761774544566
+0000.6986813400438172,+0000.0811242099539521,+0000.1927767250028385,+0000.0202456159959180,+0000.0071721090034747
+0000.7123635858203063,+0000.0785551728410668,+0000.1840646559284842,+0000.0188474943110199,+0000.0061690910991230
+0000.7258781915523478,+0000.0759686939267830,+0000.1753656816519662,+0000.0175250204726114,+0000.0052624123962917
+0000.7392100366390156,+0000.0733689634946691,+0000.1666977818423982,+0000.0162758984069203,+0000.0044473196169969
+0000.7523441034104826,+0000.0707601787384412,+0000.1580788923251554,+0000.0150977947688272,+0000.0037190307570938
+0000.7652655011460788,+0000.0681465361319671,+0000.1495268691756465,+0000.0139883452640967,+0000.0030727482822112
+0000.7779594899690431,+0000.0655322238137306,+0000.1410594529586154,+0000.0129451609736665,+0000.0025036722849447
+0000.7904115045749094,+0000.0629214139999353,+0000.1326942331830859,+0000.0119658346669079,+0000.0020070135751618
+0000.8026071777505793,+0000.0603182554403581,+0000.1244486130426957,+0000.0110479470908627,+0000.0015780066755043
+0000.8145323636380967,+0000.0577268659316425,+0000.1163397745129785,+0000.0101890732227246,+0000.0012119226945582
+0000.8261731607010312,+0000.0551513249019423,+0000.1083846438740434,+0000.0093867884727661,+0000.0009040820502172
+0000.8375159343518026,+0000.0525956660806329,+0000.1005998577263908,+0000.0086386748249954,+0000.0006498670161786
+0000.8485473391955901,+0000.0500638702673573,+0000.0930017295688564,+0000.0079423269032316,+0000.0004447340649646
+0000.8592543408505243,+0000.0475598582137720,+0000.0856062170042746,+0000.0072953579502469,+0000.0002842259811823
+0000.8696242373044238,+0000.0450874836311070,+0000.0784288896373740,+0000.0066954057078211,+0000.0001639837192744
+0000.8796446797661169,+0000.0426505263371425,+0000.0714848977301429,+0000.0061401381860067,+0000.0000797579805914
+0000.8893036929738795,+0000.0402526855550867,+0000.0647889416759990,+0000.0056272593098929,+0000.0000274204851418
+0000.8985896949228177,+0000.0378975733769285,+0000.0583552423536207,+0000.0051545144325733,+0000.0000029749140599
+0000.9074915159741782,+0000.0355887084034954,+0000.0521975124195153,+0000.0047196957033009,+0000.0000025674995105
+0000.9159984173104442,+0000.0333295095731531,+0000.0463289285967940,+0000.0043206472801198,+0000.0000224972394890
+0000.9241001087025232,+0000.0311232901904139,+0000.0407621050147389,+0000.0039552703765728,+0000.0000592257157515
+0000.9317867655552887,+0000.0289732521656449,+0000.0355090676526163,+0000.0036215281325036,+0000.0001093864939471
+0000.9390490451992881,+0000.0268824804765961,+0000.0305812299389318,+0000.0033174502993031,+0000.0001697940858813
+0000.9458781023988001,+0000.0248539378617992,+0000.0259893695542773,+0000.0030411377303634,+0000.0002374524547600
+0000.9522656040468156,+0000.0228904597556729,+0000.0217436064843946,+0000.0027907666679091,+0000.0003095630452081
+0000.9582037430191396,+0000.0209947494747116,+0000.0178533823674849,+0000.0025645928178315,+0000.0003835323208325
+0000.9636852511622721,+0000.0191693736633753,+0000.0143274411766418,+0000.0023609552045701,+0000.0004569787931409
+0000.9687034113904001,+0000.0174167580080326,+0000.0111738112763550,+0000.0021782797985545,+0000.0005277395266582
+0000.9732520688686052,+0000.0157391832268113,+0000.0083997888891721,+0000.0020150829092330,+0000.0005938761061784
+0000.9773256412618686,+0000.0141387813423843,+0000.0060119230053991,+0000.0018699743371458,+0000.0006536800532025
+0000.9809191280303547,+0000.0126175322444471,+0000.0040160017664009,+0000.0017416602790516,+0000.0007056776797457
+0000.9840281187534379,+0000.0111772605480501,+0000.0024170403490209,+0000.0016289459806267,+0000.0007486343688645
+0000.9866488004672727,+0000.0098196327531420,+0000.0012192703753970,+0000.0015307381317491,+0000.0007815582724396
+0000.9887779640019380,+0000.0085461547103396,+0000.0004261308698200,+0000.0014460469999515,+0000.0008037034179514
+0000.9904130093062390,+0000.0073581693973113,+0000.0000402607810811,+0000.0013739882981612,+0000.0008145722172080
+0000.9915519497504882,+0000.0062568550093605,+0000.0000634930855552,+0000.0013137847833736,+0000.0008139173712226
+0000.9921934153990427,+0000.0052432233674189,+0000.0004968504833528,+0000.0012647675834996,+0000.0008017431666860
+0000.9923366552465790,+0000.0043181186459337,+0000.0013405426966052,+0000.0012263772501536,+0000.0007783061607288
+0000.9919815384140014,+0000.0034822164225160,+0000.0025939653757885,+0000.0011981645357441,+0000.0007441152519500
+0000.9911285543018282,+0000.0027360230505722,+0000.0042557006168870,+0000.0011797908937726,+0000.0006999311369403
+0000.9897788117007886,+0000.0020798753555687,+0000.0063235190889989,+0000.0011710287018346,+0000.0006467651528094
+0000.9879340368614861,+0000.0015139406549609,+0000.0087943837686708,+0000.0011717612073812,+0000.0005858775075011
+0000.9855965705267735,+0000.0010382171010816,+0000.0116644552743425,+0000.0011819821968655,+0000.0005187749009369
+0000.9827693639324985,+0000.0006525343457839,+0000.0149290987909454,+0000.0012017953894723,+0000.0004472075413002
+0000.9794559737843862,+0000.0003565545249751,+0000.0185828925714121,+0000.0012314135571959,+0000.0003731655620308
+0000.9756605562204065,+0000.0001497735605026,+0000.0226196379991748,+0000.0012711573735856,+0000.0002988748463308
+0000.9713878597701121,+0000.0000315227763197,+0000.0270323711923010,+0000.0013214539940419,+0000.0002267922672254
+0000.9666432173245165,+0000.0000009708252233,+0000.0318133761267270,+0000.0013828353710942,+0000.0001596003524393
+0000.9614325371313683,+0000.0000571259218333,+0000.0369541992536360,+0000.0014559363086304,+0000.0001002013845324
+0000.9557622928329432,+0000.0001988383769403,+0000.0424456655825857,+0000.0015414922595967,+0000.0000517109479345
+0000.9496395125655086,+0000.0004248034277331,+0000.0482778961989133,+0000.0016403368721834,+0000.0000174509356617
+0000.9430717671405170,+0000.0007335643578703,+0000.0544403271819164,+0000.0017533992900664,+0000.0000009420296301
+0000.9360671573300506,+0000.0011235159008060,+0000.0609217298868135,+0000.0018817012127450,+0000.0000058956695853
+0000.9286343002808484,+0000.0015929079192113,+0000.0677102325506874,+0000.0020263537225119,+0000.0000362055267413
+0000.9207823150818916,+0000.0021398493528494,+0000.0747933431809024,+0000.0021885538850972,+0000.0000959384992596
+0000.9125208075130186,+0000.0027623124267282,+0000.0821579736810865,+0000.0023695811314546,+0000.0001893252477126
+0000.9038598540036881,+0000.0034581371108266,+0000.0897904651672297,+0000.0025707934286147,+0000.0003207502896411
+0000.8948099848313349,+0000.0042250358222869,+0000.0976766144251277,+0000.0027936232479942,+0000.0004947416732564
+0000.8853821665912537,+0000.0050605983604583,+0000.1058017014571339,+0000.0030395733399206,+0000.0007159602512338
+0000.8755877839714726,+0000.0059622970646959,+0000.1141505180639140,+0000.0033102123235368,+0000.0009891885763811
+0000.8654386208656352,+0000.0069274921845357,+0000.1227073974063368,+0000.0036071701016819,+0000.0013193194418107
+0000.8549468408608384,+0000.0079534374512785,+0000.1314562444883206,+0000.0039321331106001,+0000.0017113440889627
+0000.8441249671357621,+0000.0090372858398150,+0000.1403805675020443,+0000.0042868394147869,+0000.0021703401075918
+0000.8329858618072817,+0000.0101760955090865,+0000.1494635099736362,+0000.0046730736575092,+0000.0027014590524866
+0000.8215427047647592,+0000.0113668359091669,+0000.1586878836459386,+0000.0050926618778636,+0000.0033099138022721
+0000.8098089720306656,+0000.0126063940428452,+0000.1680362020346514,+0000.0055474662055353,+0000.0040009656863028
+0000.7977984136884696,+0000.0138915808691342,+0000.1774907145916396,+0000.0060393794446426,+0000.0047799114061143
+0000.7855250314196157,+0000.0152191378358542,+0000.1870334414079213,+0000.0065703195582705,+0000.0056520697783385
+0000.7730030556904809,+0000.0165857435284019,+0000.1966462083890476,+0000.0071422240655548,+0000.0066227683265150
+0000.7602469226323718,+0000.0179880204214238,+0000.2063106828333863,+0000.0077570443633172,+0000.0076973297495013
+0000.7472712506582720,+0000.0194225417199096,+0000.2160084093429742,+0000.0084167399843937,+0000.0088810582944511
+0000.7340908168587357,+0000.0208858382762878,+0000.2257208459972355,+0000.0091232728050033,+0000.0101792260627379
+0000.7207205332213872,+0000.0223744055697663,+0000.2354294007180330,+0000.0098786012135532,+0000.0115970592772604
+0000.7071754227189104,+0000.0238847107340358,+0000.2451154677540622,+0000.0106846742533376,+0000.0131397245396541
+0000.6934705953082212,+0000.0254131996196860,+0000.2547604642140374,+0000.0115434257517686,+0000.0148123151062867
+0000.6796212238873469,+0000.0269563038771587,+0000.2643458665753532,+0000.0124567684486277,+0000.0166198372115135
+0000.6656425202528211,+0000.0285104480465370,+0000.2738532470975552,+0000.0134265881360112,+0000.0185671964670758
+0000.6515497111026899,+0000.0300720566401160,+0000.2832643100685138,+0000.0144547378225433,+0000.0206591843661374
+0000.6373580141301098,+0000.0316375612038493,+0000.2925609278114127,+0000.0155430319343133,+0000.0229004649203154
+0000.6230826142502823,+0000.0332034073439528,+0000.3017251763825560,+0000.0166932405651125,+0000.0252955614580968
+0000.6087386400050914,+0000.0347660617048375,+0000.3107393708892280,+0000.0179070837883201,+0000.0278488436125233
+0000.5943411401895268,+0000.0363220188847227,+0000.3195861003574719,+0000.0191862260426039,+0000.0305645145256749
+0000.5799050607408828,+0000.0378678082756040,+0000.3282482620822637,+0000.0205322706037294,+0000.0334465982975203
+0000.5654452219351916,+0000.0394000008140316,+0000.3367090953909476,+0000.0219467541542412,+0000.0364989277055880
+0000.5509762959306755,+0000.0409152156298033,+0000.3449522147544385,+0000.0234311414629254,+0000.0397251322221576
+0000.5365127846998045,+0000.0424101265795860,+0000.3529616421803885,+0000.0249868201855501,+0000.0431286263546710
+0000.5220689983906984,+0000.0438814686527283,+0000.3607218388240239,+0000.0266150957981297,+0000.0467125983344201
+0000.5076590341557017,+0000.0453260442370798,+0000.3682177357549175,+0000.0283171866738744,+0000.0504799991784267
+0000.4932967554859887,+0000.0467407292325796,+0000.3754347638186014,+0000.0300942193145766,+0000.0544335321482537
+0000.4789957720900446,+0000.0481224790008935,+0000.3823588825335276,+0000.0319472237467588,+0000.0585756426287757
+0000.4647694203507106,+0000.0494683341396949,+0000.3889766079670734,+0000.0338771290929408,+0000.0629085084495804
+0000.4506307443963560,+0000.0507754260705456,+0000.3952750395349374,+0000.0358847593277106,+0000.0674340306704505
+0000.4365924778204385,+0000.0520409824296269,+0000.4012418856706161,+0000.0379708292279419,+0000.0721538248513767
+0000.4226670260804399,+0000.0532623322511218,+0000.4068654883147871,+0000.0401359405264121,+0000.0770692128272392
+0000.4088664496077925,+0000.0544369109334089,+0000.4121348461756142,+0000.0423805782773544,+0000.0821812150058301
+0000.3952024476589265,+0000.0555622649786013,+0000.4170396367136269,+0000.0447051074420719,+0000.0874905432067735
+0000.3816863429341587,+0000.0566360564965504,+0000.4215702368081037,+0000.0471097697026318,+0000.0929975940585552
+0000.3683290669915634,+0000.0576560674648690,+0000.4257177420634941,+0000.0495946805108570,+0000.0987024429692166
+0000.3551411464813108,+0000.0586202037369535,+0000.4294739847173065,+0000.0521598263793784,+0000.1046048386850511
+0000.3421326902224591,+0000.0595264987905914,+0000.4328315501142840,+0000.0548050624213934,+0000.1107041984512721
+0000.3293133771444152,+0000.0603731172102767,+0000.4357837917136070,+0000.0575301101448854,+0000.1169996037868159
+0000.3166924451134648,+0000.0611583578967135,+0000.4383248445991291,+0000.0603345555066143,+0000.1234897968840782
+0000.3042786806612598,+0000.0618806569978477,+0000.4404496374657794,+0000.0632178472309655,+0000.1301731776441477
+0000.2920804096322149,+0000.0625385905559999,+0000.4421539030579459,+0000.0661792953979273,+0000.1370478013559120
+0000.2801054887643982,+0000.0631308768664909,+0000.4434341870386819,+0000.0692180703039437,+0000.1441113770264856
+0000.2683612982166725,+0000.0636563785436077,+0000.4442878552718198,+0000.0723332015988755,+0000.1513612663690247
+0000.2568547350513012,+0000.0641141042903659,+0000.4447130995023408,+0000.0755235777022355,+0000.1587944834537566
+0000.2455922076831488,+0000.0645032103691483,+0000.4447089414228619,+0000.0787879455002355,+0000.1664076950246056
+0000.2345796313012397,+0000.0648230017708848,+0000.4442752351179718,+0000.0821249103255550,+0000.1741972214843489
+0000.2238224242667026,+0000.0650729330809910,+0000.4434126678810072,+0000.0855329362212322,+0000.1821590385500670
+0000.2133255054923258,+0000.0652526090409972,+0000.4421227594009372,+0000.0890103464884835,+0000.1902887795772563
+0000.2030932928034036,+0000.0653617848053202,+0000.4404078593204977,+0000.0925553245188214,+0000.1985817385519573
+0000.1931297022793005,+0000.0654003658932425,+0000.4382711431697340,+0000.0961659149097867,+0000.2070328737479365
+0000.1834381485731567,+0000.0653684078368051,+0000.4357166066823074,+0000.0998400248630456,+0000.2156368120446853
+0000.1740215462055993,+0000.0652661155259518,+0000.4327490585052367,+0000.1035754258628706,+0000.2243878539003417
+0000.1648823118249961,+0000.0650938422527887,+0000.4293741113156541,+0000.1073697556330243,+0000.2332799789735369
+0000.1560223674263176,+0000.0648520884574212,+0000.4255981713615018,+0000.1112205203690055,+0000.2423068523857539
+0000.1474431445186902,+0000.0645415001785709,+0000.4214284264462168,+0000.1151250972419995,+0000.2514618316145226
+0000.1391455892286362,+0000.0641628672125646,+0000.4168728323801723,+0000.1190807371709259,+0000.2607379740077009
+0000.1311301683254630,+0000.0637171209849314,+0000.4119400979250250,+0000.1230845678579053,+0000.2701280449066755
+0000.1233968761533714,+0000.0632053321395500,+0000.4066396682600954,+0000.1271335970818704,+0000.2796245263651128
+0000.1159452424519593,+0000.0626287078506287,+0000.4009817070023259,+0000.1312247162451509,+0000.2892196264499350
+0000.1087743410462566,+0000.0619885888634312,+0000.3949770768147309,+0000.1353547041667929,+0000.2989052891087884
+0000.1018827993856346,+0000.0612864462703746,+0000.3886373186410140,+0000.1395202311158040,+0000.3086732045871728
+0000.0952688089082828,+0000.0605238780292721,+0000.3819746296062114,+0000.1437178630777166,+0000.3185148203785172
+0000.0889301362074488,+0000.0597026052313951,+0000.3750018396262786,+0000.1479440662466849,+0000.3284213526881925
+0000.0828641349737251,+0000.0588244681272287,+0000.3677323867722198,+0000.1521952117351479,+0000.3383837983916785
+0000.0770677586861792,+0000.0578914219185175,+0000.3601802914366079,+0000.1564675804925361,+0000.3483929474661593
+0000.0715375740228736,+0000.0569055323253214,+0000.3523601293518068,+0000.1607573684247703,+0000.3584393958752278
+0000.0662697749618453,+0000.0558689709376389,+0000.3442870035136767,+0000.1650606917044974,+0000.3685135588823417
+0000.0612601975405150,+0000.0547840103613564,+0000.3359765150647034,+0000.1693735922628120,+0000.3786056847706131
+0000.0565043352404320,+0000.0536530191685366,+0000.3274447331924686,+0000.1736920434528973,+0000.3887058689456653
+0000.0519973549644683,+0000.0524784566628276,+0000.3187081641035118,+0000.1780119558744391,+0000.3988040683947531
+0000.0477341135709336,+0000.0512628674708781,+0000.3097837191322574,+0000.1823291833485264,+0000.4088901164774042
+0000.0437091749282162,+0000.0500088759708361,+0000.3006886820463445,+0000.1866395290324836,+0000.4189537380221195
+0000.0399168274537635,+0000.0487191805697478,+0000.2914406756136538,+0000.1909387516625668,+0000.4289845647002683
+0000.0363511020990077,+0000.0473965478416917,+0000.2820576274953657,+0000.1952225719133747,+0000.4389721506505600
+0000.0330057907411884,+0000.0460438065385102,+0000.2725577355308124,+0000.1994866788626505,+0000.4489059883268384
+0000.0298744649432665,+0000.0446638414859330,+0000.2629594324833450,+0000.2037267365486347,+0000.4587755245388208
+0000.0269504950413503,+0000.0432595873774303,+0000.2532813503153226,+0000.2079383906082362,+0000.4685701766576603
+0000.0242270695186284,+0000.0418340224785163,+0000.2435422840609494,+0000.2121172749840349,+0000.4782793489578712
+0000.0216972146251059,+0000.0403901622547299,+0000.2337611553692221,+0000.2162590186868261,+0000.4878924490641157
+0000.0193538142011039,+0000.0389310529362041,+0000.2239569757873565,+0000.2203592526015048,+0000.4973989044738306
+0000.0171896296622864,+0000.0374597650319337,+0000.2141488098554208,+0000.2244136163239294,+0000.5067881791264297
+0000.0151973201043819,+0000.0359793868073341,+0000.2043557380860904,+0000.2284177650151853,+0000.5160497899870080
+0000.0133694624847739,+0000.0344930177381958,+0000.1945968199006541,+0000.2323673762609588,+0000.5251733236154174
+0000.0116985718384523,+0000.0330037619545136,+0000.1848910565937583,+0000.2362581569230738,+0000.5341484526902018
+0000.0101771214857808,+0000.0315147216875746,+0000.1752573543993968,+0000.2400858499702932,+0000.5429649524569544
+0000.0087975631896584,+0000.0300289907337415,+0000.1657144877308372,+0000.2438462412753608,+0000.5516127170704019
+0000.0075523472195901,+0000.0285496479481820,+0000.1562810626653855,+0000.2475351663658558,+0000.5600817758009865
+0000.0064339422806917,+0000.0270797507817940,+0000.1469754807459676,+0000.2511485171159647,+0000.5683623090755818
+0000.0054348552658867,+0000.0256223288746033,+0000.1378159031702940,+0000.2546822483665257,+0000.5764446643226903
+0000.0045476507899721,+0000.0241803777185949,+0000.1288202154378568,+0000.2581323844608417,+0000.5843193715927343
+0000.0037649704646145,+0000.0227568524027195,+0000.1200059925226958,+0000.2614950256843844,+0000.5919771589255857
+0000.0030795518742266,+0000.0213546614530665,+0000.1113904646417928,+0000.2647663545955718,+0000.5994089674353422
+0000.0024842472130295,+0000.0199766607805181,+0000.1029904836852249,+0000.2679426422360301,+0000.6066059660851971
+0000.0019720415444254,+0000.0186256477480628,+0000.0948224903729794,+0000.2710202542088986,+0000.6135595661256334
+0000.0015360706447890,+0000.0173043553700552,+0000.0869024822042865,+0000.2739956566131011,+0000.6202614351677682
+0000.0011696383944739,+0000.0160154466549891,+0000.0792459822613938,+0000.2768654218227066,+0000.6267035108664364
+0000.0008662336798592,+0000.0147615091031362,+0000.0718680089281514,+0000.2796262341007177,+0000.6328780141881354
+0000.0006195467714057,+0000.0135450493704224,+0000.0647830465841441,+0000.2822748950361361,+0000.6387774622378918
+0000.0004234851436648,+0000.0123684881091478,+0000.0580050173310067,+0000.2848083287943388,+0000.6443946806218418
+0000.0002721887044132,+0000.0112341549958895,+0000.0515472538056681,+0000.2872235871710668,+0000.6497228153229621
+0000.0001600444013799,+0000.0101442839567974,+0000.0454224731351227,+0000.2895178544399963,+0000.6547553440667034
+0000.0000817001762641,+0000.0091010085998198,+0000.0396427520829879,+0000.2916884519850191,+0000.6594860871559091
+0000.0000320782371424,+0000.0081063578628798,+0000.0342195034361282,+0000.2937328427086563,+0000.6639092177551932
+0000.0000063876218102,+0000.0071622518870190,+0000.0291634536786923,+0000.2956486352078899,+0000.6680192716045883
+0000.0000001360260433,+0000.0062704981226383,+0000.0244846219967224,+0000.2974335877097659,+0000.6718111561448298
+0000.0000091408723220,+0000.0054327876765376,+0000.0201923006541432,+0000.2990856117594903,+0000.6752801590375067
+0000.0000295395961369,+0000.0046506919072837,+0000.0162950367795158,+0000.3006027756537445,+0000.6784219560633192
+0000.0000577991286153,+0000.0039256592755760,+0000.0128006155987680,+0000.3019833076129588,+0000.6812326183840820
+0000.0000907245558836,+0000.0032590124558054,+0000.0097160451465603,+0000.3032255986866754,+0000.6837086191550752
+0000.0001254669372829,+0000.0026519457147376,+0000.0070475424870118,+0000.3043282053862984,+0000.6858468394746690
+0000.0001595302662994,+0000.0021055225623796,+0000.0048005214703473,+0000.3052898520404934,+0000.6876445736604800
+0000.0001907775598508,+0000.0016206736796881,+0000.0029795820496522,+0000.3061094328687909,+0000.6890995338420177
+0000.0002174360633677,+0000.0011981951272098,+0000.0015885011788179,+0000.3067860137695165,+0000.6902098538610876
+0000.0002381015609396,+0000.0008387468381780,+0000.0006302253096647,+0000.3073188338187200,+0000.6909740924724976
+0000.0002517417816499,+0000.0005428513989282,+0000.0001068645028956,+0000.3077073064774005,+0000.6913912358391259
+0000.0002576988950853,+0000.0003108931189992,+0000.0000196881646683,+0000.3079510205047620,+0000.6914606993164851
+0000.0002556910908915,+0000.0001431173926770,+0000.0003691224172351,+0000.3080497405758876,+0000.6911823285233086
+0000.0002458132391374,+0000.0000396303530960,+0000.0011547491088930,+0000.3080034076027723,+0000.6905563996961013
+0000.0002285366301489,+0000.0000003988194735,+0000.0023753064653857,+0000.3078121387581554,+0000.6895836193268363
+0000.0002047077943738,+0000.0000252505374359,+0000.0040286913815954,+0000.3074762272022619,+0000.6882651230843326
+0000.0001755464047424,+0000.0001138747117840,+0000.0061119633491083,+0000.3069961415130898,+0000.6866024740212752
+0000.0001426422658751,+0000.0002658228304752,+0000.0086213500123634,+0000.3063725248213373,+0000.6845976600699488
+0000.0001079513963867,+0000.0004805097779919,+0000.0115522543423729,+0000.3056061936518598,+0000.6822530908313884
+0000.0000737912124030,+0000.0007572152356644,+0000.0148992634141816,+0000.3046981364739423,+0000.6795715936638087
+0000.0000428348222591,+0000.0010950853659891,+0000.0186561587714014,+0000.3036495119631345,+0000.6765564090772159
+0000.0000181044442013,+0000.0014931347773225,+0000.0228159283571711,+0000.3024616469782539,+0000.6732111854430511
+0000.0000029639607126,+0000.0019502487648044,+0000.0273707799885299,+0000.3011360342574859,+0000.6695399730284671
+0000.0000011106248771,+0000.0024651858228589,+0000.0323121563484699,+0000.2996743298379121,+0000.6655472173658818
+0000.0000165659359568,+0000.0030365804239388,+0000.0376307514657257,+0000.2980783502037301,+0000.6612377519706486
+0000.0000536657030685,+0000.0036629460577210,+0000.0433165286505320,+0000.2963500691686595,+0000.6566167904200191
+0000.0001170493175420,+0000.0043426785245013,+0000.0493587398519777,+0000.2944916144983660,+0000.6516899178076129
+0000.0002116482561774,+0000.0050740594758235,+0000.0557459463982378,+0000.2925052642797684,+0000.6464630815899925
+0000.0003426738392201,+0000.0058552601950494,+0000.0624660410799268,+0000.2903934430440843,+0000.6409425818417190
+0000.0005156042684266,+0000.0066843456100318,+0000.0695062715334911,+0000.2881587176510961,+0000.6351350609369545
+0000.0007361709720970,+0000.0075592785295853,+0000.0768532648789979,+0000.2858037929425629,+0000.6290474926767569
+0000.0010103442853797,+0000.0084779240949090,+0000.0844930535639373,+0000.2833315071733544,+0000.6226871708824194
+0000.0013443184955759,+0000.0094380544368499,+0000.0924111023632680,+0000.2807448272288430,+0000.6160616974754632
+0000.0017444962834833,+0000.0104373535293482,+0000.1005923364827601,+0000.2780468436378486,+0000.6091789700665596
+0000.0022174725930702,+0000.0114734222289752,+0000.1090211707104477,+0000.2752407653908786,+0000.6020471690766279
+0000.0027700179630285,+0000.0125437834902495,+0000.1176815395600588,+0000.2723299145733574,+0000.5946747444133058
+0000.0034090613548531,+0000.0136458877459232,+0000.1265569283472921,+0000.2693177208242559,+0000.5870704017276756
+0000.0041416725131411,+0000.0147771184410915,+0000.1356304051378836,+0000.2662077156308617,+0000.5792430882770222
+0000.0049750438948834,+0000.0159347977097886,+0000.1448846535059636,+0000.2630035264703794,+0000.5712019784189847
+0000.0059164722053838,+0000.0171161921823198,+0000.1543020060384170,+0000.2597088708096749,+0000.5629564587642044
+0000.0069733395792529,+0000.0183185189113064,+0000.1638644785194218,+0000.2563275499747640,+0000.5545161130152544
+0000.0081530944458255,+0000.0195389514043058,+0000.1735538047293609,+0000.2528634429014980,+0000.5458907065190096
+0000.0094632321189398,+0000.0207746257505232,+0000.1833514717898000,+0000.2493204997794712,+0000.5370901705612658
+0000.0109112751515934,+0000.0220226468289291,+0000.1932387559851010,+0000.2457027356014212,+0000.5281245864329551
+0000.0125047534966937,+0000.0232800945850694,+0000.2031967589917175,+0000.2420142236301085,+0000.5190041692964108
+0000.0142511845154324,+0000.0245440303635724,+0000.2132064444440442,+0000.2382590887952223,+0000.5097392518817285
+0000.0161580528751251,+0000.0258115032832287,+0000.2232486747650259,+0000.2344415010330357,+0000.5003402680435844
+0000.0182327903788818,+0000.0270795566416086,+0000.2333042481905952,+0000.2305656685810818,+0000.4908177362078326
+0000.0204827557694686,+0000.0283452343359190,+0000.2433539359152875,+0000.2266358312407440,+0000.4811822427385808
+0000.0229152145497670,+0000.0296055872867713,+0000.2533785192860743,+0000.2226562536207166,+0000.4714444252566709
+0000.0255373188626759,+0000.0308576798518016,+0000.2633588269730979,+0000.2186312183735156,+0000.4616149559389090
+0000.0283560874725991,+0000.0320985962156105,+0000.2732757720433229,+0000.2145650194385411,+0000.4517045248299262
+0000.0313783858912885,+0000.0333254467430712,+0000.2831103888663835,+0000.2104619553036756,+0000.4417238231955813
+0000.0346109066897690,+0000.0345353742826539,+0000.2928438697790935,+0000.2063263222987409,+0000.4316835269497428
+0000.0380601500385220,+0000.0357255604068581,+0000.3024576014384394,+0000.2021624079329131,+0000.4215942801832674
+0000.0417324045172468,+0000.0368932315767723,+0000.3119332007916528,+0000.1979744842887591,+0000.4114666788255689
+0000.0456337282349819,+0000.0380356652179448,+0000.3212525505928009,+0000.1937668014854220,+0000.4013112544688505
+0000.0497699303013028,+0000.0391501956950416,+0000.3303978343975992,+0000.1895435812228073,+0000.3911384583832491
+0000.0541465526882306,+0000.0402342201728443,+0000.3393515709677740,+0000.1853090104189510,+0000.3809586457522002
+0000.0587688525216757,+0000.0412852043513569,+0000.3480966480175371,+0000.1810672349525831,+0000.3707820601568475
+0000.0636417848410431,+0000.0423006880632005,+0000.3566163552372740,+0000.1768223535220753,+0000.3606188183364070
+0000.0687699858642069,+0000.0432782907215604,+0000.3648944165297047,+0000.1725784116323327,+0000.3504788952521956
+0000.0741577567940156,+0000.0442157166072758,+0000.3729150213953811,+0000.1683393957209033,+0000.3403721094824243
+0000.0798090482021798,+0000.0451107599841731,+0000.3806628554071502,+0000.1641092274336217,+0000.3303081089728752
+0000.0857274450246386,+0000.0459613100318278,+0000.3881231297139187,+0000.1598917580605332,+0000.3202963571690818
+0000.0919161522012507,+0000.0467653555853938,+0000.3952816095159775,+0000.1556907631424036,+0000.3103461195549746
+0000.0983779809922377,+0000.0475209896726789,+0000.4021246414571428,+0000.1515099372571391,+0000.3004664506208015
+0000.1051153360017491,+0000.0482264138388071,+0000.4086391798801521,+0000.1473528889958026,+0000.2906661812834893
+0000.1121302029374695,+0000.0488799422493297,+0000.4148128118939706,+0000.1432231361374103,+0000.2809539067818199
+0000.1194241371346974,+0000.0494800055632207,+0000.4206337812048901,+0000.1391241010306688,+0000.2713379750665229
+0000.1269982528709767,+0000.0500251545674325,+0000.4260910106648618,+0000.1350591061911098,+0000.2618264757056194
+0000.1348532134957006,+0000.0505140635652596,+0000.4311741234930301,+0000.1310313701215482,+0000.2524272293244615
+0000.1429892223988974,+0000.0509455335113720,+0000.4358734631299742,+0000.1270440033625758,+0000.2431477775971805
+0000.1514060148396499,+0000.0513184948866430,+0000.4401801116853987,+0000.1231000047805888,+0000.2339953738077197
+0000.1601028506550779,+0000.0516320103066369,+0000.4440859069442167,+0000.1192022580991386,+0000.2249769739949301
+0000.1690785078677558,+0000.0518852768580351,+0000.4475834578978262,+0000.1153535286796559,+0000.2160992286967273
+0000.1783312772076174,+0000.0520776281578696,+0000.4506661587704152,+0000.1115564605570287,+0000.2073684753070693
+0000.1878589575638489,+0000.0522085361309818,+0000.4533282015136448,+0000.1078135737345232,+0000.1987907310570013
+0000.1976588523792868,+0000.0522776125016813,+0000.4555645867454062,+0000.1041272617425014,+0000.1903716866311243
+0000.2077277669978955,+0000.0522846099961813,+0000.4573711331115569,+0000.1004997894648310,+0000.1821167004295355
+0000.2180620069753728,+0000.0522294232529328,+0000.4587444850530054,+0000.0969332912358921,+0000.1740307934827970
+0000.2286573773597685,+0000.0521120894385917,+0000.4596821189631571,+0000.0934297692109991,+0000.1661186450274836
+0000.2395091829469907,+0000.0519327885679465,+0000.4601823477240790,+0000.0899910920125092,+0000.1583845887484747
+0000.2506122295156316,+0000.0516918435267486,+0000.4602443236130084,+0000.0866189936528104,+0000.1508326096918012
+0000.2619608260421936,+0000.0513897197968846,+0000.4598680395739240,+0000.0833150727354501,+0000.1434663418515479
+0000.2735487878958107,+0000.0510270248841197,+0000.4590543288520348,+0000.0800807919348735,+0000.1362890664331614
+0000.2853694410111634,+0000.0506045074490648,+0000.4578048629923927,+0000.0769174777543911,+0000.1293037107929882
+0000.2974156270348606,+0000.0501230561426933,+0000.4561221482069112,+0000.0738263205618586,+0000.1225128480536767
+0000.3096797094384842,+0000.0495836981483513,+0000.4540095201174513,+0000.0708083749019794,+0000.1159186973937341
+0000.3221535805917707,+0000.0489875974327670,+0000.4514711368854152,+0000.0678645600829697,+0000.1095231250070776
+0000.3348286697840804,+0000.0483360527091637,+0000.4485119707420742,+0000.0649956610358033,+0000.1033276457288783
+0000.3476959521838673,+0000.0476304951161495,+0000.4451377979363276,+0000.0622023294426850,+0000.0973334253209707
+0000.3607459587218358,+0000.0468724856166808,+0000.4413551871200238,+0000.0594850851314625,+0000.0915412834099974
+0000.3739687868815391,+0000.0460637121219284,+0000.4371714861942855,+0000.0568443177322074,+0000.0859516970700396
+0000.3873541123817438,+0000.0452059863453933,+0000.4325948076424623,+0000.0542802885910552,+0000.0805648050393455
+0000.4008912017294247,+0000.0443012403933120,+0000.4276340123794334,+0000.0517931329367400,+0000.0753804125610902
+0000.4145689256242174,+0000.0433515230977632,+0000.4222986921487401,+0000.0493828622939260,+0000.0703979968353536
+0000.4283757731910852,+0000.0423589960994616,+0000.4165991505026443,+0000.0470493671375512,+0000.0656167130692579
+0000.4422998670163673,+0000.0413259296878807,+0000.4105463824029237,+0000.0447924197816967,+0000.0610354011111318
+0000.4563289789626274,+0000.0402546984066004,+0000.4041520524822776,+0000.0426116774958490,+0000.0566525926526457
+0000.4704505467343044,+0000.0391477764324183,+0000.3974284720094738,+0000.0405066858412640,+0000.0524665189825397
+0000.4846516911646001,+0000.0380077327372445,+0000.3903885746040378,+0000.0384768822196744,+0000.0484751192744434
+0000.4989192341945727,+0000.0368372260421282,+0000.3830458907477440,+0000.0365215996258202,+0000.0446760493897351
+0000.5132397175120325,+0000.0356389995732635,+0000.3754145211434686,+0000.0346400705952870,+0000.0410666911759484
+0000.5275994218164946,+0000.0344158756303023,+0000.3675091089742569,+0000.0328314313386504,+0000.0376441622402961
+0000.5419843866771729,+0000.0331707499775335,+0000.3593448111165204,+0000.0310947260522669,+0000.0344053261765066
+0000.5563804309477843,+0000.0319065860689614,+0000.3509372683643972,+0000.0294289113960762,+0000.0313468032227812
+0000.5707731737008006,+0000.0306264091187139,+0000.3423025747242607,+0000.0278328611283506,+0000.0284649813278742
+0000.5851480556447295,+0000.0293333000283689,+0000.3334572458390094,+0000.0263053708867783,+0000.0257560276011142
+0000.5994903609849977,+0000.0280303891832394,+0000.3244181866045835,+0000.0248451631052585,+0000.0232159001219210
+0000.6137852396880686,+0000.0267208501299093,+0000.3152026580428716,+0000.0234508920555439,+0000.0208403600836067
+0000.6280177301096473,+0000.0254078931474851,+0000.3058282434951944,+0000.0221211490022623,+0000.0186249842454109
+0000.6421727819449895,+0000.0240947587253337,+0000.2963128142032446,+0000.0208544674600076,+0000.0165651776664250
+0000.6562352794586832,+0000.0227847109603268,+0000.2866744943455346,+0000.0196493285409032,+0000.0146561866945524
+0000.6701900649526610,+0000.0214810308866176,+0000.2769316255971293,+0000.0185041663806689,+0000.0128931121829234
+0000.6840219624285995,+0000.0201870097513119,+0000.2671027312826987,+0000.0174173736312788,+0000.0112709229061114
+0000.6977158014010162,+0000.0189059422494417,+0000.2572064801933830,+0000.0163873070081521,+0000.0097844691480071
+0000.7112564408169765,+0000.0176411197317867,+0000.2472616501386204,+0000.0154122928796595,+0000.0084284964329572
+0000.7246287930400178,+0000.0163958233989857,+0000.2372870913031199,+0000.0144906328865046,+0000.0071976593713725
+0000.7378178478512941,+0000.0151733174957862,+0000.2273016894827787,+0000.0136206095788984,+0000.0060865355912429
+0000.7508086964248191,+0000.0139768425189835,+0000.2173243292706815,+0000.0128004920590236,+0000.0050896397264926
+0000.7635865552335346,+0000.0128096084525930,+0000.2073738572644050,+0000.0120285416163376,+0000.0042014374331299
+0000.7761367898393705,+0000.0116747880440850,+0000.1974690453685852,+0000.0113030173435523,+0000.0034163594044072
+0000.7884449385243008,+0000.0105755101351023,+0000.1876285542637321,+0000.0106221817209268,+0000.0027288153559381
+0000.8004967357195950,+0000.0095148530600564,+0000.1778708971118720,+0000.0099843061565218,+0000.0021332079519551
+0000.8122781351871688,+0000.0084958381261333,+0000.1682144035720098,+0000.0093876764704875,+0000.0016239466442007
+0000.8237753329114583,+0000.0075214231877755,+0000.1586771841945502,+0000.0088305983112601,+0000.0011954613949559
+0000.8349747896588512,+0000.0065944963286983,+0000.1492770952645049,+0000.0083114024918213,+0000.0008422162561245
+0000.8458632531623890,+0000.0057178696642961,+0000.1400317041623643,+0000.0078284502343299,+0000.0005587227766208
+0000.8564277798896753,+0000.0048942732770965,+0000.1309582553108535,+0000.0073801383116793,+0000.0003395532106955
+0000.8666557563542939,+0000.0041263492975560,+0000.1220736367732571,+0000.0069649040746349,+0000.0001793535002587
+0000.8765349199302701,+0000.0034166461423536,+0000.1133943475690307,+0000.0065812303535321,+0000.0000728560048136
+0000.8860533791300936,+0000.0027676129220147,+0000.1049364657709471,+0000.0062276502238028,+0000.0000148919531420
+0000.8951996333092153,+0000.0021815940292911,+0000.0967156174452282,+0000.0059027516247789,+0000.0000004035914867
+0000.9039625917595240,+0000.0016608239194912,+0000.0887469464957186,+0000.0056051818216116,+0000.0000244560036552
+0000.9123315921555407,+0000.0012074220935647,+0000.0810450854712750,+0000.0053336517004617,+0000.0000822485791579
+0000.9202964183194834,+0000.0008233882942882,+0000.0736241273925351,+0000.0050869398874385,+0000.0001691261062548
+0000.9278473172713176,+0000.0005105979255891,+0000.0664975986533866,+0000.0048638966821228,+0000.0002805894675842
+0000.9349750155316191,+0000.0002707977045702,+0000.0596784330499806,+0000.0046634477969450,+0000.0004123059168856
+0000.9416707346464872,+0000.0001056015553546,+0000.0531789469878877,+0000.0044845978940567,+0000.0005601189162140
+0000.9479262059061445,+0000.0000164867533873,+0000.0470108159147564,+0000.0043264339117249,+0000.0007200575139872
+0000.9537336842281010,+0000.0000047903284141,+0000.0411850520255613,+0000.0041881281727916,+0000.0008883452451323
+0000.9590859611794421,+0000.0000717057337781,+0000.0357119832830085,+0000.0040689412681371,+0000.0010614085356345
+0000.9639763771141131,+0000.0002182797892125,+0000.0306012337933059,+0000.0039682247085411,+0000.0012358845948275
+0000.9683988324011905,+0000.0004454099037659,+0000.0258617055763726,+0000.0038854233388777,+0000.0014086287797937
+0000.9723477977235701,+0000.0007538415849339,+0000.0215015617651109,+0000.0038200775090086,+0000.0015767214173767
+0000.9758183234278806,+0000.0011441662395708,+0000.0175282112658142,+0000.0037718249962833,+0000.0017374740704513
+0000.9788060479071319,+0000.0016168192715107,+0000.0139482949101235,+0000.0037404026750530,+0000.0018884352361814
+0000.9813072050007300,+0000.0021720784802910,+0000.0107676731246103,+0000.0037256479291325,+0000.0020273954652366
+0000.9833186303979754,+0000.0028100627648482,+0000.0079914151413530,+0000.0037274998036901,+0000.0021523918921334
+0000.9848377670323651,+0000.0035307311353100,+0000.0056237897707369,+0000.0037459998935632,+0000.0022617121680251
+0000.9858626694568048,+0000.0043338820355166,+0000.0036682577535484,+0000.0037812929655672,+0000.0023538977885630
+0000.9863920071914384,+0000.0052191529783617,+0000.0021274657066164,+0000.0038336273129062,+0000.0024277468106774
+0000.9864250670373792,+0000.0061860204952096,+0000.0010032416736819,+0000.0039033548403629,+0000.0024823159533667
+0000.9859617543521784,+0000.0072338004002115,+0000.0002965922892588,+0000.0039909308794798,+0000.0025169220788720
+0000.9850025932843923,+0000.0083616483697877,+0000.0000077015603834,+0000.0040969137335452,+0000.0025311430518915
+0000.9835487259667021,+0000.0095685608366369,+0000.0001359312681787,+0000.0042219639527309,+0000.0025248179757514
+0000.9816019106691315,+0000.0108533761972646,+0000.0006798229875629,+0000.0043668433402972,+0000.0024980468057440
+0000.9791645189155209,+0000.0122147763314649,+0000.0016371017205573,+0000.0045324136913506,+0000.0024511893411065
+0000.9762395315688098,+0000.0136512884312173,+0000.0030046811353335,+0000.0047196352662134,+0000.0023848635984260
+0000.9728305338923453,+0000.0151612871362254,+0000.0047786703999858,+0000.0049295650009709,+0000.0022999435704730
+0000.9689417095963495,+0000.0167429969725636,+0000.0069543825969578,+0000.0051633544583647,+0000.0021975563757647
+0000.9645778338806601,+0000.0183944950902929,+0000.0095263447008930,+0000.0054222475227472,+0000.0020790788054071
+0000.9597442654868754,+0000.0201137142953015,+0000.0124883090995566,+0000.0057075778432918,+0000.0019461332749752
+0000.9544469377748782,+0000.0218984463700402,+0000.0158332666343933,+0000.0060207660302432,+0000.0018005831904455
+0000.9486923488397960,+0000.0237463456775097,+0000.0195534611348210,+0000.0063633166095215,+0000.0016445277383517
+0000.9424875506887934,+0000.0256549330417411,+0000.0236404054164475,+0000.0067368147414440,+0000.0014802961115742
+0000.9358401374976605,+0000.0276215998979347,+0000.0280848987112651,+0000.0071429227098632,+0000.0013104411832765
+0000.9287582329685152,+0000.0296436127049283,+0000.0328770454953430,+0000.0075833761885673,+0000.0011377326426464
+0000.9212504768134363,+0000.0317181176115991,+0000.0380062756755779,+0000.0080599802921462,+0000.0009651496072408
+0000.9133260103889099,+0000.0338421453688154,+0000.0434613660954449,+0000.0085746054190686,+0000.0007958727277612
+0000.9049944615072280,+0000.0360126164781074,+0000.0492304633173604,+0000.0091291828951807,+0000.0006332758021236
+0000.8962659284546171,+0000.0382263465671459,+0000.0553011076352710,+0000.0097257004262024,+0000.0004809169167636
+0000.8871509632455146,+0000.0404800519822538,+0000.0616602582700092,+0000.0103661973682162,+0000.0003425291340063
+0000.8776605541434352,+0000.0427703555877566,+0000.0682943196978743,+0000.0110527598256444,+0000.0002220107452900
+0000.8678061074827174,+0000.0450937927609251,+0000.0751891690589339,+0000.0117875155864514,+0000.0001234151109724
+0000.8575994288245331,+0000.0474468175715027,+0000.0823301845910273,+0000.0125726289047080,+0000.0000509401082290
+0000.8470527034813871,+0000.0498258091344408,+0000.0897022750336610,+0000.0134102951411154,+0000.0000089172093959
+0000.8361784764483472,+0000.0522270781234570,+0000.0972899099421167,+0000.0143027352721907,+0000.0000018002138887
+0000.8249896317777045,+0000.0546468734333517,+0000.1050771508521675,+0000.0152521902792689,+0000.0000341536575077
+0000.8134993714345522,+0000.0570813889787400,+0000.1130476832342988,+0000.0162609154287751,+0000.0001106409236342
+0000.8017211936747937,+0000.0595267706158574,+0000.1211848491726153,+0000.0173311744552965,+0000.0002360120814376
+0000.7896688709846115,+0000.0619791231746334,+0000.1294716807045803,+0000.0184652336594046,+0000.0004150914767704
+0000.7773564276226775,+0000.0644345175876505,+0000.1378909337554100,+0000.0196653559323009,+0000.0006527651019611
+0000.7647981168070742,+0000.0668889981024065,+0000.1464251225998047,+0000.0209337947195374,+0000.0009539677711774
+0000.7520083975900410,+0000.0693385895629871,+0000.1550565547823277,+0000.0222727879362337,+0000.0013236701284106
+0000.7390019114625193,+0000.0717793047475274,+0000.1637673664280365,+0000.0236845518463689,+0000.0017668655155486
+0000.7257934587325101,+0000.0742071517473122,+0000.1725395578730962,+0000.0251712749188143,+0000.0022885567282673
+0000.7123979747217499,+0000.0766181413732623,+0000.1813550295444691,+0000.0267351116728404,+0000.0028937426876787
+0000.6988305058237306,+0000.0790082945758921,+0000.1901956180184644,+0000.0283781765259439,+0000.0035874050559690
+0000.6851061854680239,+0000.0813736498643658,+0000.1990431321864523,+0000.0301025376568532,+0000.0043744948243048
+0000.6712402100360629,+0000.0837102707102905,+0000.2078793894558147,+0000.0319102108964875,+0000.0052599189013444
+0000.6572478147717137,+0000.0860142529222444,+0000.2166862519153793,+0000.0338031536598450,+0000.0062485267308178
+0000.6431442497317595,+0000.0882817319767403,+0000.2254456623934424,+0000.0357832589315335,+0000.0073450969665245
+0000.6289447558213164,+0000.0905088902913600,+0000.2341396803367491,+0000.0378523493176365,+0000.0085543242329380
+0000.6146645409570655,+0000.0926919644262617,+0000.2427505174403553,+0000.0400121711766854,+0000.0098808059996325
+0000.6003187564028618,+0000.0948272522000226,+0000.2512605729575441,+0000.0422643888421733,+0000.0113290295973986
+0000.5859224733213410,+0000.0969111197060375,+0000.2596524686199959,+0000.0446105789489551,+0000.0129033594036707
+0000.5714906595847079,+0000.0989400082158097,+0000.2679090830991964,+0000.0470522248757727,+0000.0146080242245136
+0000.5570381568853429,+0000.1009104409560939,+0000.2760135859420811,+0000.0495907113160965,+0000.0164471049003859
+0000.5425796581907155,+0000.1028190297462793,+0000.2839494709124065,+0000.0522273189887348,+0000.0184245221618640
+0000.5281296855823352,+0000.1046624814832876,+0000.2917005886729154,+0000.0549632195000060,+0000.0205440247614559
+0000.5137025685177319,+0000.1064376044616136,+0000.2992511787444775,+0000.0577994703688955,+0000.0228091779072817
+0000.4993124225575568,+0000.1081413145157454,+0000.3065859006777611,+0000.0607370102258331,+0000.0252233520231039
+0000.4849731285944123,+0000.1097706409732491,+0000.3136898643770189,+0000.0637766541960811,+0000.0277897118592390
+0000.4706983126210521,+0000.1113227324068392,+0000.3205486595160977,+0000.0669190894780764,+0000.0305112059779347
+0000.4565013260744356,+0000.1127948621741680,+0000.3271483839886252,+0000.0701648711266929,+0000.0333905566360784
+0000.4423952267914896,+0000.1141844337343387,+0000.3334756713360662,+0000.0735144180509804,+0000.0364302500871255
+0000.4283927606091996,+0000.1154889857308738,+0000.3395177171002667,+0000.0769680092358712,+0000.0396325273237889
+0000.4145063436423099,+0000.1167061968310407,+0000.3452623040482996,+0000.0805257801965754,+0000.0429993752817745
+0000.4007480452705226,+0000.1178338903119296,+0000.3506978262197492,+0000.0841877196739145,+0000.0465325185238842
+0000.3871295718637162,+0000.1188700383842744,+0000.3558133117497688,+0000.0879536665789599,+0000.0502334114232806
+0000.3736622512742303,+0000.1198127662454559,+0000.3605984444226863,+0000.0918233071942136,+0000.0541032308634140
+0000.3603570181236223,+0000.1206603558535191,+0000.3650435839136784,+0000.0957961726382650,+0000.0581428694709154
+0000.3472243999078718,+0000.1214112494147269,+0000.3691397846792941,+0000.0998716366008608,+0000.0623529293972466
+0000.3342745039453010,+0000.1220640525776840,+0000.3728788134594406,+0000.1040489133541327,+0000.0667337166634417
+0000.3215170051897071,+0000.1226175373274848,+0000.3762531653564534,+0000.1083270560454177,+0000.0712852360809372
+0000.3089611349277019,+0000.1230706445741090,+0000.3792560784601418,+0000.1127049552769978,+0000.0760071867610497
+0000.2966156703793444,+0000.1234224864297245,+0000.3818815469899934,+0000.1171813379770354,+0000.0808989582239024
+0000.2844889252192761,+0000.1236723481701861,+0000.3841243329287941,+0000.1217547665653951,+0000.0859596271163488
+0000.2725887410320514,+0000.1238196898767069,+0000.3859799761252523,+0000.1264236384180470,+0000.0911879545479425
+0000.2609224797152333,+0000.1238641477540887,+0000.3874448028458892,+0000.1311861856327670,+0000.0965823840520219
+0000.2494970168419219,+0000.1238055351227498,+0000.3885159327595100,+0000.1360404750979586,+0000.1021410401778598
+0000.2383187359908326,+0000.1236438430822846,+0000.3891912843409979,+0000.1409844088666960,+0000.1078617277191891
+0000.2273935240518032,+0000.1233792408448394,+0000.3894695786840292,+0000.1460157248369267,+0000.1137419315824016
+0000.2167267675126887,+0000.1230120757374418,+0000.3893503417154648,+0000.1511319977378773,+0000.1197788172965278
+0000.2063233497296915,+0000.1225428728728752,+0000.3888339048074700,+0000.1563306404232029,+0000.1259692321667604
+0000.1961876491843203,+0000.1219723344893068,+0000.3879214037865608,+0000.1616089054695375,+0000.1323097070702745
+0000.1863235387252078,+0000.1213013389597090,+0000.3866147763417914,+0000.1669638870795549,+0000.1387964588937369
+0000.1767343857930111,+0000.1205309394725238,+0000.3849167578376118,+0000.1723925232875363,+0000.1454253936093170
+0000.1674230536245541,+0000.1196623623857837,+0000.3828308755401504,+0000.1778915984647145,+0000.1521921099847973
+0000.1583919034291203,+0000.1186970052574632,+0000.3803614412685621,+0000.1834577461217816,+0000.1590919039230730
+0000.1496427975292987,+0000.1176364345555033,+0000.3775135424863533,+0000.1890874520046925,+0000.1661197734241522
+0000.1411771034568367,+0000.1164823830516034,+0000.3742930318508536,+0000.1947770574792730,+0000.1732704241614333
+0000.1329956989905265,+0000.1152367469032361,+0000.3707065152415556,+0000.2005227632006670,+0000.1805382756640147
+0000.1250989781238062,+0000.1139015824293851,+0000.3667613382917359,+0000.2063206330613147,+0000.1879174680937583
+0000.1174868579454819,+0000.1124791025856703,+0000.3624655714499898,+0000.2121665984123638,+0000.1954018696064944
+0000.1101587864167670,+0000.1109716731452328,+0000.3578279936017808,+0000.2180564625519524,+0000.2029850842842670
+0000.1031137510259702,+0000.1093818085925553,+0000.3528580742838922,+0000.2239859054730042,+0000.2106604606245780
+0000.0963502882994192,+0000.1077121677375753,+0000.3475659545269485,+0000.2299504888637035,+0000.2184211005723534
+0000.0898664941466305,+0000.1059655490581311,+0000.3419624263644797,+0000.2359456613525796,+0000.2262598690781791
+0000.0836600350160370,+0000.1041448857795447,+0000.3360589110495845,+0000.2419667639893407,+0000.2341694041654931
+0000.0777281598350986,+0000.1022532407002181,+0000.3298674360221892,+0000.2480090359532323,+0000.2421421274892619
+0000.0720677127080802,+0000.1002938007728944,+0000.3234006106730159,+0000.2540676204793277,+0000.2501702553666817
+0000.0666751463432214,+0000.0982698714517343,+0000.3166716009528589,+0000.2601375709927255,+0000.2582458102594598
+0000.0615465361788375,+0000.0961848708155837,+0000.3096941028771229,+0000.2662138574409812,+0000.2663606326874748
+0000.0566775951773962,+0000.0940423234784521,+0000.3024823149786208,+0000.2722913728139385,+0000.2745063935515925
+0000.0520636892552571,+0000.0918458542985534,+0000.2950509097639297,+0000.2783649398398630,+0000.2826746068423965
+0000.0476998533137055,+0000.0895991818975658,+0000.2874150042290290,+0000.2844293178471029,+0000.2908566427125966
+0000.0435808078371329,+0000.0873061120024272,+0000.2795901294940624,+0000.2904792097788723,+0000.2990437408875052
+0000.0397009760217848,+0000.0849705306218149,+0000.2715921996166983,+0000.2965092693500369,+0000.3072270243896651
+0000.0360545013983883,+0000.0825963970703086,+0000.2634374796463489,+0000.3025141083331728,+0000.3153975135517817
+0000.0326352659109151,+0000.0801877368533340,+0000.2551425529832066,+0000.3084883039612356,+0000.3235461402913086
+0000.0294369084123794,+0000.0777486344259692,+0000.2467242881062631,+0000.3144264064347075,+0000.3316637626206808
+0000.0264528435383705,+0000.0752832258394239,+0000.2381998047366812,+0000.3203229465197812,+0000.3397411793657429
+0000.0236762809182283,+0000.0727956912890008,+0000.2295864395042427,+0000.3261724432243049,+0000.3477691450642232
+0000.0211002446827501,+0000.0702902475773452,+0000.2209017111842723,+0000.3319694115386362,+0000.3557383850169961
+0000.0187175932272497,+0000.0677711405072468,+0000.2121632855744787,+0000.3377083702276458,+0000.3636396104633791
+0000.0165210391882643,+0000.0652426372184049,+0000.2033889400818887,+0000.3433838496600034,+0000.3714635338514386
+0000.0145031695915097,+0000.0627090184823691,+0000.1945965280893839,+0000.3489903996615232,+0000.3792008841752141
+0000.0126564661287769,+0000.0601745709701530,+0000.1858039431730844,+0000.3545225973786750,+0000.3868424223493108
+0000.0109733255212060,+0000.0576435795073052,+0000.1770290832419608,+0000.3599750551380157,+0000.3943789565915125
+0000.0094460799259990,+0000.0551203193307312,+0000.1682898146701058,+0000.3653424282882807,+0000.4018013577848831
+0000.0080670173439090,+0000.0526090483618801,+0000.1596039364933567,+0000.3706194230111586,+0000.4091005747896955
+0000.0068284019848423,+0000.0501139995110635,+0000.1509891447416783,+0000.3758008040865466,+0000.4162676496758692
+0000.0057224945488663,+0000.0476393730271177,+0000.1424629969773553,+0000.3808814025991127,+0000.4232937328475479
+0000.0047415723803667,+0000.0451893289068557,+0000.1340428771098750,+0000.3858561235723714,+0000.4301700980305310
+0000.0038779494533696,+0000.0427679793788158,+0000.1257459605576661,+0000.3907199535163513,+0000.4368881570937967
+0000.0031239961463010,+0000.0403793814751656,+0000.1175891798251306,+0000.3954679678760176,+0000.4434394746773850
+0000.0024721587651063,+0000.0380275297058647,+0000.1095891905637725,+0000.4000953383669608,+0000.4498157825982955
+0000.0019149787741563,+0000.0357163488489138,+0000.1017623381849322,+0000.4045973401852356,+0000.4560089940067620
+0000.0014451116949797,+0000.0334496868702131,+0000.0941246250902379,+0000.4089693590786062,+0000.4620112172659628
+0000.0010553456336088,+0000.0312313079863142,+0000.0866916785846923,+0000.4132068982666741,+0000.4678147695287107
+0000.0007386193981433,+0000.0290648858830743,+0000.0794787195363136,+0000.4173055851976114,+0000.4734121899848575
+0000.0004880401690181,+0000.0269539971031641,+0000.0725005318448730,+0000.4212611781290886,+0000.4787962527538560
+0000.0002969006853614,+0000.0249021146146149,+0000.0657714327797156,+0000.4250695725221091,+0000.4839599793981991
+0000.0001586959119204,+0000.0229126015725387,+0000.0593052442459979,+0000.4287268072362375,+0000.4888966510333054
+0000.0000671391521036,+0000.0209887052859046,+0000.0531152650366537,+0000.4322290705148570,+0000.4935998200104805
+0000.0000161775738352,+0000.0191335514004677,+0000.0472142441246282,+0000.4355727057501803,+0000.4980633211508887
+0000.0000000071161803,+0000.0173501383088105,+0000.0416143550488336,+0000.4387542170176323,+0000.5022812825085432
+0000.0000130867459806,+0000.0156413317981267,+0000.0363271714449258,+0000.4417702743694409,+0000.5062481356415258
+0000.0000501520350915,+0000.0140098599455340,+0000.0313636437690432,+0000.4446177188784092,+0000.5099586253719219
+0000.0001062280302402,+0000.0124583082705967,+0000.0267340772610784,+0000.4472935674226180,+0000.5134078190154666
+0000.0001766413889833,+0000.0109891151541072,+0000.0224481111915527,+0000.4497950172025719,+0000.5165911150627850
+0000.0002570317567748,+0000.0096045675316070,+0000.0185146994328724,+0000.4521194499828091,+0000.5195042512959366
+0000.0003433623617256,+0000.0083067968697010,+0000.0149420923939408,+0000.4542644360503760,+0000.5221433123242566
+0000.0004319298052480,+0000.0070977754326662,+0000.0117378203542615,+0000.4562277378831293,+0000.5245047365246948
+0000.0005193730284595,+0000.0059793128462197,+0000.0089086782303305,+0000.4580073135213902,+0000.5265853223735999
+0000.0006026814359063,+0000.0049530529648300,+0000.0064607118049417,+0000.4596013196369424,+0000.5283822341573795
+0000.0006792021599110,+0000.0040204710483644,+0000.0043992054469793,+0000.4610081142939758,+0000.5298930070507696
+0000.0007466464506324,+0000.0031828712532070,+0000.0027286713459335,+0000.4622262593970939,+0000.5311155515531331
+0000.0008030951787135,+0000.0024413844424550,+0000.0014528402828624,+0000.4632545228220863,+0000.5320481572738823
+0000.0008470034392289,+0000.0017969663191753,+0000.0005746539563282,+0000.4640918802257757,+0000.5326894960594917
+0000.0008772042474980,+0000.0012503958860423,+0000.0000962588785419,+0000.4647375165317528,+0000.5330386244561649
+0000.0008929113191930,+0000.0008022742341003,+0000.0000190018541619,+0000.4651908270895024,+0000.5330949855030418
+0000.0008937209290574,+0000.0004530236627698,+0000.0003434270508879,+0000.4654514185048898,+0000.5328584098523949
+0000.0008796128444527,+0000.0002028871325408,+0000.0010692746678146,+0000.4655191091407753,+0000.5323291162144164
+0000.0008509503318449,+0000.0000519280511761,+0000.0021954812044854,+0000.4653939292868590,+0000.5315077111256344
+0000.0008084792362571,+0000.0000000303936664,+0000.0037201813302822,+0000.4650761209986533,+0000.5303951880411408
+0000.0007533261356223,+0000.0000468991554495,+0000.0056407113505995,+0000.4645661376061239,+0000.5289929257522048
+0000.0006869955738624,+0000.0001920611378390,+0000.0079536142634063,+0000.4638646428928352,+0000.5273026861320567
+0000.0006113663784329,+0000.0004348660639538,+0000.0106546463961187,+0000.4629725099474072,+0000.5253266112140870
+0000.0005286870699466,+0000.0007744880227904,+0000.0137387856098963,+0000.4618908196895539,+0000.5230672196078127
